Voltage,Current,Frequency,Power_Factor,Load,Phase_Angle,Stability
237.4507122951685,45.76240317977297,49.66075263475639,0.8779190496877256,10.513763077152987,-17.557321173819496,1
227.92603548243224,45.46585891616146,49.847250268473175,0.8030214891175409,8.506656409016854,-5.4583727451211,1
239.71532807151038,32.04356827369985,49.70130946947743,0.9796546130220254,9.576693825386045,-18.269844588206787,0
252.84544784612038,46.69909808298563,50.05520902347306,0.9054087993657363,13.166347173006194,27.754175242657936,1
226.48769937914997,57.328290818217454,50.59858926573096,0.9699604521604708,14.068759852018017,-20.729891310281797,0
226.4879456457623,37.25767880923205,49.614478921429395,0.8119809402006728,5.676929703811995,24.798282897526576,0
253.68819223261087,60.484826510505926,50.50041024888421,0.8454916220945842,10.857342074822768,-4.291614110605082,1
241.51152093729362,54.87774821084338,49.60916396382655,0.8518759990442362,10.20255139342789,-7.328040506296677,1
222.95788421097572,42.657666780289624,49.576186393751556,0.8773382989277576,12.25155797638546,-16.12081194570907,0
238.13840065378946,48.584703626621526,50.409297309171606,0.9605732744795092,11.677112819830466,8.145380062051146,1
223.04873460781306,65.98321807641034,50.46096818900381,0.8773115747462985,17.16469332978898,11.131680900650181,1
223.01405369644615,57.33547813505866,50.425704968381325,0.8409307059292654,10.512262509053757,-1.9457422648549532,0
233.6294340734905,50.08783654898148,49.34210129589093,0.8129980520677538,8.996070097637809,-26.657586258394552,1
201.30079633013304,47.623166830390154,49.76702451096398,0.8158983496705375,7.673562875437218,25.110609041312998,0
184.51736924088996,53.06489311205679,48.61424094483241,0.9520094411921955,9.681031350865359,28.81974797258286,0
221.5656870613854,44.88236442057696,50.02077092028195,0.8889605982073266,7.29287075719478,-4.137395087289903,0
214.80753319498365,28.952504942809853,49.46315357690127,0.9452362244000031,5.0,6.819648444559633,1
280.0,48.14252780884368,52.0,0.9364574243527395,16.481337789251572,-2.9820824253751965,1
216.37963886718182,51.553249991994015,49.642596370504265,0.8270724923520516,11.33585597290003,-10.687220946832767,1
208.81544447997064,53.981472651225374,50.89726242419611,0.8285775868384535,14.229826045625263,-25.360872428531543,0
251.98473153382332,49.42092250123091,50.77242073120913,0.9510684030868268,10.97653134408663,-2.635936176162069,1
226.61335549270197,42.64883199275412,50.30204871317778,0.9442536586970834,8.420706995442337,19.103073381567093,1
231.01292307031886,48.140755190512294,50.68050335238489,0.8756061533748621,8.195277029016692,-28.978112334719786,0
208.62877720679813,34.006052378056886,50.03239567506169,0.8154844526665681,8.037024393649048,4.926460990813339,1
221.83425913212227,72.77086498053305,50.38271874718751,0.8024196043396905,14.583491489533147,22.846326523601334,0
231.663838845648,37.654880015776044,50.73886014765104,0.857631389892349,5.7274844890759224,-16.94703419913852,0
212.73509633866547,39.68033716152821,50.12274934089716,0.8018444547174455,5.0,-19.00464811865627,0
235.63547027518507,45.597407956135996,49.87240641424286,0.8460145242207407,10.99491977108923,16.336597542116586,0
220.99041965121793,62.88075724852378,49.14768902091144,0.8839001480422677,13.049108475312053,-14.694814132842403,1
225.62459375310084,50.14508999262654,49.95843323713925,0.8242831530623909,10.842688630056317,-18.480943946361094,0
220.97440081655904,37.63864203969538,50.41171159228116,0.8208555515663093,5.061663441856662,-7.320644965845897,1
257.78417276763406,62.543383607573396,50.472816713783814,0.9792874871437474,12.033303162398099,-6.449879263786922,1
229.797541628931,57.31000626785482,50.2521825328592,0.9170940058045779,10.32792156609906,22.44606378099396,0
214.1343360656615,55.384349572164524,49.72935045251888,0.9868911373525563,13.079757324721719,7.106608316020612,1
242.33817368154783,57.157342411708406,49.01158921552621,0.8691652327571359,16.26127645340982,-5.64231261962464,0
211.68734525043467,73.9436190058245,49.75239245099763,0.9354289874658326,13.783274990225998,2.063277857146012,1
233.13295392507132,71.85094895036113,49.84782756447302,0.8409383349243581,18.63812178263605,27.23791399951645,0
200.60494814180336,43.13284656996704,49.84353551640499,0.9236680634559883,9.651827503337408,-23.207119403406278,1
210.07720926652354,66.23884992811152,50.30927817848896,0.825917146001997,8.70679774212606,-17.537068696518514,0
232.95291853803684,53.831681897589,50.99283820550742,0.8004161278352572,10.465483947913134,27.75172239519332,0
241.07699869993115,54.99095816137749,50.06176460092055,0.9863063602819158,14.803466369066468,27.439490911632248,0
232.57052421784957,33.07729168356671,49.89163410542177,0.9109788752350418,5.0,-19.370074724113643,1
228.26527576417638,48.29614234611804,49.870389093497955,0.9853881325564079,12.15214848530384,-21.293470972482105,0
225.48344456616067,41.87176409663435,50.062192383453855,0.8667663047404144,10.52892073361403,-4.734891939682811,1
207.82217014448858,58.28058814893309,49.5858531198258,0.8655572138323514,11.281363756299331,-27.016902450721854,1
219.20233687407938,60.710805004028046,50.06009927937303,0.8801310003546063,11.589297215592278,9.294211937108408,1
223.0904184356032,29.255136489836886,50.2254061681659,0.9412081967916337,5.796980381913889,-25.35023870029547,1
245.85683339328375,49.7796513599573,50.10484303178725,0.9131617268372348,10.713238048157983,-26.518222374343157,0
235.15427434352694,61.21861504794252,50.22877096700239,0.9850709814198236,11.8289439410837,-0.888783827469048,1
203.554397669559,48.13321037686555,50.216873804674265,0.8050881802264879,6.512986252107643,27.46719816660609,0
234.86125954092194,57.29063645002364,49.114051658876775,0.9416391875945073,11.836897727554929,-4.392243836210426,1
224.22376579375526,53.511654676270844,50.3184350791977,0.8660655378733109,10.618549426346213,-8.611130480366935,0
219.8461699954106,53.41660231952626,49.66449257716877,0.8360467303636923,8.704431282615522,29.87740293013716,0
239.17514433261303,47.286850219317024,49.45208041849802,0.9020791245040198,8.464111382491764,1.9181376467510063,1
245.46499283743927,37.834191958642904,49.4477740860725,0.9010127568359992,9.887219852583414,-7.4855155865850875,1
243.96920178674299,38.784698525749725,50.216770805236266,0.8274022057376857,8.570332619058572,-6.848351199503892,0
239.53097331538848,45.32151492360447,50.880239561063966,0.840379211226578,9.353002085178275,-18.30243023798937,0
225.36181436223177,50.19458255518883,49.159015608007294,0.881632932980311,10.985537718755175,0.7333834468523364,1
234.96895147105346,48.614877553927755,50.23901890759614,0.8817622824784631,9.166043130297089,-3.6686983099196517,1
244.6331769068354,45.76109957677647,49.280195934600584,0.863511627923937,9.792869145655885,-13.752282219155198,1
222.81238643232064,46.94811154519248,50.0699106792591,0.8297090303019963,10.62935962643516,-20.367594803894413,1
227.21511535004274,60.46911794488139,50.11924946283653,0.800874735820196,9.79613433154678,-11.325667879946778,1
213.40497538990957,46.647559181319735,50.44278854084752,0.9940470124856041,7.550737076996123,0.5209996612637582,1
212.05690063878993,36.58935286698431,50.89084239323343,0.9886998459407854,7.3810774241112975,-26.5000036629119,0
242.18788733591296,57.43651775540173,49.31766183704973,0.896730075835227,9.74696992205683,-20.775358284962643,1
250.34360042856235,47.95123336135283,49.97376307196848,0.9990103506550012,11.43750735377105,26.859436018145722,0
228.919848176295,50.31395865532777,49.86183235247789,0.9347308661564486,10.204827825477233,2.57132106188034,1
245.05299346838035,66.0757830639951,50.21687484298048,0.8137715075215084,8.249275692917957,-26.193041780397728,0
235.4245403757145,49.794394426494925,50.10783438546681,0.8235436398165256,10.715526173121225,11.585265526174375,0
220.32320368092314,52.891836731187254,49.82372687863169,0.9832221687739275,11.092402301361382,-26.291827795257916,0
235.42093408262622,38.210765087016746,49.779548905694575,0.9260104404299256,10.693825395767854,14.332453622782374,1
253.07054849698955,47.8033054764904,49.44177457240798,0.9686367253314703,12.149252070844792,14.997763303201609,1
229.46260941335072,56.09526045208601,50.493930791203255,0.9796539299267688,14.081092150306679,9.064738544955162,1
253.4696548372101,34.446262661587575,50.229602090799766,0.8895884022564773,10.147147066103292,13.93227267716098,1
190.70382343865384,52.00845093115709,50.45888409889757,0.8097051903153386,7.76739230935675,-24.722053139216534,0
242.32853756562835,51.00791072644806,49.84480193176224,0.8376560697794644,10.352345893582168,13.60683314131606,1
231.30570602357255,50.412874555874396,49.67158226565279,0.8133143894604871,6.336798226798061,-21.79870081656702,0
225.514889743012,60.37158898658243,49.460842466685385,0.8377479691397015,13.884756259896673,-9.629645563689373,1
231.37641164803253,53.344385148485216,50.17945879187033,0.8821065852911754,10.596122535621262,26.564715210037974,0
200.18646628098662,64.78071898356444,49.48010338773588,0.8236393621029972,8.669677996919578,0.17252865954840502,1
226.70492168243732,40.06410484405964,50.92433153448327,0.8333466495610687,9.04850737979726,28.045585924980827,0
235.3566885726762,51.35924567218348,49.34617870945328,0.8891643564143359,6.388426942219363,-24.664652466795747,1
252.16841067112273,50.844667863899474,50.136830059606254,0.868034190077698,10.270881686512078,-1.3466040262091958,1
222.22594672589528,39.3074550624492,50.783427353606896,0.8935316248376082,9.621742716173653,-26.25586078338776,0
217.8725959566022,59.56295002091346,50.2995448796319,0.8858344055518125,10.620148560520676,7.812615743957089,1
222.47364434623196,73.24673305852818,50.08783685624589,0.9288956051959767,13.700944373499448,-25.277579917889017,1
243.7310317655311,49.82993925516169,49.51575817651905,0.9874379097751709,11.160225039759707,-19.47793184757736,0
234.93126664489526,55.05021088273767,49.30911540571615,0.8215728676888485,6.605556326524736,-14.470181395843172,1
236.1830618879737,38.50991717968829,48.0,0.819852029861839,10.687378281504438,14.92463109986899,1
237.69901149670034,42.864153300928244,50.753073620387475,0.9705612222181804,9.643049940613967,-20.162272870915515,0
231.4561632402206,31.792397221979837,49.78057500476091,0.9012793409304919,6.087456522544596,20.79792319758407,1
244.52967485799334,42.94226516904635,49.43046924619183,0.9532810047136885,9.472740708514298,-22.085763670151948,0
219.46920359183972,36.08041619048269,48.77091528472549,0.8430843807214563,6.704157163217822,-27.88533305579062,0
225.0850678010335,67.04102078059118,49.50961757816873,0.9657725146335103,15.880316998254749,-6.297274861819929,1
224.11837770301764,48.84890306076761,49.94317157875048,0.9847693248385392,10.677065353440863,28.766498518277707,0
208.04727577801822,46.54080670952829,50.799561620418366,0.9270966031092976,6.2535141023055925,-23.379466332673367,0
234.44180415596864,58.89153824787806,50.33656684611648,0.8211758042947604,12.4887096985141,-23.896893357622258,1
233.91582908269834,38.78248897144112,50.15254270235338,0.9790589628312678,9.879003745616073,15.069990647737434,1
230.07670184963692,42.331359619954476,49.79994016934943,0.9584975454740143,9.7463021231902,-11.270298360386082,0
226.4811929993728,50.68072269248621,49.708417141372024,0.950175555302898,13.056816688752807,13.036897033543013,1
208.7694388692438,60.287689914234804,50.70282379875398,0.8073456377811832,10.2221929741198,-17.999364633398198,0
223.69032015851963,55.01685045168788,50.1003692703792,0.9597925050513942,14.034666008225074,-2.3956803481102256,0
224.85928225209847,52.48325142515882,48.94869965403949,0.8275902020936714,12.58110056742764,-14.082607335064928,1
217.96584096167572,50.78117735236016,49.66323017605138,0.8444772352393777,10.511774429374029,-2.9083071072547853,0
237.67314617290296,51.99186870736419,52.0,0.9154269669738515,9.754634367411843,16.14582555511823,1
236.0607628522181,52.016529051292544,49.72686799541127,0.8529961545833766,10.212420828930892,15.720596428659704,0
258.292788518158,39.70027725223064,50.28145533014254,0.932269641262384,12.037480284156633,0.9463372604234195,1
232.61866719247757,50.46079221633151,49.946277559102874,0.9216140895398164,7.822763100543287,25.70231062326306,0
233.86325586084146,39.26311341082247,49.96156729649817,0.8216299196026525,6.760462531404899,-14.17295385310356,0
228.8833112635075,50.81082542900824,50.65673658066262,0.9312029159183013,10.143727412641757,-15.581318932846015,1
201.21843177051437,45.19352058511758,49.65176945510665,0.984790981964986,7.2250408357454985,6.82838407052602,1
229.60229186826174,75.39381622782861,50.93209976294367,0.8322219810371667,16.152013898063895,7.277822053007341,1
230.9034531491154,49.601056162482884,49.664346204314455,0.9194124041885775,11.283711110788406,-27.20759762610156,0
266.9486316872793,35.95760433738411,50.044599098306286,0.8683730743873388,6.913251649746645,6.466662743213853,1
227.11458552828316,48.658197893230756,49.859398202298614,0.8919223343547208,11.067647469268556,-7.533830559059137,1
234.52321013500418,55.19358745637888,50.06170956675048,0.857400035815794,10.78150561912368,14.846551519233543,1
229.47932345442135,66.73363946152523,50.22229599753656,0.8708261272695391,11.555433837354776,18.48633987271637,0
212.46982943570703,44.10547600061282,50.21691762004444,0.8057823646533115,6.1252165688276445,3.1292291728221926,1
247.14234221772531,34.1757202597636,49.62344133468971,0.9963103475834441,9.2872059100436,-29.897698109864095,1
241.2789954903016,58.16837011430981,49.438542661276216,0.9249599844145496,14.85965361327058,8.181948609998521,1
241.8654792056457,36.19401294100349,51.251585895452855,0.9001411180987771,6.906372949454971,14.93287677995606,1
216.3591881780789,45.63844558492515,49.75800783019972,0.8767430699000653,9.746104164192442,-15.061004026109146,0
251.04191466404149,47.42379514489006,50.349606219335996,0.9078749117648055,13.97208627773955,-2.1212399315526724,1
208.9722340581158,49.30366546699892,49.196179344738404,0.8760211997431608,6.507990387298237,27.943597404707297,0
238.80285640700404,56.89164457074335,49.86019364004766,0.8719815854987347,12.557983232189462,-12.113066796353792,0
262.85683438714966,43.16365717713612,49.93640030800878,0.8927893083444026,11.790775925617245,-16.61080493749555,1
215.14195512303968,47.262707478332395,50.23640753496392,0.8551966067342383,8.505503055743944,-17.34871257131939,0
221.50553405595844,49.857296470506114,48.63877292950403,0.8360099799933571,11.709182317390257,3.5280500612397816,1
231.4947704763146,51.49597957518788,50.08307030653916,0.9113211796360587,15.261579399698396,26.98722607848039,1
222.44786518825703,50.978271747079226,49.425129272316056,0.9685530872300603,11.670110184280569,6.5214077520212825,1
206.740048534008,54.3600577522258,50.16217285559746,0.8305656355451785,8.86705018625364,-11.800612785740402,1
231.0284446220904,58.43839509641737,49.481835401580916,0.8065468681208438,12.843099653798033,8.314186684047243,0
214.06544429410843,53.92634115650968,49.572258652037206,0.8493623490308073,11.488978079064065,7.490537855867245,1
237.10388645952773,54.535855235092185,49.86318619480337,0.9959441286907622,7.840556211803791,5.815508143779255,1
216.20863648649296,34.17776833253522,49.4738352651984,0.9657516147486679,7.130978151768552,-20.43442758670188,0
253.24901607526309,50.50227699165681,49.762232776632324,0.9191732107057193,10.966706520287257,8.074007960699646,1
218.25120061495645,54.79507548001609,49.40331211572834,0.9858497830486272,12.583278661977388,-4.190132849130023,1
225.16907725691487,57.2894119457045,49.08341477415063,0.8890558233674489,11.081329327609035,-28.884476482618,1
242.20275826054504,43.07649225766206,50.508978526214676,0.9966561205150348,10.228005541729786,2.3858692288497068,1
211.53703525349067,43.40960725111355,49.351975653588035,0.8592604090238568,6.163939082419375,29.356004713105058,0
233.41189901906193,44.258993247164014,49.91065955619601,0.8480611499031878,10.230018312344159,-9.015624549360986,1
249.60714131423643,55.36413899891343,50.37644554074689,0.9276096402294022,16.12898593545329,27.933553099119493,0
205.88775148158157,60.33881054924208,49.692527948741976,0.8756307935900721,9.18263674141096,-24.227655500244328,0
232.76950787798455,45.92539892708398,49.58741705012723,0.9252731083952516,7.0970895606349735,13.947006952038372,1
233.89824191372637,59.07962313627049,50.11311904433371,0.8609991036605372,11.937825860134309,-23.14020032022988,0
241.72734307665965,51.23479809164594,50.55896691136358,0.9235836513675982,11.381135154861473,-13.585705586683549,1
211.44573933682878,48.757142228375635,49.415342367456766,0.8551492521170073,11.15801822384394,4.250450119327461,1
210.19315080373585,47.88615770182031,49.92492608399128,0.810194413763778,5.696494253792718,5.566781638604937,1
237.82912348425347,57.46611364602157,49.13375270251634,0.9824271803846367,12.35103533416886,16.512679034050272,0
234.4547700984978,53.2557781678707,49.8033994981589,0.9766410403746925,7.899003114566306,6.918684433646355,1
233.75739275518814,72.75825427647638,50.01710234226904,0.9941596298545343,19.658415364004046,5.6168822628336414,1
235.19672314245463,41.477753570026756,49.57268767912247,0.9433054352442809,9.703441024088752,24.741185219348296,1
219.79962917632264,55.181017020299755,49.771504083087386,0.9365442355470606,10.432261063826262,-2.870354867450569,1
233.48380545741506,44.70798990188487,49.29588661584628,0.9118006140149661,6.873371288324909,-16.4840532782967,1
234.3960870994802,41.30713013011356,50.03853930569075,0.8251884832705045,5.528712301201137,-20.292684898582184,0
280.0,47.39297927617135,48.29352791080628,0.837847062189854,9.994921215037394,-6.000324191430014,1
257.98661766717134,51.37352479407036,49.45142806511477,0.8578939377345073,9.155403262837687,12.765165311621743,1
237.10749381367683,79.18173555060093,49.68866411672381,0.9780312725146789,18.570140023747058,-27.447390904205946,0
212.13044754196028,48.15854184316798,50.251273123227094,0.834593904920615,12.612011781900502,-22.256796809435635,1
239.84830412950745,38.69821270515317,50.606045359661366,0.9845746348975781,8.443351822366969,-23.633192393781634,1
215.37977494659017,52.73010717494385,49.25340509389554,0.9045571466102834,8.350165374422362,5.11500918308753,1
241.80626905613678,29.253599624536317,49.915607631292026,0.9431139270946145,7.435322963541411,-15.428120968124023,1
247.37893368511106,49.08043217395734,50.14156541115976,0.8220488973361133,7.529294414000727,-20.02443430191621,0
217.68976522472434,50.160252822951605,49.94897180468558,0.8538067097551822,12.763003558438228,5.566243184581339,1
244.45064193866483,57.94600382945212,48.76160396656146,0.9917037216362853,16.854660903671906,15.678594927142754,1
236.19171390404748,59.736222494278465,50.250545004654384,0.8532299893859463,11.710049987949509,-10.070705012840136,1
242.33090239991736,44.96430381092283,50.75966817554532,0.8593043440782293,7.568600276774186,4.692276340595768,1
258.45189473980923,48.49385985370067,50.05833087558475,0.8395194769682159,9.670434869183373,-24.11253520803239,0
226.31917825995694,42.33879169389329,49.48444697335287,0.825814733061366,7.32169206300774,26.1114618274542,1
218.69395753463766,38.71937445192306,49.74343637681786,0.8466515282907996,7.936319679517173,-9.78622888111363,1
216.65728355561714,53.098947793806346,50.8849565338278,0.9284653783901597,12.760584574901504,29.850341590410075,0
217.76284572551842,37.26414451403401,50.45498127043028,0.8910735467007127,5.157810373526071,28.715265350986925,0
228.84347435878843,45.85373099428137,50.32001330919216,0.9107511672675798,11.578629047411411,16.729406960148687,1
235.11727962224967,40.048260401007624,50.17820629176719,0.824472965753205,8.998640033354782,-28.795974275581997,0
234.15036198995028,55.496831862902596,49.669431443904514,0.96042328943258,11.464740635825834,2.6084952230617944,1
242.40774873554037,68.01430099266489,49.899714409672114,0.9568189401159696,13.60183530056624,-24.78981477359931,0
230.19502837816862,36.98412017196669,49.961038632160744,0.8043179822285351,7.080075311947202,23.708281557690967,0
251.80301115735975,31.469815171024308,50.274787158032225,0.876703018902061,5.0,17.378175158844172,1
226.03014750143066,48.751131146499326,50.75445944713345,0.8137541203942296,11.014301741755371,28.340422595740975,1
270.8025374988443,50.15697795957758,50.559169068396564,0.9584211558829916,10.770121017903227,6.502977188987721,1
239.38501021647508,52.18659306757298,49.29030782210198,0.9474539366251409,12.93165891957584,1.3303682690602798,1
217.14263665375577,45.53679484765655,50.11199748445053,0.9803976188586312,9.532919021593194,1.1384313566632578,1
213.9366125290833,47.99360701174568,50.36838167258395,0.847280791790623,7.578281768100604,-6.813097532739306,1
237.23708622864777,53.67510410540602,50.30943016507232,0.8912591766255598,11.14338651449413,-1.8785959662515417,1
226.64805822011223,60.40430892644839,49.68538311830629,0.8368975754328796,13.617528769871978,8.124754988121019,1
240.71000741138138,30.449512296817172,51.45705460788418,0.8742469868948239,5.0,25.976856453376627,0
237.09856436860318,46.310605609685375,49.361457718834444,0.9044486503133768,9.106694156971825,5.753060295361863,0
228.9075663101469,52.13808793941063,49.45840577666697,0.8106661579677178,8.1716536206615,21.42695653904203,0
217.29809422897392,40.82023895389264,50.116797540630785,0.9429740821354771,8.287096840499029,21.766794678150042,1
207.27729162971204,67.311696317673,51.05840152748193,0.908658672074215,11.308413116155961,1.1299605508955537,1
223.30227571899468,43.64590119771263,49.58190257464791,0.9657918034421347,5.8766656589885695,-9.151821510142703,1
242.84598191485208,49.58707312992717,49.8670858171765,0.8543561002382395,8.177899403548391,8.374432399924864,1
233.21140616195305,55.56022096842291,50.538646836507844,0.9806642210538509,15.982248246972485,-3.2473594851094347,0
211.31391831932018,44.087152111981055,49.99106892255613,0.9997388506060887,9.807252355374743,-25.113547960684027,0
232.59771388776772,31.534269521955828,49.83269807273485,0.9838596876755349,7.641137160847784,-7.331453974053982,1
235.77976069593257,45.71345473083467,50.28281645094336,0.9555784951666308,9.734294001982551,29.644328282959492,1
227.5122939236803,62.42166885692087,48.84426583660695,0.9624737605747562,12.474681954080499,-27.089287798422767,0
280.0,53.77779347147094,48.975106788409924,0.9147488485089174,9.049545500530332,11.8000147140556,0
230.87313077669,41.53565698541021,50.64573444453268,0.8380307725825221,9.090125640771909,20.47132230427483,0
212.85544553254064,59.256722095027214,50.15350153000268,0.9354081370295435,12.000029031692256,8.923554208522724,1
235.36681040522424,46.692251039769474,50.145866362689155,0.9425506004119864,8.015912009897031,4.184893869797399,1
249.7115620438035,70.80065798043333,48.0,0.9970770280535811,11.1804656028889,12.453265018725453,1
246.24576864762915,51.4945608966331,50.24456527832464,0.9082602632512644,6.599544872256674,-4.239435762020662,1
245.80703078052355,57.70750209618787,50.027585318935735,0.8542738030050113,12.945515191666463,-24.518295761467392,0
209.33495948064365,73.81713531732547,49.999695758838854,0.9367345043479014,11.656182800596156,27.742305258202904,0
215.93262440127316,58.27236107657423,50.59831356041362,0.9958751639332909,12.3388912693285,-4.061953800948235,0
237.7255290081299,61.59839966388344,50.75805809017752,0.8354427816538188,9.844561314169415,9.923354230081053,1
237.70678926368313,44.940338010121444,49.24622352768329,0.8651995837071206,9.24824776679867,1.878626213357716,1
237.7257152945907,39.741318940305234,50.00501057587029,0.9083761907545362,9.73847150572347,-26.719615681346728,0
280.0,50.62331349619123,49.65565278327738,0.834042926976401,15.156769371756578,27.16479605955231,1
238.56335766039751,51.07169915259596,49.84451426675697,0.8044441279039877,6.718500040673174,17.5522335668594,0
247.033484602709,39.214872586354026,50.20125810486766,0.8673966244882502,10.353752368469133,-21.054126331836304,0
244.31002645239803,48.24705470095987,50.334719185771235,0.9730741603002117,11.732163307518714,28.89893257729601,1
239.77086876958697,53.99317601719131,49.94393677819433,0.808693679864743,9.568006570230368,14.214082330302475,1
225.2709613303948,53.6039339501808,49.0433298326386,0.8857858118033836,12.21593962247973,-1.6607009743014665,1
241.384538307399,55.042878533842725,49.51747720971191,0.9524401545852165,12.182746242193499,6.68220339357439,1
218.40762178193643,52.90964730137443,50.448249835100086,0.9906365193821771,12.882728102234857,-23.59579907912415,0
226.44772089889986,44.929913407299445,48.629786788982535,0.9970950798008864,8.160181603721043,3.6246906009366597,1
222.71954678256344,44.86099373351157,50.593713575841,0.8843938761217484,7.570356767451726,-25.580335678976436,1
231.22811209079484,38.010486020061236,50.26061499532227,0.9900768588758235,10.589077618242285,2.6913154271581163,1
264.71987850010265,67.84775039185095,50.65808804076501,0.8070837946561727,17.466549183355287,3.1617413257671245,1
201.99102211112378,50.13450364619293,49.90071540655952,0.9491833875997113,9.542050249668451,22.466327109644638,0
240.29390285561772,47.75146944205148,48.969297287988546,0.9285492069267226,5.079955060336576,13.503450016337638,1
205.8092619321552,40.71207918547541,50.215181320753246,0.8499043715172305,6.723184694645563,-15.026856467092797,1
222.9210220131585,79.35657902327779,50.63732656201917,0.9014637001359298,16.011970185937763,23.305568531271412,0
246.3342589545105,39.26671967777104,50.46236090275671,0.8259107475520991,7.523271761389999,4.394559890880345,1
230.96420028643195,45.71152074393927,49.668654258255984,0.9743194301903122,10.959273566239135,6.382768714442022,1
213.8338283310604,54.15836836286061,50.04338053773132,0.8715796171091297,9.139848900331089,-19.861117846669302,0
228.3787151790601,59.154485799901764,51.18241892693995,0.9252088940931433,13.038947825757473,21.466415758146837,0
240.19396623402014,59.579320552156844,49.590366767905316,0.8317552572574525,9.56948467373092,25.85790690099264,0
219.04450052424295,68.07608507769262,50.477694285589926,0.8412329689262414,15.017904392578718,16.499438969694488,0
233.24687884372963,55.06157655460712,49.40123384436742,0.9983912741606304,15.922437752659338,26.445147158700372,0
230.6835775985572,39.439692000333324,49.553091784709196,0.9506172788882659,6.822681369817968,-11.862005752659247,0
220.22599478591275,47.430548748782186,49.447987183263805,0.9923943739548142,8.538796021381003,21.667150101766268,1
262.1591613398799,53.07832372513885,49.25487623835048,0.8591702330424089,12.776717642675218,-0.6664114281754472,1
239.50878533477018,70.68226041505824,50.0732071459213,0.8329125753239641,11.725954772714008,-20.164967823384906,0
199.6228612001359,36.02194521575703,50.58075152424099,0.9006136926957662,5.490930594513243,10.128035942004068,1
232.7968147215414,62.025765052252275,49.90756162187737,0.8989336564454687,15.185117032568343,11.047216242352732,1
220.07320302847418,51.79914369546417,49.24712609971792,0.8349893027515976,10.9937604796701,-12.784529174598593,0
243.46871909891817,80.97595350336013,50.32152125517462,0.9466439139162821,17.377616528646325,-28.350400102345795,1
218.11218892350948,48.98005283364068,50.84285087701748,0.8723555068877469,9.66107000775847,-18.0091644548662,0
228.27895337799652,41.575673698736736,49.6768788379267,0.8372730461861035,6.724757955817631,-6.013347139566797,1
237.57480918470685,57.50872779401332,49.76072286664114,0.8663966789086577,11.939739976307337,-19.94622533640789,0
242.98632791255181,56.54431027105621,50.257830315041694,0.9127317399270031,12.239295874957477,-18.35820310562375,0
211.99555389416335,59.72056965739722,50.81093687389252,0.9452941864360886,11.694778332576671,-6.516560137063827,1
224.98248146238578,49.866953646213645,49.74008292713739,0.8963781772114969,10.009030539134686,27.707196858513626,0
222.87582033258565,44.001779766801505,49.3337751095009,0.9051189979656747,7.012907736621457,15.854610924458903,1
220.20006151139432,34.412130049761586,50.3157093031362,0.8277891871885498,6.837052075917001,-10.815095926406151,0
256.4818136042164,58.19373268139407,50.39953403657115,0.9829381849416464,11.853649154388075,27.09624413511289,1
236.07472566441433,54.23889482443986,50.00306572521762,0.9857448395984089,11.18824976511376,8.73880753552396,1
211.08674068497433,40.342173671360406,49.720933370171274,0.9366853180836008,7.7387717190004865,-2.673021321591591,1
280.0,83.92220696368787,52.0,0.803526281786805,5.0,-1.9019880626911743,1
261.8323429551895,45.332411880485594,50.264018002273986,0.9074148431806652,12.308535944674896,-5.355331929876488,1
245.4869789082672,35.17015568017582,49.61578224154825,0.9258437944177227,5.0,-16.020476847243618,0
207.2094505106898,41.82317603394866,50.024547365652836,0.9989308445916221,9.996067237429251,-6.802068467177659,1
187.1963147814327,61.24959413720052,49.603694996556314,0.9992133910389593,6.018978157365087,1.673783042603553,1
249.00366723779933,45.87520988112063,50.34294522821896,0.9715222470651115,10.287954023017505,1.6816410438132614,1
219.3849580157183,42.61302501670437,49.86888321530857,0.8127661984052228,8.636533463577106,15.704214132751076,0
236.65729142219342,33.72995079133251,49.78214458380763,0.990655278155746,12.30412416287012,-8.472128570558844,1
241.61951080144004,70.22590230569482,49.98356275742378,0.9225322494303998,15.88638334031603,13.007881758237147,0
216.09604292632875,62.52540731029231,50.02015384966512,0.9601773540958359,9.008177040270175,4.685510326121076,1
229.107119659073,42.209805784800146,50.44746503078278,0.8814385699371707,10.431401034026216,27.71072427161007,0
181.38098989896392,52.7242139665361,50.29554526566261,0.863933894246918,7.798109994172635,-6.882904437961038,0
214.63418537998564,54.17465089821295,49.921795360603596,0.8926488290967616,10.519294720704451,24.07298785564742,0
226.2114777291026,61.91085854773477,50.3818340748595,0.8293749025937655,12.731077447491606,19.238552837897366,0
211.28325227052727,41.81394973339921,50.20036862684581,0.8714132277506612,5.0,8.259857075367414,1
254.48616955897452,60.92106783982426,49.78670018185698,0.9715234999536557,15.075155506427416,9.270868004527031,1
208.54787933059052,44.52094695793065,49.937640920881755,0.8075900972521763,6.678883627620221,-24.92100392361536,0
223.39933269954525,36.641375958313866,49.92588855557844,0.830175609364921,9.239204209151445,27.013476335605944,1
231.96110865929137,57.24136559314498,50.2526306715871,0.8250232319298971,12.408696759843936,-23.583836190255365,0
251.61909933599173,62.907584241224285,49.816488692639176,0.8806151085400457,10.685032279146647,3.793998524610423,1
208.4620677323084,75.87908973530685,49.80479540678918,0.9993973801781724,18.333631461288242,-10.19575197305073,1
247.4474562823244,38.002747349097866,50.98437865471698,0.8346715860422765,8.74803731684948,-4.208881302608894,1
180.0,100.0,51.93952823317156,0.829096529919852,7.780164848247136,6.610980650209022,1
215.27737023428074,45.90198756206467,49.61969966778743,0.9830111459552309,9.825287312499123,24.5310826729393,1
236.93155211394907,57.83358710524031,50.2854704969711,0.9764101033931931,15.44901083089585,-2.5459725856619144,1
232.98589543360205,35.295104487687496,50.05917503282759,0.806448073999311,5.0,29.26377331838647,0
220.99674684261808,37.37230224301436,50.195775587630045,0.950341192035863,10.604171987195453,5.568723921089983,1
231.0470312748503,42.24125176833516,50.06867066228255,0.9310931402952859,6.061946901495434,-20.36676344146953,0
224.2202960470736,50.78964045668084,50.59482132274262,0.9535481619705418,9.276617165635098,-18.599442310124864,1
231.70276017876873,43.58918733461645,50.172810172325725,0.8989004909591845,7.192915096699018,12.966662135355065,1
239.9319601178157,56.590543439134194,49.96895565089286,0.998275843689659,16.308337087158332,-26.976132345397094,0
253.7902522421803,60.26894618257914,50.52109528849151,0.8087694037421926,11.388638485120033,-1.1795054266663882,1
211.43276751759726,55.995775412453554,50.116642520543934,0.8468743172807611,7.700800468753313,-21.106853411789004,0
261.995500619844,66.18787639660869,50.06073928966453,0.879309197394723,16.138457315214218,-4.0068818893293,1
200.71868300716247,54.15826629455343,50.15701130124306,0.8899555883131407,10.996691737861898,14.99504532430317,1
227.72322357446626,37.83103289659833,49.953195488316815,0.9842734805399037,9.814592911909157,-2.4712243055139496,1
238.82475809726864,63.6337651353834,50.00461349649773,0.9120008728154518,13.31728946553448,-20.19293346114438,1
234.2148780160255,43.948437643940025,49.706652705619064,0.8090221991040788,8.836639876914777,-14.884477778601454,0
220.6595072026911,59.1041849968557,49.62441639018806,0.8815725926851324,10.196915719428633,-7.947624680869055,1
226.87816624464088,65.73734216555107,49.50071480675878,0.883298082473814,16.52343569740593,-25.826328990815117,1
222.6049859801175,54.566880107303994,49.304008356601464,0.993098187687557,14.35143455356553,5.060258164867314,0
221.15952864583682,35.038411868353506,49.560141319307725,0.9198394182042217,9.29382165815503,6.452027476683014,1
242.74403145531537,40.81787833490208,49.91286648276654,0.9271302142317878,10.774512779810289,-26.270884372045952,0
235.3552322894757,63.227444668851355,50.05155879122282,0.9426506062502542,15.066965376333297,-5.861320729550279,1
219.60635607109018,48.308773143571834,49.86435171842618,0.9540078631364246,7.632262060089478,-5.159959026916503,0
243.49399813149876,50.79573534942166,48.82214825493632,0.9270102140404979,12.732288154445996,-9.97082588684393,1
234.60949281314913,57.58824416163609,50.78729317888117,0.8474388702267871,11.678064120779476,3.464384419866711,1
180.0,80.34977115361743,51.679154926978356,0.9748091828682328,15.975284699209187,-9.242550596393293,1
239.44443262885417,52.78799812385461,50.22287992560857,0.946423960082126,13.577440610448523,-5.015443231331638,1
217.56507483616892,47.91331628779534,50.95374533627663,0.9483740970193912,10.986863129614452,17.851412846496338,1
221.59728439704546,46.87331554267643,49.51131794125814,0.9993113478469499,7.011396810358002,-20.273438674187915,0
241.20940407684893,58.57898825291343,50.943812560313,0.9605053069726632,13.393749548678047,7.14688171820525,1
239.15555398150198,55.53569531067793,49.51739296162473,0.9658302806310306,11.712054522073997,0.33566410145073533,1
229.68647609053778,47.4269999938221,50.11936896264568,0.9902811031420317,11.292201095733638,-11.695701751239056,1
280.0,61.486838134268716,48.52406717247218,0.8302267999697788,10.871695803047373,13.652079389424642,0
249.16497343682636,48.70965884870216,50.007347047772186,0.8995454752956136,10.365658767103266,3.071301572468876,1
221.12642916746256,41.48337825665607,50.193083248999194,0.9161134047181575,9.321641393566166,-1.358308382358281,1
238.20646071755056,42.410293010966555,49.92265483443272,0.8658551458444915,7.882943816856553,10.060158886272006,0
226.9671102134916,40.21259163690234,50.35693872204507,0.9678806687789011,9.076967725810112,18.13741847888165,0
226.73478195159169,47.27589983396313,50.04950722474363,0.9524839243291447,7.170937927174188,28.36012740201457,1
246.48165277980786,62.33724278336193,49.738792635811244,0.9441766149016249,12.842458111726543,7.761022102582409,1
242.38124523482045,41.94904818969491,49.71659334109883,0.9994298879516333,11.473952964123804,22.466399124022978,1
242.20264454000957,51.884757610181026,50.405456886307846,0.8518762746816781,8.244825886703028,-29.934507538622583,0
249.58218210731494,43.43310654372587,49.67312898509652,0.9470914503350842,12.75804413169958,1.8141415635534734,1
230.31505762449137,47.39690958728563,50.45770148524247,0.9102808949811801,11.885627008730278,-17.121147073788116,1
240.22929456942447,34.89958788014748,50.611355896415965,0.8625978364987752,6.695477043917813,-24.34845257501177,0
225.34599865109817,47.79461770843463,49.16564306882694,0.8321173741446252,14.959643482358487,1.9182610238635256,1
234.86249528732662,48.06294620195038,50.56646319365052,0.9791767674135095,13.539334161550576,14.809590368945642,0
228.04785418448472,55.402879440356955,51.03021134922235,0.9190910965415691,9.713704589032874,-5.263648651537217,1
231.45493947489078,52.232809132553705,50.12600188060097,0.9649867675281589,13.158595850585776,10.206446960666092,1
238.9273553815537,38.01607875047955,50.299542092647414,0.909068996800309,8.388873608642875,-0.6168447695430039,1
217.7266897514979,60.84198244043543,50.51850266218458,0.843995416130804,9.626918474982405,-3.7748480424344386,1
261.3858091352819,52.10303040221996,49.86225884241049,0.8675097626200651,9.674790890092833,-12.58460157384836,0
214.90973927750446,51.98393517177487,50.09114011176894,0.8763077684947094,11.779769078492524,-7.044389129939727,0
211.78717080818402,49.90817646614861,49.342900235188445,0.9945869625007404,9.316805237432273,-9.012262152334326,1
280.0,49.32627513711037,48.750262164995625,0.8011266556762765,8.678977778095911,8.771231040892893,1
241.87494040944404,52.17802339748726,50.24905599782227,0.9971332046049014,10.742323890812472,-23.038889323251627,1
239.36179725578234,54.75588435928582,50.25808151146323,0.9960923270219662,11.558935229465485,-24.44181787873164,0
239.4251826389642,32.53104308654445,50.532712361798794,0.9992301581060273,7.52889642551947,9.600779652507626,1
229.81629840729627,44.61239162653904,49.612598910932235,0.895317635783927,9.955747157966936,2.7778841927328415,0
216.54118442771252,47.45053029596411,49.73369662166325,0.9927617939241999,5.023903180676914,-4.187994195440545,0
231.1370683729059,52.56170605694278,50.94775367299568,0.8791198363699655,10.714230135868446,-20.85342693552579,1
219.84257432731832,61.93311005927126,49.92483581311814,0.8052588881336774,9.471788028086713,-5.338373287841311,1
244.62679600126626,42.28259185403218,50.10001689365616,0.8448694372743529,11.54359428846627,17.383905799200697,0
227.79413927746793,45.02038153182158,49.96649497913739,0.989059248987477,16.028682804150108,23.377274147355422,0
217.61754204811234,44.8746588935345,49.58915958684749,0.8027529386670801,7.120736163274615,12.154594197853207,1
225.1792123752051,41.98472409895459,50.8117646054459,0.909198827084595,5.15118778504322,-26.405269447147152,0
236.19397181413436,46.528135048877374,49.7361492940397,0.8151203177789359,9.19165318183689,10.224586596067113,1
221.54413170794038,57.708022199879714,49.436357238146535,0.8572793156855157,10.549349092689845,-15.540864627222327,0
217.66669406650354,39.461645046356544,49.77462986134862,0.8176185701423774,10.965624412136322,-11.084925418415697,0
233.65530817237868,54.27814395152903,48.99914699913723,0.9719057242226112,15.659252957214642,-18.247607522400926,1
233.67449856663083,32.98097769981665,49.67435626750841,0.9182141419295412,8.807255018380891,16.54534743721228,1
222.39585236943304,44.38662003557794,49.515935701073836,0.9804212931436626,8.504742783474166,8.916127358236743,1
222.93442541572517,46.70510699782014,50.30871431546366,0.9376706399080457,11.118725045654969,6.71010327595085,0
233.48074906036453,66.74859672914064,49.66329288022006,0.9942058262490199,16.024225708728764,10.078356580156566,0
208.27873487754013,47.25197695247312,50.44390196778942,0.9019755309520814,9.359512538529371,-15.793664315765795,1
208.88804338435168,27.987565265490815,50.69924199653466,0.927742116352575,5.0,-3.321335140478304,1
219.22333668121345,30.011110931387503,50.3905876681438,0.9152617639778113,8.145222184122986,7.99522329293935,1
226.7982927243223,50.34029586346681,49.89230585556996,0.8968520858893225,10.455060469334787,8.195641657098022,1
234.66361348397007,56.13770855789909,50.0705572483528,0.9691918730846025,12.565944679758434,17.51111176530783,0
252.1303432542433,53.75455857627253,49.23750752992797,0.9289050271340721,11.389281106619123,-12.773761998713368,1
242.8648943480303,51.675701058009906,49.93311031373938,0.9602624529710946,10.464265972262275,16.220167301809347,1
227.6009220505486,61.62259597505667,49.569780765966584,0.9572727873204827,14.060612300398516,-3.588931162983858,1
229.71475688145966,44.60408779262868,50.34716319057465,0.8382090321310591,5.090146184421032,10.210361523536086,1
214.96205953043287,58.94910556026825,51.286376194622235,0.9300327065035288,13.364205629265179,-2.656837196082794,1
229.72230296011415,33.679851149735825,50.2499108179869,0.8399296038362669,5.0,26.916610187456598,0
225.67012041619793,40.95052167061934,49.004429925522665,0.9166640956487542,5.0,-19.241864115501333,0
234.84077840507135,31.929586050681838,49.81938490354281,0.9354869368892601,10.658416731795365,10.500305314941428,1
217.59153584671515,47.25154699330208,50.061245462687225,0.9994470143175174,8.55967704013594,4.592100046089534,1
237.79019771361757,49.53738782733657,50.04367871263013,0.8061083956299477,8.05123975186507,-19.636137543135323,0
252.99108369503867,51.1410149222652,49.634593437195626,0.8182484788227442,12.855756139200048,-26.039619851299925,0
228.36859777314714,50.61883352887135,50.12264587131847,0.8154053392742463,13.134745330162254,17.948663338299816,0
236.02567583148414,40.72446669188272,49.378749581540305,0.8796722572533481,5.389423974000571,-20.55291998122409,0
240.3521598756667,48.097591555867844,49.527545638657465,0.9643176722971627,9.235523340341468,-18.80959903285344,1
223.98169292171247,35.02553331394252,50.32289882080185,0.9688112665574271,5.835042548535229,28.706053439342362,1
208.8918316059582,58.7434907893028,48.89517693253724,0.9473959191442304,15.937787935366147,13.035651088597845,1
230.18888601172694,46.96373927101999,50.269105802746125,0.9793756483659896,13.865834892499954,-14.970789503926651,1
231.46514147823248,45.11113880956309,49.31526811267197,0.8645719888338905,6.867058281110641,5.456937609096073,1
218.404853242168,65.88940328444083,50.882412941895865,0.8176309288504598,14.595662075225395,2.0467103041507997,1
230.36765261388413,37.57753466450771,49.61286503879797,0.8116306055979701,5.607932602227959,20.66839605083085,1
237.46997436868173,38.74412885968031,49.888166714098276,0.9704265439238773,9.60072052059157,13.759244869957463,1
251.7671541169256,39.037796751314346,50.1653066305452,0.9460872588707383,6.755649720838226,19.903267529591147,1
244.38906239127812,49.32128618300518,49.71732502374945,0.9397230612022242,11.083168981107352,-17.309604721358255,1
262.29773686267333,54.31631629637597,50.071702980535655,0.8679352677091338,12.14328898434928,8.413152262020311,1
218.48978655667926,57.39675468117834,50.28767836226006,0.8759810377236452,10.355015288056848,-27.585548494897182,0
243.08480955081018,75.7199531749497,50.480306616251745,0.9916227057798639,19.022116779030103,-25.863563263246796,0
232.75013008607527,27.50567545799236,50.39574871798648,0.812760948819587,5.0,12.811621962275836,0
262.84704399826506,56.08735589124417,49.914094768098664,0.9547463473875586,12.307801851558997,-28.53479384136412,0
217.87552571967274,44.42869427427769,49.9266841129782,0.8619266647416787,9.219129865293752,4.785900534030553,1
217.40417236728837,44.135848511112265,51.17455427901252,0.8078109236825113,10.435273049398639,20.424305906671805,1
221.00911031833968,43.80227871746122,50.474944534124646,0.9485140221484912,9.136654818979254,-7.203491494918282,1
198.1415641353529,40.91230329192027,49.53908817183989,0.8661823771356749,8.028986419912112,-27.30957378960523,0
222.1136746747886,66.84524834603451,50.04999408188277,0.9444295037485593,15.53833506242291,12.83084697772361,0
218.61301007669454,58.422973270139025,49.8324284306109,0.941530876623624,13.68626348881332,25.781187147849053,1
232.25590679714313,50.23195978557375,49.93233288303845,0.906957375086623,8.674122376323243,13.030283523496074,1
235.1263396366574,63.51015752487,49.38525242114596,0.9554746258421097,12.713996964470876,4.706834580166515,0
258.1425625882383,34.874710347011245,49.794038382807024,0.9162076648342488,6.86814508755647,-16.1982702072564,1
244.25635757279076,36.69294868669074,50.90577788659696,0.8573273705696521,11.541052153491203,-29.07746255733018,0
221.34644516506395,28.220322678053122,50.28953815043775,0.9468230602128838,6.930685926176467,11.680326508743192,0
216.52377992977463,43.00585459876712,48.75441929592427,0.9178279631755447,9.473252870649416,-16.13842944934242,1
229.07606844515416,52.58211040653392,50.36916339632537,0.8025454563379841,10.565882320884956,21.489760630941447,0
210.19650189469036,51.02858577932334,50.54481476145458,0.9803288355540619,7.873449915751699,-2.0181528700433233,1
257.4718814878153,51.49341911059881,49.820357347846794,0.9091287236648627,15.929707293646633,1.8381349423473736,1
247.6916018108193,35.88943168933918,50.35863177189161,0.9737254530959063,9.61431801570738,15.236192655982002,1
222.96236521842943,58.03154742614022,49.5703003945914,0.9765473677964489,14.08172118141311,16.76583646820059,1
204.30298206363685,52.39627518238998,49.764872141866825,0.8889933313470177,5.985377910090593,8.55904998483409,1
250.3080856124812,57.330542814659985,50.749273180334924,0.9015319992902462,14.496540928871598,26.30590892476458,1
228.28190232121074,31.07237822409948,49.864134980065145,0.8831508775351204,5.551995315769051,28.93790617922516,0
248.5672446796019,53.1149085879779,49.06513416902251,0.8898873550616091,9.103284407920292,26.81312666247701,0
206.0835851180845,38.12234760082473,49.96834838860933,0.9790294317943455,5.784109771208303,19.45075112063661,0
221.00937465569342,46.026767474486384,49.96070580354282,0.9576288027935822,7.211544155155121,12.33751321465509,1
230.07865549577275,55.34364898636383,50.59918428468673,0.8253051352631157,7.945365704730926,9.799551472900049,1
230.70470890647113,50.91093606255913,50.00716821108788,0.9220615563080192,10.951070698818421,-23.774989384767967,1
223.24901792781134,41.48460020220681,49.789208844279855,0.9991813280772684,8.48028863172859,-13.71093919085325,1
239.3427489852125,50.06273156184418,50.5225280726156,0.9191101402464972,11.681055939904084,-29.65870658823738,0
213.98569355926108,34.68464684756357,50.060395116250554,0.9571743251186211,10.456117014779112,-21.755407785960486,0
227.8643077246806,61.50267395898296,49.624988659217145,0.9538122946762342,13.10797009127755,-3.6462313698486994,1
231.80443447567848,47.94715980503749,50.57749878027081,0.8700635051744657,5.18042414081464,-21.2078069526556,0
237.71658251088124,61.18549944255326,50.0968308822584,0.8743698605407918,12.2336251679332,24.099804880605475,0
206.97117798861464,89.07735062030724,48.379419462221776,0.9448152843580806,12.559128564385261,18.341951120116917,0
213.13036862243197,44.76424011593417,50.088954195705824,0.8999967063209671,8.414646728580484,-25.703285274628907,0
206.98828743896567,42.35813213362154,49.4646658142917,0.9141141418260776,11.073282489226052,-15.065177071964037,1
249.16515232847763,58.76173931693076,49.73617311191083,0.9425811580729675,14.70656996090759,19.14431307669053,0
234.98471017969388,42.905688426715244,50.001791300916395,0.9555150054078101,5.957135534630539,18.18276759359241,1
218.7727019516517,56.445954324151764,49.90266815248766,0.8543033155466143,10.76881428043481,26.727033007067327,0
253.26727963283784,46.1754760233071,50.6362141914083,0.8293587518873926,10.293135234858372,29.852865697041615,0
231.7351195143929,30.240367001083804,50.1087029263635,0.8583589293447451,8.175880733950734,28.57620379446731,1
247.6894577609574,44.29685932213534,50.4274519613182,0.9015076650184152,13.530493599781739,-5.391720856713512,1
231.01277722115162,38.208917856371514,50.00469767728792,0.8684282634594078,9.480848675587131,-14.980293371878066,1
260.9112188732298,50.33902723682338,50.528144241873065,0.9136725517695188,12.881150379436585,15.50461142562375,1
256.3301126366481,38.09592264325509,50.19876387828658,0.8106931448251258,9.268902229103205,-12.043626435358153,0
180.0,100.0,50.630844340871384,0.9019500823227534,11.75772943473233,18.384021607879788,1
244.57356426431534,49.08924139646973,49.99335845552049,0.8735969813875416,7.5625891755487675,2.0372838238754625,1
239.68063924377722,48.22404005241261,49.52278068685452,0.9069333509785765,10.565662271718056,17.635636514097236,1
250.52947336298524,56.558921377875826,50.25345786006815,0.8845066709769954,13.263754298410579,-13.447207216979372,0
215.52614809129844,59.639069340758624,49.97989763273181,0.8568451701275085,8.606383108613834,0.48163893322925233,1
240.2907718999766,49.79901248230348,49.7490040199094,0.9808215810915272,14.389992804352593,3.8414276161309218,1
245.8763673027438,42.28799700450709,50.55323088540604,0.8369529976842714,10.713140492079031,26.586484063207926,1
203.6189077036533,32.260303838878706,49.3748919870526,0.9362731151161119,5.0,-14.004145390174962,1
212.2511223100134,43.1395024296482,49.78875205228378,0.9849289425164829,11.750075635772511,26.20129435709368,1
199.41151733359848,43.827877533520386,50.51385937438977,0.9077339919370866,7.316769881592255,18.291534927942955,1
225.95889748333164,51.070574529922965,50.15776147046012,0.9752816977158965,9.697622066107565,13.853643245201717,1
240.76313383693943,46.54853118861973,49.97607053617362,0.8249702956866569,11.404137935891267,17.212216151107512,0
252.53535578144042,56.87932972051428,50.125501771575074,0.8987577540512817,12.807685092608825,6.325502752803416,1
231.11142170629662,43.87016728729311,50.089707085524424,0.8914050560961879,12.836234452046867,-15.35519937225085,0
254.42923318356938,49.42958833147058,49.24166872685704,0.801623761407399,8.375710679794475,-18.630301869608836,0
209.29847812677662,61.839874431968894,49.82536905732602,0.8886514682718669,8.038493446701048,21.980486151023428,0
212.90402701963984,31.20246846642364,51.6888001209548,0.8738059512765196,8.982239861456337,13.508364155749994,1
229.1667845165507,49.39962458311435,49.67033793261142,0.9339597455549231,12.151572703468785,-17.207743034343057,0
235.7609817340896,43.98055558064823,49.84084949294783,0.9876659557153037,8.3867225308659,6.905601952464096,1
229.5095787785886,43.66768603285023,49.72918961834541,0.8171582176524074,5.5294832857756555,-3.147211115146572,0
198.98836849940184,41.493867470480524,49.95649238834093,0.8654952773429246,7.604073606819464,-20.480689802214364,1
228.66319940730818,44.589931342171006,49.70843858433785,0.8888129474788504,6.135030263740756,1.9114265614298596,1
210.4329574924272,57.55665838744314,50.24337075107903,0.8910370756068767,11.405464154659136,-13.108854452014963,0
240.04508823245058,47.781117287077315,50.098656706145135,0.9549619441684507,10.271806913366854,-24.225352550545708,1
235.49897369145273,36.502269306187685,50.38677380755351,0.8886791331666882,8.628238272730059,-1.9825020872753498,1
215.90180320508966,67.68169293059783,49.47452941690552,0.8054322602907307,9.00180147456945,5.4065131256137136,1
222.29199623994958,53.19965191145163,49.829829758558546,0.9420208189185663,13.736529631390319,-27.18561537713097,0
214.11179717166573,35.9305659948683,49.887138684193935,0.9769659390291343,7.1498844167897175,-5.874435035340191,1
229.0598135409024,45.58151072759176,50.227823455044295,0.9027809425099346,10.952883970539666,-14.540284809798882,0
244.32713480751858,51.10886382828418,49.603389401396484,0.9162217043397011,13.360869959626417,-28.160964557566054,0
215.21410930496685,67.04592093297377,50.45782690212917,0.8325872877938093,9.698702030731091,-22.460247023309652,1
237.56069773276766,38.91887541741131,50.593207795258806,0.8441291889357915,9.568991795890536,-21.657950470897347,0
222.04613572441338,59.760407193559466,49.50556382618221,0.8470340478249224,8.389641910812205,-19.02754511292173,0
218.10690751606484,63.99486426972343,49.754563552553215,0.8861483949762591,9.62833741159935,18.202654286275276,0
228.39454460068163,43.7134569492543,49.734034245853955,0.9856290441791284,13.768435162104677,-3.6304880113116482,1
214.47136516370938,47.22486381139767,51.31619310233875,0.9043569533429773,11.383378531270026,-21.17484046377679,0
221.69526041979228,39.6369075262623,49.785049947396054,0.8384195290402705,11.51478446589568,-23.982181984326644,1
212.03183161116726,47.96538858919695,50.838812721078064,0.85321754717379,7.9369558193228045,-12.123572476257657,0
259.47087699374583,49.63410025657069,49.366684002446696,0.8768030059454369,11.496855608947687,17.880931122267135,0
230.52895327957592,56.59649998082371,49.50517451691782,0.9246517951385599,13.11876342612616,-8.132409123621393,1
219.5041173801112,60.90183471020447,49.6566977340759,0.8880066306008011,11.846662191737733,-20.406158382363714,0
233.20969866101333,42.519039353783526,49.57715534427674,0.878488968835385,7.218694869121416,-5.753029107230404,1
228.31507925463757,30.326749357740056,49.866050632920754,0.912945720079799,5.0,3.318693437223452,1
226.68545600700165,49.78755220723758,49.64561089863925,0.8483669989908931,10.002491109381443,-28.22494898171917,0
239.21250050065137,52.935375299686406,49.59032920363271,0.8157806545169165,8.196350436075377,7.658508086410386,1
241.36261565070959,52.49417687685042,50.57923599823666,0.8048828629644444,8.008245002711991,-6.293954819112642,1
222.04248278584208,46.73326752490956,50.611896811256585,0.8502518326934254,9.610012369873196,-29.416447492128338,0
221.3627263903298,51.247520996639345,50.47464824918766,0.8183184068288938,9.092923409025635,10.433363936782854,0
225.87422454272533,65.15444808352248,50.261999477792166,0.8672681277041534,14.637746447282403,12.743258133758893,1
195.4711825289662,53.817341689625096,50.04637153288978,0.9545867080719511,9.192180603154398,7.730387313520971,1
207.2721340670217,46.26631574996915,49.751484654667046,0.9432588660973676,7.883074627785306,-9.484186944094667,0
250.50311401166786,44.99802182904004,49.52342124762245,0.9221855245576058,11.242115366031195,1.7762912439576688,0
254.67451570251924,48.301476423222695,50.181497851716344,0.9705000487758958,10.314221890776972,-6.770537631993879,0
226.26445940665434,66.3673996183064,49.4131848037266,0.8564135249088554,11.544150010445986,12.037303809581665,1
238.6483544458365,48.166992904738024,49.503039535412306,0.9770107506059932,9.993803999800848,5.014811174021318,1
234.66875231815305,49.80205655479292,50.576456628102406,0.8798478339338358,9.863365522292131,-25.092053170353015,0
280.0,53.27182714880294,50.219461275661835,0.8801786636533253,14.52694280371415,8.585613493139846,1
246.79362367151865,60.98983357441965,50.19664756908324,0.8810703227251043,10.508206533649151,11.23430486026809,1
228.08123612778851,69.59837254744676,50.55322857614732,0.8196188732481964,15.601713057948341,-7.757869163118038,1
215.6668933909936,54.50613049431388,49.87707584127801,0.9950980996662111,13.173118685921063,22.547146857582263,1
205.90330519613642,50.827729037854255,49.33116290695616,0.8277013555650319,11.796346853248995,20.58086129069776,0
233.71554215757638,25.48502465039742,50.733069472703164,0.8681771448938369,16.46431396810248,-19.490008566015728,1
218.65473882073545,26.15693211214254,50.284644661635035,0.8638600640653514,7.803613006447801,24.255978509152115,0
208.66619435603488,57.451508642848175,50.03583427694012,0.8149358865633419,11.620938241745511,-3.547657710295347,0
220.3014067363621,51.341664159958434,49.87881227094744,0.8304520260223753,6.767951896797273,13.424979158057603,1
213.77677994578409,54.28342050660725,50.48110528929055,0.8089716672370773,7.015295374282916,18.845820418034158,0
255.30712452608847,42.88537805916295,49.50713348328626,0.8584808987121028,10.119838414580977,0.30674526418139436,0
243.22459635424175,46.15543121022908,49.613109710554674,0.9733313848057813,7.530598325371563,-6.053883637751056,1
229.88041038025074,45.88975063496827,49.495946746619786,0.867888441147477,10.386367937717749,24.9270821169059,0
252.1991620833504,60.21622984073039,50.042486481317916,0.8247383664134759,8.255031160001746,-16.14878682387461,1
188.96228508335463,62.928057952625196,50.80969865365709,0.9291387736767835,12.229975930602832,-14.58179533685133,0
243.65103572912847,70.93991490940816,48.2758932840626,0.9993201824109821,14.721238343716644,-8.302781159193774,1
252.84686115904486,54.308624190150375,49.6471222188864,0.8464647579063855,11.876649163019739,21.56794667823393,1
238.08365065526988,37.243173400042686,49.86969583383302,0.8559142010741139,6.092638655301823,26.32729585278456,0
214.44130768510314,48.71453706748043,49.25631277679801,0.9943694108561577,6.590536774291933,-16.795937114708288,0
227.14491982874588,43.48324877843584,50.043602496018636,0.8357552575100975,10.724144449259526,21.83220885787472,0
216.86572619922865,28.056175301799758,50.62365182533234,0.9022428134918328,8.161029563603154,-14.507822431885842,0
209.25800403553495,65.9947094011379,50.06774568615838,0.847930426603219,11.006876815394602,28.23847480499328,0
243.8926632129746,57.03142542220004,50.77066057240066,0.9864703795802487,15.045214481776346,5.844473518894937,1
258.641249607052,55.33207317899313,50.66699909293846,0.9963042029152588,13.47648257928471,-29.574811953157056,0
209.0214863927129,51.654036602997046,50.38886752362393,0.962939569224003,10.973649008429346,-27.952205755729327,0
238.44453855035857,36.17982431307563,50.03734292131844,0.8629567631625621,8.962904144627483,-21.150928151717494,0
220.2403614631726,45.163828604445634,50.01125019412272,0.8806974950561011,9.870377945757694,-18.745610530874597,1
222.69311924352957,58.41780774784013,50.38189988618163,0.8484611367332843,13.719777032091024,16.057147369595796,1
221.11409113641696,39.487799702174975,49.804164695247984,0.9781515934017984,9.578305105631944,-16.63404741498301,1
217.04013845480276,24.682306837491865,49.058739624266266,0.9829116555376316,5.321677389666271,28.148497202991592,0
230.7278244191724,47.72893992219074,50.24600202705148,0.8837741324492094,8.209631433228981,8.166723432176298,1
217.53574825383444,48.58242445972461,49.434465685032514,0.9313066139806003,8.885423149764957,11.551050555211063,1
234.05685238669759,51.35563416414709,49.518929385904805,0.8331106359549388,11.634207677529794,-16.93100884288755,1
280.0,35.13382236585999,51.214368524711304,0.8869871800726818,8.644639037685227,23.562378845705084,1
226.41577929700387,56.37605812231209,49.95243756122326,0.9262998213346996,14.03530303258576,10.068874369195882,1
216.38654506937604,52.587698052439215,49.29396219684219,0.877080623703604,9.41825003535486,21.864337460511834,0
221.348430041475,61.955313880867095,50.08274578206657,0.871519905137292,10.314560702107366,27.388865833873616,0
241.33086838738635,34.81030219186685,50.48306983043052,0.8001997984533886,5.0,-22.461541373424215,1
237.5137578143657,55.045818144773904,49.435829214867105,0.9608586927554228,13.911135794592294,-24.20476618386326,0
215.33667132802174,56.265383633369424,50.63624166542438,0.9778675224042896,11.81856060709439,18.204469595378143,1
231.4899845814384,37.6043771391976,49.21991458743503,0.9938927059091665,11.829402911505504,21.967563545650215,0
241.27080685057683,34.971293913176105,51.05866207218548,0.9438542770138432,5.437668523925675,5.025685252679139,1
204.95892078317942,42.54057873524398,49.79436978475826,0.909758462473977,6.7759214784432595,-8.039967134968762,0
238.15040288569904,43.38458557484708,50.072808498413444,0.8538569039617419,8.63765548714994,9.157778164513424,1
220.0606436158123,57.534194635024306,49.053983213757164,0.9998598951926997,11.155524544728337,-11.660155644452562,0
238.5589800288974,43.85461216308905,49.968931966765346,0.9179505709064212,9.615755005798597,-15.69685847079191,1
218.55111265186224,41.43651481718796,50.114241088859096,0.9362308144660892,9.117504434787348,-0.71128742836407,1
202.9267684900322,43.883662633054406,49.95691894795025,0.9364812323910635,9.308492911822112,-17.03077034361722,0
205.58686343175256,61.18632334154212,49.71845946147381,0.9690503591514363,15.202119802174039,-0.9777835010896254,1
230.72127419992074,50.13043374376952,49.52671774073609,0.8019345077693839,6.668356003724142,27.396390327814316,0
233.89583752582223,48.20748974643088,50.56526330976865,0.8440493880862744,10.19262584051233,20.38704213704343,1
216.43525062343386,48.899945012989484,50.01540356749898,0.9331068000340028,8.581810537454082,26.497855170001337,0
239.5788868816606,62.92060334326523,50.77037618825839,0.9790291473649135,15.618350841060163,18.37973849084151,0
205.0771990659656,42.50828273396758,49.73675882260254,0.9370677563842713,9.031533385495539,-8.714943843223399,1
229.00880302029026,63.15508290940104,49.782602653313894,0.882698258298736,10.792687880752434,18.722714313093547,0
211.83475700356314,52.10496298921504,50.407797122298085,0.8723110991740524,7.825953091387501,25.374944613192845,0
220.2224583829676,48.395806180246524,49.188512518998216,0.9475896016566641,11.122547720651802,26.82214727022327,1
230.7109800697462,75.00900497934282,49.393268319923536,0.9482475394274387,16.45661298864942,10.99187104109982,1
217.0937995207407,39.44360510201403,50.548742485676584,0.9214115985011381,7.45076891352073,-17.31800137109321,0
224.23166683655262,46.46314240432994,49.4140330353884,0.8582934048194675,10.25811025053127,-27.61625079811855,0
245.09439213821662,37.67568760835999,49.090474492348726,0.9850309636781087,10.55931112988556,-21.167986310390653,1
221.34662195715276,59.524619705361694,50.934263594036544,0.9103759884237278,10.935465518216755,27.932815073636725,1
242.53538168097714,66.89188933651678,49.3030911760629,0.9580984712496661,13.839747903102783,-2.274190548433836,1
213.05439718013574,66.6992278140464,50.09205969916408,0.8428616524323663,9.45370131112859,21.29916088992345,1
237.94706266872925,62.23948753146004,50.03454259636214,0.8688081577229456,12.933699228873355,-2.0973507865025347,1
251.6235293098685,48.02379532204034,48.59468584169096,0.9749159032774685,8.934482175940659,9.649055007590363,1
192.92533249809065,46.347590225101534,49.8663414884161,0.8100214059879938,7.441763967036513,-28.55155337265998,0
218.04657116794286,33.28830227505935,50.22420662473955,0.9024630622513324,8.984111628286179,-15.008103436837994,1
238.6560819077081,70.35873535181793,50.17715469075943,0.8963410959688018,14.34402792198133,-3.8238431974446456,0
226.9543192093551,54.68978078148468,50.45176034190175,0.9502460377816164,10.722123146753766,7.837862829249794,0
235.56718810056964,45.08043095130517,49.806254342547284,0.8563787541198665,13.089978341475101,-19.70872871680929,0
220.94022219926268,63.28056888986968,50.35625222104608,0.8438133643719199,14.816946415049905,15.873087856229404,1
231.2988468120935,40.27235483239999,49.655335465959965,0.9852265677546468,7.648139718695556,-8.13571763182576,0
227.6648414691188,54.06622034222674,49.294766291793614,0.914341930391693,11.532640595115483,19.046116154033065,0
247.5167309248971,48.27370865709165,49.351135812159384,0.820937913656731,10.466374649709046,-24.121854576295963,1
233.8163126495182,56.386771398803006,49.26894477240229,0.8386072324428643,11.46364184865381,10.785395260942316,0
235.06403993112804,49.36426460813878,50.5047929839456,0.9997652119028497,15.230385936899676,-12.400300007609388,1
223.821845508163,35.49072108888776,49.242713245470725,0.8391217992504385,6.84010661223833,17.722990447357077,1
222.6859066389126,50.75576372670038,50.13701942032465,0.9220951022707358,10.896535641692024,-5.869774377455364,1
223.5116271827057,60.48864141875362,49.86703790296378,0.8840256157991236,13.329275481617094,9.920977935813987,1
235.91678213567445,49.70783594146015,49.94867571327468,0.977119818969967,13.838438248782053,26.058316118188408,0
223.68523278769607,57.75115121589086,50.68180364759985,0.9510337184590656,14.159327764363168,-28.762402079174137,0
234.3466228534462,39.54470514325947,49.780786316392366,0.9193902792523632,9.596313841853124,-29.332993059937582,1
261.1310119796816,49.73739206730148,50.30580078077484,0.8021477963595965,7.300876334772352,16.216755130602806,0
243.06687055147538,43.75489544911423,50.018781675690555,0.975959041498692,9.403405679179304,8.78358309048469,1
225.1096470174824,57.469808401047096,49.92399054718365,0.8889334941677433,13.138982391781054,-12.421216769734041,0
248.01820883245918,50.31491562261996,51.14998456219324,0.9863155306037154,12.809043942548925,-0.33619783354425437,1
223.87886940467672,56.900736763366126,49.27932912714232,0.8991078025708402,13.105877031636497,-27.483860064067876,0
199.42813197233218,60.87710426157866,50.64456591771872,0.9388448978365451,15.172479233525264,-18.453263678325555,0
214.87870533623894,56.91618575121388,50.32820328274499,0.8138585298933285,7.599625513496366,-4.530217528369953,1
201.93812118461216,52.731184342936444,49.760237502684106,0.9490303307053571,12.381509367248286,20.042664973288936,0
224.72729773938036,40.017877414885945,50.81465925872081,0.8675992062623846,7.14168769801737,-1.2199690283949103,0
230.27627568784328,49.972138893330985,49.07594494380573,0.8702718028663562,11.88526367060434,5.18175027155872,0
255.14655968412924,44.66909597984167,49.739116671350466,0.823731168941878,9.30575951971283,22.42522751962683,0
234.90391060646243,46.55936043295773,49.39575889786546,0.8293714297280405,13.324824367968356,-11.470865184669282,1
226.71349206786704,46.25465849249749,50.20604173243573,0.837151811241242,9.03901251106583,12.041959266123357,1
242.44108371775235,40.20074425217756,49.44346794940641,0.8656412337142845,7.155781097519926,21.700035520695202,1
196.83297036488173,30.4266141086601,50.21653197337066,0.9783939825551211,6.699312486499307,-17.843057958229394,1
233.5342183716285,43.318569516722334,49.90678179208922,0.8736520476460161,9.486071417940797,-8.61131009113005,1
241.5629779083045,51.93379451924159,49.760323028671955,0.9448725413126438,14.129886727985204,28.788610433361306,0
207.82120631330238,36.5182295457251,50.19432362301666,0.8165495007779743,7.093114116427819,28.993113887772665,0
247.15631064810393,50.15682236471624,49.86568918803097,0.9182197598543985,16.332909553489834,-16.606204182363726,1
235.07744611241623,69.00268424310966,49.45568257847048,0.8963782462540879,14.317320661093634,-26.013249666442313,1
223.770681291488,60.23056555252239,51.40068649481749,0.9955915893909009,13.21917895927121,-13.744703321396827,0
234.6663004508735,90.5717867173917,51.7687402059504,0.9692415539757926,14.213570857423848,-6.136082561778764,0
264.06039286706596,53.91127876932726,48.89119545992399,0.89096595448773,12.854979616014766,-3.5396639441301794,1
232.72799382587743,61.67509822986446,49.57895065513931,0.9550285528090677,14.170141470983618,7.128378439825418,1
233.72330879450504,42.760352695322126,49.366361655813634,0.8386077482587555,8.943543307575123,23.97016560789278,0
223.10958650689633,43.55659732978016,50.41307280802026,0.9124672654783557,9.001635898516628,-10.179119285570252,1
217.25233445802812,22.608597938625273,50.160826329795796,0.8149238111137417,5.0,20.99907212995251,1
242.45503724816368,61.861454740422985,50.19935640089517,0.8696178064503366,11.279737910099414,-24.391264744402385,0
217.158742611367,65.40323979819885,49.81498876708138,0.8451724363244341,11.253539736776517,-27.487518061607116,0
231.0734935582909,44.4682275465273,49.86032487647154,0.9437819630650421,11.980839582288858,0.24271098740767627,1
222.83513829852325,47.460482936027645,49.81453444819616,0.8980181382428724,12.210916422890147,-26.420266600163707,0
237.18469738619586,42.46137886309039,49.959403407932264,0.9502140957696021,9.415856957572888,-6.450611925946191,1
235.0049315793042,53.82653551477492,50.417666717682415,0.9030590875262892,9.540081164913515,23.806687012154065,0
245.5630991638685,61.24932545303241,50.168037706252676,0.8172968884303278,12.130267256839403,-15.511017827551598,1
222.34975401717878,32.57228026118959,50.25005641481043,0.9470735299465054,11.042452669805762,12.35854650749419,1
225.95187597059942,54.094385306422524,50.2497794541246,0.9666458527975611,13.812984846523054,-11.858076456595988,1
215.31854426326538,47.233282282808545,50.44222121869087,0.9807062451825586,11.075465589209983,-27.304796685471864,1
223.33560109885832,51.13394391966689,50.144075020770124,0.9143983890613416,12.367826962272572,3.40143488461856,1
235.6595073956728,54.58994001674291,50.17942403633946,0.9507170717998991,15.311764546525591,20.091209432205105,1
241.35482924968028,48.11797561227179,50.59440312059658,0.9504088673765254,8.731846478902588,-5.431893099442835,1
216.16752013733563,48.964131465942195,49.66747704099844,0.8311499519597889,8.013189423209282,7.03762958748522,1
243.0440888015849,47.86124832445361,49.572128710024245,0.8328441374919142,8.630527455742335,24.001415859463556,0
250.33456788207425,59.70316201788282,49.40703920040657,0.8141771011618253,13.34272863219605,17.381670764219265,1
236.2015235483555,54.18759960127497,50.09145728181013,0.8639827270280603,11.37850395709507,-18.36741603643084,1
258.151937188371,52.20583537737361,49.07313387939044,0.8947017175482129,13.570551211589528,14.00303756190035,1
218.3931620134464,37.290482789077174,50.23107704802984,0.9995795705508435,7.126787777843297,0.11358150960911928,1
211.33017945032876,46.214202567868455,49.94540345274972,0.8861986684136339,11.398924157157229,14.758008473165084,1
203.31919626643582,58.98669160339174,50.567319849910525,0.9452485177014742,11.197817845209885,-0.32906696866690766,1
252.44066467233773,50.37696573123923,49.664041344767504,0.9386794052545069,13.326459873967913,-22.32251015350183,1
239.81548484531086,56.59531469589138,49.898340857291245,0.840896390050116,13.80382277195917,4.194566801354348,1
229.16622993634317,67.66511800327633,50.561101666646685,0.8117014302898873,14.816945554567575,-0.47196045615960713,1
234.1995293947973,60.386060692088165,50.69156782338908,0.9092013503067176,13.579934170211253,1.0753040184865057,0
213.11766429052435,50.93158337699742,49.65992381712409,0.9400611184628952,11.842512100884843,22.734147218752213,0
266.6862796942524,44.890108298042726,50.09089061629358,0.9996503580372512,15.450711539699853,23.690222802375082,0
231.9383177296284,24.464504039441017,50.14720948884202,0.8717222104562342,5.973577373378614,-2.787773594056901,1
231.6409219190734,48.316150775271474,50.18682670281058,0.9792729124162194,9.500727388286347,-2.6560775231946963,1
240.88649935848036,46.73987504183151,49.86871217034219,0.8763864911738373,11.033341242188731,0.9112175323569609,1
237.2151384760507,53.90366194395376,50.64069169906182,0.9378823416861026,11.917918319986308,1.175356700055417,1
233.35826036418698,48.460947730253125,49.05514825818923,0.9196505861034104,5.704107753732413,27.02322865074676,1
218.1428831683203,46.79614940563206,49.78943488259946,0.8105957586605195,9.198757730478116,8.964028042649609,0
237.07202535703993,32.2060106949278,50.22396536638647,0.8156776853940517,6.4611180357816425,-13.352580306723361,0
258.2303674471255,40.60032170849934,50.22861240597467,0.8041528179448922,10.743763460971994,1.8922078172393952,1
250.18130069232467,54.76651040800557,50.67637951530738,0.8741668169187979,10.477258986927371,7.633414974478974,0
253.89779939959095,67.15907631132694,50.59911269660064,0.9491602097532021,13.17322555773868,8.38630326083787,0
222.33176485353223,49.024746162543764,49.85722918734639,0.8345510787981446,9.43376679661432,5.115253574290961,1
215.1559276961213,53.27811073574124,50.6499356217653,0.9211705936767791,11.31982664310271,-19.335830722707758,1
228.11319619850528,59.52478156952805,49.64297912811127,0.8577655560062156,11.834739574949031,-27.98440865522955,1
250.37776432534656,32.74414618043839,50.103907491639994,0.9593985247958144,9.318762325114799,-9.729416857988735,1
246.41287277706422,53.66814043285442,50.905261239210496,0.9596792298005982,10.553843893694102,-4.3486707263847855,1
204.6130305542777,42.59509893667841,50.607472053427486,0.9550829029932847,8.046202495690563,-26.291745625434803,0
252.9432547919092,58.648244384910114,50.05288519176206,0.9049667027602754,12.728077816575656,18.898040281190767,1
227.62988152131516,51.514030479517324,49.83411061411394,0.8569133420159704,12.193697003628976,-9.355353749383575,1
223.5967839507887,52.9845181398144,49.23570435187035,0.9618888087757269,12.15430890370866,24.817964770710276,1
214.81843437109748,42.17401402581411,50.1552698189571,0.8372201123878483,7.029015411872541,-20.73539352946409,0
205.17714992201346,57.07032359610785,49.44239138601454,0.8579519204057312,13.493980363784582,-26.583902583761194,0
242.34755875942872,70.84712921231016,49.60343266819303,0.8367895412321243,13.829550462379085,-1.0610337368206935,1
231.09976950782607,39.92088304571794,49.40462709963166,0.9348420320775296,9.740152005862054,-18.6522397904576,0
210.6505865038842,46.60240992352476,49.76980383367167,0.9372472056231637,8.86694911612199,26.243956534671668,0
210.57381841904575,52.31607474168092,49.986015292756505,0.9305019985573506,13.51308317420429,-29.381796092775662,0
224.9632295106481,57.86406211995816,50.13680729058285,0.8831202933729336,11.669549236419755,-5.242819496457901,1
255.0353228793409,44.40453714710531,49.69974668229302,0.8200342014402867,9.51949066197137,25.604866280710098,0
226.10612972954593,21.6696970985726,50.53464185319759,0.9822339169030042,5.0,-6.9349075962139,1
207.4528557032284,63.59189494164025,49.89589737100502,0.9015461928024476,12.286509907251988,-24.413443163972353,1
226.31385403871084,57.60506119584143,49.60613878336724,0.8813944389822184,13.889659334067588,-11.826303428292775,0
225.90914645378496,32.57052469513335,50.11314613362172,0.9177649786496587,8.444583526995427,-0.11937636993399181,1
189.54670035587642,43.92431208220444,50.98177641677191,0.8385580871638212,7.03774248968065,-18.890898759400017,0
196.3911380404151,80.44339932900556,50.839728688261474,0.826509755820975,15.844371670403117,-2.006297691404285,1
226.53598204686983,64.47796418457867,49.8185721863132,0.8811050442915888,14.615901663863097,20.180591747150253,1
240.44309547220126,59.38640022678945,49.23626932194065,0.8454441388199821,11.195776807038968,22.357078211796782,0
257.7343414241802,48.238875660401376,49.890293839513966,0.8488580589074329,7.792998372329338,-27.04435591735607,1
200.83253768393544,62.6695491603607,48.0,0.9785022975557058,11.449998577786015,-20.34579851684559,1
225.96666964167756,48.69074194873873,49.80620955437222,0.906151835437165,10.796619353478265,-13.48259185399175,1
213.40211136887496,61.282397832688375,49.1673076808795,0.8966938128646702,12.921176888518065,5.691951053256105,1
268.60039704874794,41.2415759350489,49.574717305248285,0.9378959187457194,13.107820849591523,-8.340314472451972,1
230.88827651021734,41.94200345115795,50.72726923044388,0.990309622735348,7.400984131919646,20.642454806764526,1
230.2089393786942,60.10274586836016,50.71700050186523,0.8224397128941129,10.501120953426362,13.00031209697626,0
229.63812369334994,49.556385444884384,49.5566804153977,0.9667069134218514,8.645873527983293,-23.97263861318951,0
232.97127141151782,63.78467355453808,50.33637839359971,0.9168038359735692,10.946103365616084,7.473450150725469,1
227.83459382114086,43.28487793019454,49.410713607614916,0.8292330707623675,6.922087053940431,-23.219242479181297,0
221.39506989679646,49.452216396611746,50.702158140997476,0.8594298637377984,10.142672503772488,-14.697859821812395,0
221.79711588139412,40.77587015156047,50.12261792394712,0.8964722832929479,9.650457661765753,-19.327761987946317,1
229.50870094676003,50.07362681423567,50.474820749308265,0.9382354289154846,8.885805807495816,-19.6162830479577,1
221.84862843299354,35.21453063001201,49.14245332640873,0.8485214033906905,5.010347950855532,6.983731486611553,1
219.30731325984254,45.123665790450374,50.33881855096244,0.906975763093518,5.415740369548078,3.816295353249693,1
231.59645341537845,35.63746135071882,49.99616296815775,0.9369343254831723,8.161700920423293,-19.438310832736388,0
226.17534173868717,56.93923233191258,50.42596453539542,0.8897481501695013,9.994121605493401,29.410368325105907,0
252.55989482874034,57.16589339759652,50.45743389904892,0.9726051922240352,17.36835369560077,-4.689796057902374,1
190.23545287410482,32.697372695156545,50.03289234473738,0.9738918205680809,6.877419017043216,-24.1758403107038,0
246.37260277883692,63.33885745500573,49.69958518045204,0.8941382435280891,13.61009929409294,-22.765858982693093,0
248.69127788746442,74.97415126419854,50.389848091089746,0.99458514208178,17.262230344817816,5.033622823595685,1
198.89914651387775,50.46006386736341,49.969922750297435,0.8151170184810895,5.191551874889056,28.744164203008367,0
224.85968608879477,43.58885739775355,49.56360752323618,0.8006724756645873,5.111949066623307,4.317066097151866,1
224.42838701006312,78.24330591003047,49.539923884271154,0.8761336527607838,14.140641627063857,26.94248859699823,0
208.88732457923268,36.8103150169749,49.26141779184381,0.9202194122745019,5.677952905765705,-3.352028954518392,0
218.33274968613688,50.20106466869098,49.744854420218466,0.9258400314899322,8.149359759918404,-3.8495337808792804,1
213.34136231801256,51.796222726319236,50.55134602303719,0.8952891472587657,10.647382275934028,0.0004415589529358499,1
199.07929500936734,58.89754467730667,48.21913184701475,0.8249766626481293,14.443973102933517,11.845527489333314,1
244.03517589721193,53.59738975126788,49.73511614703848,0.8340995043575788,9.99246348268694,-7.943042012920042,1
249.07332642491238,45.01366104211549,50.40242796909004,0.9704295967704019,14.75047226923876,21.83316196073742,0
240.82508096064853,40.48815629612044,49.583761689138306,0.9735822263478523,5.999516604930038,-28.243116913911226,1
213.06422343174157,46.581781797538646,50.04767513716639,0.934779707572144,9.393933354217832,-3.614148298293461,1
222.1321960058034,39.93072639054856,49.910184813637244,0.9328435944557765,7.837068935473027,0.6595109987950707,1
198.28508518883098,68.56766645699355,48.0247636429887,0.9195364256055615,9.915141008774254,6.421934295785768,0
211.6680828666208,44.35803820139513,49.21138581454025,0.8405851771403977,6.497080602890477,-13.435685258048203,0
240.69497645258582,35.059622067102495,49.57490112709267,0.8856501400519806,7.459793848190387,-4.351201740849881,1
226.39511902762797,62.55145788374904,49.18087717045273,0.9391789302926757,12.848980961931366,-0.927734987156601,1
224.37768788675604,45.02327476570961,49.87020163909536,0.9074504544006677,8.383509526230661,11.214598720992797,1
240.66439952305237,37.318631950246875,50.60571375181622,0.8037160668110199,5.0,16.41265108414884,1
236.66394967229058,48.31740865512459,49.74727639517324,0.9907113613440197,8.092549655908842,14.269639640627233,0
224.5855075127138,50.68371565967659,49.74465803090217,0.9689632105144287,10.452508617154985,-9.505016862624881,0
247.38994705046372,32.53533274420967,50.43586221209207,0.8521090028219476,6.054360081993322,29.967031379517813,0
213.78405008600154,53.316476671257625,50.53427477922765,0.9232917870332592,10.129802100530174,20.919918707230764,0
239.23903410416395,39.528424313097354,49.955714466365606,0.9846478767456376,9.09431738697394,-14.398597611301865,0
238.89651886952575,67.11028809190788,50.34235742702494,0.8192022024227303,12.088784343523422,-18.29365165963035,1
225.35680341029015,55.23960512076735,49.461522729561025,0.9006058961593402,10.786486472411118,-11.158724964996573,0
234.89199533363177,46.001000098906836,50.688987166962704,0.891248605169259,7.9231222591621595,-2.859308820021308,1
211.23329635422044,42.5483222968265,51.07435314696853,0.8820410010567065,10.975343053415727,21.04796269917683,0
243.86040528810352,48.95032292436376,50.26060789559436,0.967117721778585,9.94504803687502,16.701735827672067,1
227.22646795335515,56.127907415832894,48.9578341893286,0.8761292293394916,10.431968371665338,21.074767410352564,1
222.1591546922144,49.745058714148,49.72088486880111,0.8127326666482015,7.534191353065367,-13.682573105380293,0
245.73513838755335,47.82841192863143,50.30641266083466,0.8131675484328605,8.076093854491159,5.607673347110172,1
219.4348446418586,50.58370290817896,49.78925850141682,0.8085489213049218,9.02403627195661,-13.005056263357531,1
208.87308055454662,43.961410687630455,50.63609927712505,0.8818290843748074,7.892799525540032,-23.458610356830413,0
206.65056239714144,46.56794073156962,50.29407863221793,0.943681255539672,8.162398686419687,11.051864608480841,1
261.0754059729048,28.210731844280446,48.198363498350396,0.8407444923861032,5.291005224145798,-21.420146928273674,1
210.79355971255575,59.737262308523675,50.016132405385626,0.9292937040863098,10.262253114932141,10.061865702388289,1
256.3219127297655,52.98797780321762,49.55308338968045,0.9374176944207409,13.535439486050972,8.877858294324547,1
198.77105888174418,42.265441559665696,49.90870756079378,0.8510404248031196,11.26010083343188,18.61490666544102,0
255.44684552435058,68.98734981355238,49.722703379783724,0.9201115312121259,14.465075735252045,-21.626723726186135,0
233.16526200803926,50.87016480392386,50.58738090011652,0.9369736680053695,11.901516640281812,17.00880891052865,0
228.5493033219441,39.63856428024803,51.0580060284155,0.8933227245604252,8.182835656115463,29.95659155677422,1
221.82621369786574,58.567374214704586,49.284405833382124,0.8673433194560191,12.605592125512453,21.06254691515413,1
235.98704171528107,53.980482165092624,49.038391856895124,0.9238303103148655,13.161977825938285,15.10872457965997,1
229.43547946362727,53.94579985484219,49.87741378907431,0.9955694174656113,12.7330681726924,9.729921281682458,1
246.54952823024783,45.7424439534841,49.24079215058566,0.8853682818737957,9.905345758469961,-4.693110918874236,1
231.7134147299306,54.504957237780346,50.023105801835456,0.8783470192570242,10.22420942113682,13.830010073496133,1
232.25452642192818,47.38241709778905,50.37446805690296,0.8928533804852227,8.295735071644714,13.450682108427195,1
224.54581681679215,55.559414516458425,50.747070948633414,0.8152436786890097,9.976990527547636,7.889896961237298,1
229.14581564418398,30.95055545989361,50.10069727935764,0.910632655934278,5.0,17.77670269786971,0
234.61702653338088,45.661265370208106,49.90342238757521,0.8657394774434528,8.086877392499265,-3.0741666943899197,1
204.3474741101506,67.22155097808195,49.01080754171346,0.8242844244662525,13.536534879092393,-22.72483727205656,0
209.77721866841432,42.32932544599699,50.013092574592896,0.8932513482234747,8.128853593090428,3.5440636565542434,1
241.14896141034072,43.961617025068136,50.035643630274734,0.8006767973147956,10.273542398096904,-14.097388277319443,1
232.56298157191912,45.52038661550025,50.319478407106374,0.8803570490325519,12.259061635356886,-6.934014154250988,0
227.2402499547098,37.85193864111356,49.64575594923546,0.8211470535852902,6.709024329652304,-28.95510576352644,0
230.2765089959809,27.91719223771748,49.78247369988207,0.8048585406799561,5.58882449601974,-7.032564724926999,1
235.21372558042506,47.69413601476387,49.260998872347905,0.9648950092489004,10.220804772991544,18.528066368127277,1
221.90360479535957,51.35859424081657,48.85435359655797,0.9832497606565269,9.580548942505068,2.5633420162952874,1
218.3254291189653,49.474949314613475,49.445751454601606,0.8415349296718213,7.184020451760791,-29.41196838396174,0
232.93767882646523,48.55121438052113,49.214837092873495,0.9078596527668523,11.953655222446708,-1.8093707856091648,1
215.3244083357745,50.430408708503876,50.168356147710305,0.855591631426197,9.708036745515884,-12.512901141275556,1
236.12379133571707,60.22841471550764,49.740932971666574,0.8987154877344364,16.474164096605943,-1.3469606761697328,1
204.4612459364324,48.09553814070783,49.730881434962605,0.8873262641788321,10.669780930836904,-5.718436713127378,1
245.43733455988465,44.259174229127304,49.5077934769124,0.8538102110160972,7.812389475687505,25.918753173442887,1
237.08896223619564,47.188745151119136,48.383717283743785,0.9400787159270596,12.198219808864664,-27.52936206221905,0
233.84044601470814,55.793467597567755,50.754155374373774,0.8252981918640508,10.157324074138117,11.015280676915935,1
244.7403647591827,64.1202687854325,49.499864738611606,0.8106145564342735,15.15454609702687,21.06159577810449,1
254.98211666693865,43.71856260830822,49.79378996507505,0.9535350866074559,9.656818502411129,27.554315079028527,0
245.21555097527195,50.989337870288836,49.272553917355346,0.933186006244136,9.563126000888735,-19.341826407342246,1
202.38688653002532,53.3835744193596,50.485965171720316,0.8997052248292796,8.129026931734968,1.8782881179716355,1
210.80634549896448,40.07421993271177,50.071714468518664,0.8935579540945083,6.059358303976899,-27.384625360967284,0
220.62772133456482,50.20417167212918,49.58681735736707,0.8994822758982852,8.28255073271661,-0.048988532694689724,1
230.39136575316252,35.34326142657905,49.80388519432799,0.8874048152197346,6.08072764468719,-22.472514627541084,0
237.76488530703685,32.30949696260601,50.839089961062434,0.8785784591662359,8.462679552099866,20.273800481922805,0
242.25374756579043,82.86524071648797,49.01535887821471,0.8999381205772241,14.174716617836014,-23.16779984367811,0
232.80150146715619,46.16125258669217,49.909133231192044,0.9057030342319521,7.072676127395393,0.7973016231897176,1
218.66925601470015,52.02280407621219,49.52930925693037,0.9383804628167242,13.201843165588079,1.2657641395652242,0
220.82723295512076,49.8210502299165,49.05270942476385,0.9422414321468046,9.410986441636961,28.299029875896323,0
208.90008354727667,40.235999513362025,49.919980663210325,0.8755258160280289,8.05482540824514,9.298841642333286,1
216.15150130833644,49.547456980356635,50.16274255616231,0.8827081045486977,6.145297427912105,-12.729582415391885,1
209.724730915755,37.668986949851444,50.54979223216383,0.8747394339472446,7.958614915022409,-15.55204140371169,1
215.36190120534002,63.909723580014,48.875751732750174,0.9073071547251421,8.477296453030586,-22.305107661296105,0
245.8046269491176,36.440296551400365,49.437451836488485,0.8906707075828391,8.6057800169832,15.390883442943569,1
215.75901666752085,48.04214729031418,49.70962945472178,0.9779192926272388,10.651160395530356,11.445399370940315,0
269.4857309725609,39.57728411952752,49.9982595757134,0.9392722533832946,10.39983601774972,6.592627638486356,1
237.39976851321333,55.704211733607956,49.92748315423579,0.9797312767508891,11.48630968897313,-27.549573423000698,1
232.7725418554231,46.68568628718497,49.93915565715636,0.9418273983118851,11.334029066281547,15.769731983657671,1
217.1246332972818,44.8133328037879,50.20404802928497,0.9941984297047628,10.455791736568342,8.513254628908754,1
240.50464819113486,58.532015450515544,49.54835344461045,0.9271473556510539,12.631753384522424,27.833332086629298,0
221.3654326064334,50.29430591677552,50.46707072111685,0.992710027632611,12.395959071366635,5.232127792608722,1
231.8301472196804,55.166444459359674,50.21672622084974,0.8316339780818852,10.444762353483522,-11.762885600297512,1
268.4012680740319,40.186740634825355,49.84008386793596,0.8104955361658808,9.799698694588333,-7.108766868640785,1
228.55910150413024,35.95183056072493,50.80045399594446,0.9158250370407719,7.273683824709826,-19.44955767730605,0
221.9642149812746,58.70655942231071,48.38415232754848,0.996698641159955,13.018732669718993,13.374850932083106,1
219.4523536231117,46.81153644505269,50.4664476775969,0.8835210494604794,10.225770905296725,12.463299601303518,1
229.47517264254557,56.26434672453944,48.4907216147161,0.842408672438592,10.080741244310127,-17.960999071339426,0
256.56200953453265,49.2009154733745,50.78947254635899,0.9043082898387028,8.947487909847831,-20.490640609063284,1
220.59549413318348,52.0507533923463,50.39737926123597,0.9297597249157777,11.227809481803167,-25.379704007868327,1
257.1867283699539,33.76617470058757,51.00320431885647,0.8630357391031778,9.873568079875698,24.71854462090552,0
240.61627903183214,68.88436939614257,50.61873229586677,0.9429538716998519,16.227480093792018,-16.015809978308933,1
221.56299836158598,48.357580149679684,50.789171338748645,0.9950229014091452,11.297209200042394,-9.350188394891763,1
239.4861160858328,56.97586970339199,50.43932742509019,0.9793926243421234,13.279391339785898,-13.169729497350563,1
244.58831674440094,41.63908329780374,50.67434659932275,0.8583170747024391,10.219710298460772,-5.182523843352538,1
239.32714943325794,53.08009902217341,50.99706187036722,0.8653447366289198,10.62104363639928,12.842927962948998,1
206.44662920164316,36.97155236475255,50.1082773691891,0.8743082448899178,5.7654933282696454,22.23573802357707,0
219.09294236262696,54.520678382596714,49.21388472796094,0.8789105556787291,12.709267333788414,-19.04407502828759,0
226.28722046672743,46.44025915614167,49.84626954999243,0.8200638998386559,7.556841349415947,11.18474062446991,1
228.8834985634993,50.291905039355676,50.19497279969172,0.9523925677778579,12.741920525998792,-8.84627146545089,1
239.31008146326016,56.97974030130098,50.037443792185776,0.8730678527221402,14.116872505863803,28.831630097837568,0
232.6655150139988,37.6745968877972,49.37671901692028,0.9759639953410905,9.688523842560391,-12.06485044295539,0
209.9698346193485,43.15508269387203,49.18446618740251,0.9853881246240217,6.430392453723034,-29.568422639528404,0
235.70296776508945,54.573242810867654,49.629418665682586,0.8048862618615377,10.40762240553099,0.93839844119071,1
239.15878617925733,70.98221474546747,50.40386977799208,0.9977006139856412,16.532985901023533,-20.956134943443736,1
238.3968567189656,48.61917665338518,50.79016988541149,0.9420045463000369,9.926454858728453,-27.330334390896056,0
246.2117108833193,55.91136117923932,50.45828380688885,0.9040784451985925,12.731075885753757,11.89615391686251,1
242.50883231823357,48.930285301415196,50.52871364355707,0.8779055216745106,11.955662751019041,13.93555695050739,1
236.88770118842655,69.422455947563,49.95959221341822,0.9037036265219426,13.944595425519914,-2.3580592130098488,1
228.9475143281203,32.52778333034745,49.12895877114702,0.8649249447956889,6.098464899877084,10.613131005394635,1
205.08558599726013,50.94621044669358,49.772389709558645,0.9245375627393096,9.17775885066364,2.2943668948280305,1
236.4442732869888,33.744559664379395,49.87061779406381,0.8185960552889583,8.859080893880964,7.7880664633159,1
233.11531530744668,24.934284294632832,49.75147375658216,0.924224520582362,5.0,5.802238391277669,0
234.0736825579306,52.97462053117817,50.027347432687314,0.8550689700276889,8.13401356628686,9.949365843335542,0
210.84877136269535,51.39497796147459,50.220709879946476,0.8035269658104693,5.56060489261929,-18.022161079609724,0
213.78415189387607,47.15163062257798,50.42650759412175,0.9105411532325756,9.903961044950947,-13.877602797797987,1
245.79729279999356,48.93805909960247,49.860940067816834,0.9156895511705393,9.493321856649077,-3.6022110295384806,1
229.40667269215018,80.98299434071258,49.048120297177704,0.8853138009423073,17.78484357634594,-3.232319434848815,1
240.22251046058938,47.418248619685656,49.75856114035443,0.8144572465100635,6.6149860965092735,16.464702695214257,0
230.42477564195693,55.10124361250075,50.02185519849599,0.9786685905608383,11.3480290346705,-7.956380446228078,0
230.44634209243617,43.50635180386119,50.611403961066706,0.9222861614455777,6.585592340937623,-20.24969063644906,0
244.07425708963996,52.95232575040603,49.716096078907945,0.823142659913794,11.507763755599411,-14.912041770535447,0
222.2593290767394,47.61766324944382,50.2562718141997,0.9021861153188295,10.845954664314652,-17.115989856946296,0
231.44181165411476,45.8948151727027,50.14504394981772,0.8994508631896944,10.231198647704108,13.899601155361317,1
223.06587066942436,68.18898532200325,50.021950266561696,0.8120803737585854,10.18038582443316,-1.7796231224410768,1
223.48255658851528,61.77184963184339,50.4652666596623,0.9213719407205895,11.227948469050773,12.517841878259006,1
225.3624181479704,51.36746647399231,49.66957940162371,0.9616652797843129,11.601150350058173,-5.026819154542384,1
233.3320065745057,26.957880640560333,49.712406775178245,0.9498016108496956,5.0,23.384136150234312,0
222.81877067504783,46.389907767474305,49.99404958845289,0.8405938828328368,8.206564271400909,29.011218463364074,0
248.8363418836028,77.03027564405083,49.67992674745315,0.9724585059108423,21.67382922619069,10.190550522156698,0
216.58089046670744,47.69338333360292,50.2540061455273,0.8685084331318702,8.611325423952792,21.82875343417313,0
227.19692533757961,61.032175720536586,49.643403847816934,0.9893016756583883,10.740886974951838,0.4759960303237598,1
223.40403412588736,64.419424019526,50.113152103872565,0.8143495928451427,10.50494188122616,26.077250421234474,0
251.704668265306,52.18963915855975,49.94991361560662,0.8972417377039685,10.52512000870024,19.89518914036968,1
232.94832164767362,41.58178368131848,50.107462982388355,0.9194248754355099,13.186540851332374,29.506714305962348,0
245.47766809202952,25.646876682171115,49.77012930246848,0.8495300196949209,8.679774448861096,7.385624119666836,1
207.71659440444543,56.84163208608955,49.830455852736584,0.9542760377440456,12.7289605585073,16.75240441609371,1
234.0057539880389,41.85243997176452,50.048004633998524,0.9253791359621434,8.376744675797273,2.572088398692806,0
243.34446193435156,51.76150451887692,50.101037253080655,0.8036218874575911,12.523580538174231,-14.45279374371463,0
231.23425983913137,37.50179660410636,49.997899042304425,0.9216737181392471,5.725558869746242,-8.714689732214534,0
245.98220562598027,47.34762459529798,50.85268117825654,0.8982956468836893,12.615306403038359,23.640324883878968,1
257.1111306682401,33.468685188849825,50.79699163763571,0.8392058403407016,11.244118571991066,-26.643123204082766,1
251.1402116027837,52.68593581044298,49.96789810252364,0.999149645411906,12.917614083366429,5.488793164464489,1
264.4834718542887,38.85177812647586,49.213185488941505,0.979432438965523,12.342680669631171,-7.650958049753481,1
224.5574215934051,61.96910948761352,50.18604073933369,0.8585015390058127,11.052141884811205,-6.798447719666658,0
223.31746217898842,44.03105215268029,49.44237673181159,0.9082141841597233,6.400210619849472,23.07427238482604,0
266.52615030593086,37.4537368398411,48.0,0.8633004279820582,9.18495867057878,21.229342472773595,0
253.69358218596068,48.90976580036536,49.81396783733434,0.9550991503272156,11.680473882001923,5.93054253434812,1
222.15709959270097,50.3437530902646,50.14044556330059,0.9860662866392911,12.231945629874252,-13.624869155739965,1
223.69719774356213,51.6058943317176,49.72360454122741,0.8717657213828768,13.705518572328973,-1.472619230278557,1
225.7732308670924,63.621324036850794,49.702347151153006,0.9611168498287255,12.360966481726551,-5.502396372647038,1
209.83324233448585,47.6355116326414,50.71792823204295,0.899681508542641,8.706019975070292,-8.782918247850283,1
216.22022080273703,48.803803756312284,50.142283395237264,0.8793157122623155,12.41813306959068,-23.832865286562214,0
214.937888498719,38.96815618766907,49.71947457398887,0.987684370419754,9.610044243703237,2.586833202919223,1
218.48303652343807,58.20553502887897,49.87458316409438,0.9020809377438063,10.072127466662424,-11.890122127530983,0
229.4797266891983,51.843090640781035,50.822677476135375,0.893482100051493,8.719665983450087,9.648476575651706,1
233.5132209880478,45.79972272705837,49.88241756087445,0.9344868803924686,8.93802711131439,-10.847763850468155,1
253.25750739221115,30.953253065345365,49.65536168842381,0.8522468402036569,5.204056053118099,-4.130190411911897,1
215.02468938891815,64.44412195055088,49.6575019249368,0.8649585741576632,12.460494067014693,-26.858377548335547,1
244.76483597714875,37.72320035543943,49.725436759505214,0.9864091672477245,9.26469354990812,29.552284194328656,1
226.79016733661737,44.08721990630294,49.70275113878664,0.9357059690873885,9.91417653560283,0.45662299651054994,1
229.2580443552135,53.58344511076003,49.36017607582538,0.9653274295542011,10.176877265880798,-28.545744350149633,0
240.12229238249907,38.034420713833136,49.43789995152651,0.854222352387086,7.659870006522595,2.4738395256686445,1
213.1591696765655,35.064902217468564,49.58533981281931,0.9087580379859744,5.0,22.221239958338984,0
235.73614619276077,28.76052417299335,50.29578550922655,0.9942792533978997,7.031121703714515,16.353128055972157,1
232.49678312319585,57.20996952905636,49.809381356363566,0.8637407798056436,13.839613038065245,12.05440104776725,0
237.38676896012223,44.54813755273678,49.89641915545298,0.8320952952634084,5.950031121357505,-21.632120724057906,1
234.33752965861729,79.2727009247333,50.635044012627446,0.9021772016449329,17.726213411331617,9.464224739248344,1
266.8295020986634,40.05644934369127,50.64750357496921,0.8775642177449753,8.157590407331583,15.977902680735617,1
220.43390023623027,40.785489765710786,49.858937528431134,0.8319154465573427,9.084341941580698,4.345143837929797,1
222.03504567497274,44.346070297145985,49.684568244658294,0.9777102765406736,9.944203520209705,23.56494027122109,0
220.65289210362855,52.43134655138489,49.56778484316323,0.9981447821107556,12.357073225072803,-13.380613092906874,1
221.66784321259618,45.29796661214689,50.34638788485412,0.9137164361379996,9.304368244289334,-15.471318015644966,0
220.43919309040223,56.123322140025124,49.89764638323886,0.9549353536746908,14.470913575689472,22.17418469655876,1
247.83524796661328,40.21411610011346,49.8067525548386,0.9718076739092599,10.380318265369011,7.523894579487148,1
251.30756371984782,36.18408281536419,49.593167712431224,0.9401964012043654,7.1386721895854395,-29.91316676874004,0
221.43880559375785,32.01785260590893,49.615166795494304,0.8088312098223462,5.932039369451989,-8.81211548933685,1
217.51466640343656,27.76425832062803,50.16002909574662,0.8315268463433636,5.0,21.471359148880467,1
237.07123334579606,44.81930980524943,49.34228086705637,0.8141978382302774,8.975952326584293,-28.360829301495404,0
221.71665433578542,46.99019687606778,50.49743434689397,0.8019759213284113,7.515854120233173,-29.805124304309466,0
239.49397726633265,43.68562972516817,49.73307767809254,0.8611992817514473,7.656628831073729,-13.124442568492213,0
233.0438453127695,62.43405797187162,49.9251820278741,0.878471192096312,13.18018865919185,24.840002220556677,0
214.9601289033087,37.75728283145071,50.453210526498516,0.8482059464671852,11.060607091062012,24.088654888200978,0
253.2125780199509,46.65197012555498,49.993817030878816,0.8129209296172643,11.730837395574332,1.1257167480904755,1
256.93816509643284,32.060788868080365,49.83583952865472,0.9059726181673355,6.633164758604824,3.194212268377356,1
220.8081696427342,44.33294891944947,49.974959700571766,0.8546638639914284,5.0,-10.079519320968672,0
224.18447660096024,44.00178606082939,50.73585444918095,0.9592074309727124,8.73437677458307,-15.375800278331408,1
234.28798086087357,43.42865037721942,50.08884902289512,0.8016105243250563,5.0,18.91331125272709,0
235.01685184980536,43.022810961017555,49.6026704079271,0.9685054102575221,10.623985045479357,-23.622308370021514,0
239.87816409009247,43.465371042751926,49.64434004472672,0.9909507357891914,6.984246361824567,-0.758737747281856,0
260.15306808149523,46.134583841022405,50.297565592956886,0.943227012630714,9.343918972561188,8.063835569825066,1
227.34579158758925,43.64458901184443,50.64934664549671,0.9467288130525133,8.66916596901414,-23.779182577738247,0
218.0255413319232,52.08322508625592,50.140959010375525,0.9867124623205467,14.292488273342622,1.1764257283407709,1
209.3102115797821,53.60368715904861,50.34435637227738,0.8418142570600698,7.299206612903413,4.65127727474659,1
219.0360494008712,40.8935491281751,50.30486886166835,0.9989131136417153,8.972235996723372,14.549763630441888,1
229.50309540689304,62.71065326007033,50.70953220667876,0.9546962406757084,14.900217393377927,-15.909837051148028,0
256.9183679527668,40.19937698159386,49.02520491363698,0.9453141416655587,12.73128616732552,-12.400349802554501,1
222.23583051445743,33.82199386184663,50.33360946965227,0.8722181157990586,8.111581118793856,4.171268797982009,1
233.35681927458347,53.807780713650516,50.49186802195178,0.9091554970811221,13.603545405408948,28.987584598896852,0
229.75365655890872,41.825918655856604,49.330638146932216,0.9307835576546695,10.673125546202176,-16.950409030793132,0
247.82589910172126,53.21291470757388,49.55716590799679,0.9240685722634432,9.767943867021593,29.154229627407844,0
267.90398638810433,25.963313988994695,49.574608625685926,0.9409969276955161,7.264653312446976,12.860551983268877,1
222.0369684061952,63.924559414830675,49.635604901811305,0.8164763478156821,13.28607315143024,19.564924177801387,0
222.65840836222668,56.72293408040402,49.759141474532235,0.8711296865663394,9.0892264306052,-24.621523905819647,1
245.66241315603608,34.99523450836998,50.12130140652747,0.8868000033190955,6.46431207593567,-11.974788754162063,1
240.22837234439467,35.21222876153715,50.432837325583684,0.8521258595749933,5.601727947426894,-26.535823220941136,0
257.7006098860405,66.72265904097527,50.54065847888427,0.8345254540538448,15.894468795880258,-7.707180299809487,1
238.75892277988945,42.626200965020416,49.58108846941611,0.8277854959825726,8.28613013197034,28.877379595203116,0
224.6106186381941,41.65815151267376,49.57764850064851,0.8732766784513171,7.529438612141295,-23.68361626761969,0
238.85982246038463,27.339479058507173,50.65791092000811,0.8986883401125132,5.0,3.742366942271971,0
246.6305537087436,46.49221794398446,50.32337196770932,0.8125952880293322,9.182755286331947,-29.63576263117126,0
242.30723271796046,47.722803851642475,50.0414324209345,0.9892916189181099,10.304576601783056,12.760968962643759,1
237.60911046660948,57.15493096769485,50.23666833777748,0.9530486645721516,13.429587308954355,-18.168438457677535,0
246.0001203438373,36.00921571815525,49.98509810907428,0.9461703546370933,6.09549939486385,-22.224927772514224,0
247.5394338566851,34.7971320775939,50.26229234152381,0.8345721049977455,7.544534858491769,-9.778931270352743,1
250.7323848655629,54.509626347764765,49.83196665174713,0.9207601536024378,11.706430051404023,16.262657876338892,1
239.73064831384465,60.06730071227065,50.134402467219616,0.9059449893617335,10.546989482474201,-23.603214821327352,1
227.49322879524718,34.28847648882117,49.24472697481525,0.9964937691573388,5.118478161319777,-16.20966025207828,1
232.20070529649985,60.81514086299741,49.65610785258728,0.9495343540160316,11.05463635969896,-29.49213470296143,0
248.09763449762536,50.375418414868214,49.66149441160483,0.9151523767432462,11.024796556215056,28.104891761737086,1
217.74596493519147,60.91805339074646,49.812804983396546,0.9701625332940245,13.11086732567788,5.528735999331829,1
235.53009963309353,49.29779638482383,49.536743372610125,0.8310188541721419,10.188702659801445,13.193978183081967,0
224.09991781508958,24.777220825120494,49.73322818708846,0.8030433059381955,5.074062534775033,9.08299026936087,1
277.7310704825152,30.651988922919227,49.908886561119765,0.9380466666829046,8.962227745178497,-21.33812646781954,0
249.17677793910948,60.6014381867127,50.27435023819745,0.8196622920474476,14.494092573800387,5.696396339639648,1
232.86648602029854,41.06253980916286,49.9587432405443,0.8230867279967019,6.9859777858860665,-22.115064291524273,1
230.69654822234224,46.12035031092548,49.14739619611199,0.9489361452849061,10.996795651302389,-5.925812762212324,1
209.6021578853012,48.23866496449022,49.58258504472666,0.8541069688267978,8.307503429781248,4.137788155517583,1
241.1938034904083,21.00486120131518,50.168300713781086,0.9257262431137786,5.441195974599665,3.5328668461293518,1
239.68226271711615,66.71347575437477,49.728489026807104,0.9834813852185497,15.297247431629573,-22.855594441035542,0
262.4488208495819,40.98624320102826,49.651529269930954,0.8632949063275717,10.073552803816717,-27.93384182120867,0
225.383326475705,55.05735432472799,49.962703661495965,0.8434288315679838,10.45133878261829,17.894058832428833,1
233.28725491495908,49.132988638517915,50.17179876758911,0.8213125767482103,11.041648064409559,13.555346219760324,1
233.74075525566133,62.5761905635936,49.28182377148042,0.8260924722839452,10.445559061057313,-25.090865726115716,0
253.6617991964521,54.06056122428081,50.27506424060894,0.8124445390757686,7.601349907960041,-22.355068871906795,0
228.57056701419572,47.65075728479025,49.59985335919631,0.8175284757659481,6.957446106351548,23.555026583377213,0
234.1853228865551,41.0648490748072,49.9910360158751,0.8864009177618308,10.662163827096212,16.147734097306795,1
239.1184476457481,57.978507013821385,49.98228992965424,0.864173009004794,11.671544143641421,29.769617773000448,0
232.79913684734538,31.26558696045383,49.73646694088011,0.9413121628645996,7.035560859868316,-14.760753047698698,0
223.30349578174207,56.45890420275892,49.48817012693464,0.9740483316494004,10.173012550653798,-0.731820667871105,0
280.0,50.404454525592534,48.0,0.9569546406284769,8.825774849790145,-15.812425436258659,1
246.10447624789657,62.5228366195664,50.8126651545376,0.9061274513331304,11.897093688200885,7.368008308638586,1
214.6022705088341,51.61299542662695,49.319162484768185,0.8204884232465307,7.336385480876028,-23.07514565452092,0
231.99454511220313,56.44123767850109,50.846156509552436,0.9419534567883108,11.529027018447763,-22.365409635418015,0
219.4981877759124,50.819888138247194,49.87013941446173,0.8725657449453748,10.623554889504872,-25.68672651569264,0
247.92569943387264,32.47622904859003,50.01768570854432,0.8171300787830821,7.682974717664812,11.615164935850018,0
207.15219642824337,41.39270836604662,49.45664459430763,0.9684932814425251,9.462523041831748,-0.35564535400759567,1
221.6161722909262,56.72389337611382,49.61436529166126,0.8676433034365012,7.730916848250587,7.063872981277804,1
235.65817812596782,51.66655817359844,49.74854517498099,0.8436497665023143,10.258652721824587,22.75806279536154,1
253.4828604385151,61.809899053056725,49.47715251456104,0.9742904129237686,14.871374965310055,14.419709085321514,0
229.01374608390518,54.03274563037172,49.895541021314564,0.980426773689401,9.06767282678045,-2.296624909998542,1
221.672007099602,40.3329810929734,49.79649205409662,0.8677941674383121,7.790648659920126,29.06135930365359,0
258.21735604160887,42.03935862279366,50.92539057121787,0.8709602838562747,8.953673795759792,-2.624633931481604,1
208.27979149375633,51.02917390523237,49.41701290715977,0.9159257055166289,10.7578263789725,-23.25295960598801,1
197.01791065069878,26.859559339998945,50.05134525837429,0.9466882987621317,5.172192793693825,29.559284835162956,0
236.60021675079997,66.73441885622985,50.123923140950915,0.8126298403813728,11.732278635764914,-28.63075619910916,1
222.46918663471084,54.41746736377557,49.46483972567408,0.9186687314376943,12.973121211416354,2.9930135692651305,0
214.6815077430393,62.27034597048872,50.343413747726416,0.9905640123567163,8.799681723209892,-11.454270678017444,1
240.6253467094903,34.19396059190831,49.80083649355919,0.8524187794359908,6.885114879167099,0.2131290610190888,1
278.2219342779978,48.144695647616174,48.0,0.9817654428193867,10.798304472200972,3.5227771556712923,0
221.53882053894907,72.31498911027748,50.32992480605228,0.9900336681526187,14.036524461662568,-15.594246223290744,1
210.79543401993658,36.79121644622683,49.44152955794882,0.853830728194218,7.671443686820263,3.411525344235713,1
243.08685992420217,57.71401794903767,49.47611252693045,0.9508403731770702,10.791438497905263,15.363666720332247,1
239.75301766937991,50.01109944687293,50.343951041446196,0.847755001663912,7.317411340030517,-14.009409765360099,0
233.83405380751523,38.50136734148917,48.35628450387826,0.9475222323464265,12.245900576220809,-6.994432001165578,1
257.69955494071496,54.928839718518695,50.45888607527575,0.9594839942577652,10.863049811819579,-13.905438410156524,1
213.9487285051077,58.33603204837348,50.60508304768266,0.84944114074213,13.902848628918031,19.233583859292146,0
207.1171224361289,43.98873447331153,49.67753576983885,0.943173908716647,8.24868347968055,13.498935552575801,0
219.62137895178134,61.65916520255223,50.39663124797752,0.962420907772818,11.983128944757052,22.271786233104443,1
229.31620975466754,33.33236593210802,49.62226959930356,0.8717157744213824,7.79666464485594,-19.79700642590044,0
233.65009173984038,35.052438535503555,51.11655795856609,0.8335405551979455,9.499889865566917,-25.585221710414906,0
226.38145913215504,51.365973955887526,49.653521497734395,0.8183929134635027,7.224385814547528,-22.836989768479597,0
235.28083094771446,50.25385277972272,50.51304372048,0.9150763407219884,9.799150995455635,-20.338900030545815,0
211.22690863714334,42.834265115758946,50.42189501294079,0.9956196238631426,10.70185632793191,1.9849596404881424,1
251.6564690610989,58.09594435971886,50.15804391105447,0.9645900640044432,14.678507786806199,28.25472422176589,1
228.76773232411148,55.30894314215949,49.664728419291656,0.8871679277869106,13.4290840654188,-8.565875002993078,0
246.75943747382192,58.581390709340155,49.924301254029295,0.9073241805709917,14.146058597888265,27.51049616161231,0
235.14088019566557,48.76863564647732,48.923205943527726,0.8559055770823638,13.431545148045982,-27.707952300649218,0
236.85129828730675,56.02580267978341,50.112210019191124,0.8326131734720128,11.405774250367747,25.612332168879497,0
238.54650920348305,45.54349696970006,50.174807665514194,0.8964162316464547,10.182505366349293,-19.13084356170173,1
236.71562840025973,70.53818690086595,50.06674970953068,0.892700313233437,15.549298402811566,24.748499143160927,0
239.64084139801315,41.87454229878014,48.51334691435372,0.9043859905607521,8.790400551008876,-26.62635419307233,1
249.93728795198646,71.05297429458312,49.367181777455095,0.9905609171127882,19.28733534467218,26.893166849701956,0
232.94781754552204,50.34887947089408,49.62595450857567,0.9207790600289545,11.273588440681602,-17.95210414086835,0
240.6350563638277,36.24489110431257,50.14582946659452,0.9211543673244748,9.610476269993336,-11.837156395610357,0
228.6539645856916,63.68079350488601,50.14466945282149,0.8256049525722154,13.910522710385267,-0.543459353822513,0
251.60175823174208,51.25901388394959,49.91488810401441,0.9992977732353641,13.744710862667402,-7.156747125871487,1
219.85411546911095,58.51124098380238,50.31762276830198,0.9545689888469338,13.282948108669018,10.051678155788998,1
257.0141064936622,62.238559185425935,49.48687881234855,0.975440668818801,13.582672432469316,28.48846603500464,1
229.39763074033485,53.37955554145025,50.305117502847,0.8828600823661988,9.710041286198967,6.385589448296443,1
208.53837346822928,44.077591551871855,50.237371052419945,0.900425619157125,9.963361465385354,13.289124566192953,0
231.92156622366184,59.7571337766925,50.188777366418954,0.9044167618324553,15.381545377469816,-24.71968498165791,0
219.78422513787677,50.007555074545955,49.90897978445717,0.8388189078579211,5.3384905809358845,7.668745744200322,1
242.60965323483086,56.85857818608419,50.91537191241563,0.9378978312653914,11.802049006072172,-2.7690133772152095,1
220.21064031046413,28.462694262085385,50.24659784424494,0.9805953447234913,6.193405065266013,23.146941475177698,0
223.3072485017783,54.46981717009852,49.51583206837322,0.8327411636276838,8.37050238220528,-6.707334021413882,1
201.65688903581704,43.6141417485497,50.124152737867995,0.8172636546972329,5.542869859807127,10.767248642995149,1
223.21540521126386,66.5330963717853,50.37624168853711,0.9476437811080685,15.023498504406955,-16.310776304455253,0
193.64181010056564,56.23087347889095,49.705945700537846,0.8546403663345965,12.468630159916772,-14.43764798854824,0
206.24145764771416,52.398577458492966,50.54463612346555,0.9247725083234659,5.93014650881262,-7.432654144663584,1
241.40621984216446,54.86309993350221,50.191016852858006,0.9391516675984362,12.097448088614133,-11.756187749609836,1
241.78700237976247,40.01559147123282,48.82876083116733,0.8643821527163644,9.289674029099638,-14.767269636595511,1
236.38186342677446,66.23256690528054,50.14983598866896,0.9630289194851569,16.637779726973957,-27.019877645951443,0
215.49535785306182,69.91370418416905,49.79698542279364,0.9099977964228434,14.348353105691768,20.204779905147547,1
229.2843296578703,53.92913510548216,50.268589907270865,0.9737998815903606,15.563943460911478,-26.14190814652294,0
205.91956660625198,80.74080071759664,50.34081265030666,0.9526587105117895,14.494752796934515,23.241930936178058,1
212.62452966211185,44.308518013274664,50.09758102357091,0.9737151264074908,11.797431544235456,-22.472076655916382,0
252.55097452650728,42.02886433775019,50.83262611697235,0.8040322764235789,7.241609495147572,-26.08429577624046,0
243.16043435863506,50.40924748728923,49.91064655771825,0.848701252147719,10.518950784048476,3.7802858388418272,1
226.68553739255503,54.349410383678986,50.31240891152694,0.8180015880891878,7.652533709249383,0.146507554483307,1
230.40328758491796,46.060133187568795,50.402471286818674,0.8884166034378699,11.229966674326093,-0.5259258700868941,1
233.1257421192133,55.37768190368484,49.95132701555363,0.9779920243230636,12.384955309466195,4.470259650083868,1
199.37397697363565,53.06389482073414,50.38938715398889,0.8935080524533738,10.168563947822994,-12.776603632850655,0
226.29233926219104,40.01693224708945,49.702663506418915,0.9699426089160789,8.15660248306444,9.776956405776673,0
219.77023628003303,55.18793017451721,49.78871579048939,0.8654356476038636,11.669435579860162,0.14413318243099482,1
214.97569985157628,58.63528242521521,49.343755654831845,0.8679140145610506,11.735063727229155,-9.915391982560486,0
225.7834956067107,51.71469317590391,50.120704558185025,0.9791123460653756,9.443130320434374,19.590040018843688,1
256.96529790274286,61.52648103261693,50.16262583792717,0.8851634293023404,12.121049896769836,13.663265779602604,1
239.61264291900514,37.82596206503048,50.589631579289616,0.9579530975589333,8.626945869568559,-6.383379483322681,1
280.0,38.999797756107014,52.0,0.8473287095763803,11.5784422695016,20.857067113732363,1
238.58874172034237,38.29719293603225,49.85760222167628,0.9897601659355271,12.769505958737977,25.215495006706455,0
250.99033154879004,38.85918641766912,49.41091015633286,0.9149156493061142,9.529410293047437,2.2119760250617446,1
243.86950524369152,43.6906916626221,50.21642520125999,0.9518647137156804,12.157016999234994,-17.102852990584754,0
230.89445554880263,40.579398164257555,50.55537658620732,0.8179031399589771,5.0,24.947529392819213,1
220.29594833441638,44.52004181258862,50.377592486901975,0.8985328451661058,12.83834880126722,-18.631222794268965,0
240.47334970420386,47.85849689288811,50.542238762428646,0.9802076995468046,12.492281971039402,-27.094606414963852,0
235.90228078132625,58.371544863313844,49.89405523440088,0.9754077258086609,13.332136405979563,-10.35077946761215,0
243.427898300416,46.78840961294298,49.766690515912174,0.8093627914468455,8.888929767547225,13.617980667662387,1
239.52757702522953,34.14374293230407,49.6315493238841,0.8607396938257894,5.0,25.396445181212968,0
245.74329072979003,61.4006784649516,49.972051766693205,0.888664001295816,11.766304038254077,8.23713880886639,0
221.97147182659148,41.629098663849604,49.96070460201559,0.8344529628711577,11.531610754356306,27.1103128179996,0
249.76091098451488,49.41279572895371,50.103338814269556,0.945999662197994,9.69693704675865,-24.457749643446203,1
232.963994070386,54.46536506940711,49.93535127148225,0.8369023991197424,8.602474619029477,-26.354776224718798,0
261.128913089379,51.99610418402783,49.933186135136616,0.8693279388739773,10.39902096109019,6.251517044619845,1
219.6621827286565,60.941795475214754,49.61165297351393,0.9326561273715637,10.088740296048051,27.966979349565285,0
256.0394570474787,54.79003143392759,50.470809506775744,0.896417868904896,12.60593045633492,0.1632785372834391,1
180.0,51.28279988959912,50.66370532469645,0.9477142077269788,11.315540857172072,-26.90908644364169,0
220.22872994578327,71.78562173991662,49.91277803285736,0.9922415802445719,14.465616805177433,-16.72688063535263,1
222.74171248918518,51.943334633382335,49.626285373375396,0.8233093375430396,6.778997094561297,-15.31242561505376,0
225.19479037708518,48.52659773378494,49.33404344480446,0.9419135432796122,10.876894490554518,-9.728572251783,1
236.36248919602875,59.63925423055571,50.653982096274675,0.846068831126423,11.815045867249891,-27.383796984827242,0
237.84253232053248,52.49450945930072,50.2773193540659,0.8828953454815138,13.0287745401914,24.293562029874977,0
221.39449994092132,53.99228192939327,49.18804107871502,0.806572545159028,8.732424346213481,0.9338366832897158,1
229.63468111608526,74.92183998600687,50.38157115035483,0.8271814764585398,13.711056573780041,10.255847577246541,0
262.13405537917794,47.248785717449536,50.461240585116556,0.86395545780978,10.401473254356498,-25.969629786299464,0
255.91314755151066,46.82239105982604,50.062188061150465,0.868397161057597,10.583547219469212,-26.753071931781037,0
236.54485504511047,51.16578512012464,50.79905544787588,0.9799170432924191,11.074815780004444,5.188066322432832,1
230.570052172523,60.715159355810385,50.10835982106144,0.948362581853303,12.16693199500469,23.23776063025248,0
231.80046990077392,34.93465969809601,49.291588236025405,0.9944365936374082,5.0,1.7089200575728185,1
239.20276959095625,30.344441085234948,50.18258450052416,0.9198143020670482,5.545674099412299,22.66915035420429,1
214.65811152202392,44.12884729379852,50.12244865085636,0.8483427464182636,9.466470781157998,18.659476383314356,1
226.1393519386498,33.66077040940713,49.69835157561092,0.8655310059843286,8.28893452677293,-25.448772852304756,0
204.97123889183615,45.75168652474362,50.28677941843871,0.8639671846583934,7.159868024037134,-17.882551536858607,1
235.98834683907918,55.0249969612929,49.16616736690457,0.8652988655326503,13.835101071011085,9.46264014932055,1
276.23222423676236,52.4244260542773,52.0,0.9345928346223631,9.148519328398674,-3.389917046997507,1
222.75220306550938,35.731734232186575,49.56093914819727,0.9061615856180832,5.0,-12.558011181184767,1
253.6098014493505,50.69337161715348,49.50752693744148,0.8770848356173289,7.971329155902682,-4.881968637121254,1
211.6135150549649,58.625434846151705,49.94308761384626,0.8298179537457434,12.731182893080998,-3.2880212237619375,1
208.0343767968527,33.050265614833876,50.21648646402182,0.8044278325884292,5.0,24.633135049295788,0
233.36677727839958,58.20232398305984,50.081962031796714,0.8437669355175386,9.032325886802994,-23.792502977702817,0
245.70647453918232,58.17306203738326,49.62867041711381,0.8214942807937363,7.223474505456007,-13.216155191543098,1
255.25891537186803,59.54085102156628,49.74695535440406,0.9570890061704479,13.754725254515293,2.2538889949628356,1
223.1167360569659,62.18480214871686,49.433478826311266,0.8224995915627771,12.221247698333437,11.897215597835498,1
246.18021250146944,72.02013924659616,49.887660049185065,0.9448456474613672,15.356667910697109,7.838237337554617,0
229.4223729574894,46.439079513809446,50.537510607255456,0.8771317379552166,7.238614907645723,26.49856426424367,1
227.4105905008877,51.09571580077858,49.997868531178064,0.8146756779487553,8.367541061000408,17.73653548916839,1
243.2548990623001,45.83561566751975,50.42970712737973,0.9625460098863172,13.218519921781555,3.424610518465819,1
239.7848431762013,50.01976844755811,50.72770066886309,0.9159261140473227,8.19963839478194,-17.11903849958955,1
206.35411764523627,65.32873355636312,49.70599074048152,0.8471523025727147,10.136933742683862,-2.947546115865613,1
252.14810524588844,36.54985516069331,49.906713373472314,0.9789362348665336,11.443369035788324,11.60293465166864,1
250.70137031221176,41.38950327834424,51.08559643053125,0.8090516627741103,9.383400450158785,20.277730490165098,0
220.61655947735707,63.77180936504561,50.72217170598997,0.8403639216395526,12.181434109707148,27.58417346534324,0
235.93705300156114,60.2003650690209,49.16379773709382,0.9504093855611722,12.202244323447232,6.327165968275061,1
237.41045279424108,46.36868353182922,50.19357415803045,0.9418755860619779,10.429562393246494,1.6151620382659466,1
233.9101064873586,58.544020011207195,50.000279996169844,0.8578543387448956,10.671831737744178,-28.938484612731102,1
221.7454226923187,53.412158424920335,50.41322655542938,0.8124049750705566,7.903272360000151,-25.674055850989205,0
219.92564948092922,65.00274609000988,49.627510616257474,0.9716156144449888,11.729879521104442,-20.633700141755984,0
229.6166889351283,50.745095938267724,49.580195813979664,0.8627395276139805,11.62076393360603,-26.714404128622316,0
247.59093528889048,60.25632113872582,49.6619646423532,0.8391426829856531,12.398289375108497,-5.948205671704411,1
238.1540023189165,76.4201191049262,49.71403572690078,0.9032123644721954,17.067273241383443,-9.78728729166767,0
224.44078501870843,55.98099155047466,50.40766208340451,0.9820454398564895,12.642175468238863,8.241249472103576,1
242.93356101668113,62.49582510497281,48.0,0.8087093155686751,10.746424383081274,2.139906476004164,1
187.27186069054886,57.22446985220979,49.68869305002034,0.9531608176061775,9.705141724982784,5.758245563271579,1
247.23148550558156,46.34719141796115,49.10549380474928,0.9144946455877419,9.51540826164254,-1.6813678237407537,1
203.9042933183285,73.87967705524733,50.503558911706186,0.8850898233103635,11.70277173037282,-13.335771086744572,1
224.56338587895303,51.80071037695981,50.63551504971557,0.948816088821012,8.20920560311665,27.169518896788624,0
213.20495158060783,47.27066679774487,49.836463284568104,0.9931648848883264,7.765387268972482,-24.815450414391663,0
247.7601946085698,20.0,48.898125193737904,0.8458412422325382,6.686512908697444,26.33345996791843,1
247.4124018106778,60.972201916064385,50.226610951141446,0.828729473014424,9.295536280560029,-11.32571718811592,1
222.98448198032162,58.67187412827739,50.73724100368913,0.9825763490445394,10.090393463746414,0.7596867220378449,1
235.19755822596073,45.02645628585907,50.204305373781956,0.9337906154914608,11.973227523871554,-23.469460630347232,0
229.29619131681224,55.764513451224225,49.651229028762444,0.8875972043123932,11.797700990137628,-25.744135897739444,0
237.15561240834683,34.91444031787144,49.19058871400678,0.9146519140528566,6.669786597895502,-4.227273076883826,0
231.15232836590383,51.849705750731566,49.44243686866825,0.9491227810352488,15.918556489333668,14.50184258278069,0
210.75511663717145,54.52756352076695,50.03660972515623,0.9546063797411435,7.673801767440084,-13.838113347087063,1
244.9440022917071,67.07329809559224,49.6723362383996,0.9839788361637929,18.11720969710183,3.7408733361192006,1
222.59365125258032,42.291811972713106,50.09748385299538,0.8853685577791246,8.111829024314854,-13.280979568630901,0
206.65127152010373,37.21647371197676,49.723537991881884,0.858682182003879,8.174074117623542,-6.683216346417552,1
223.57827258551131,41.04572039074958,49.47092678435279,0.9279328533579684,8.733483445551503,24.386779108429486,1
252.51139685951466,36.634314996850804,49.41148418427346,0.8831455798559061,5.0,21.350377529695173,0
242.75332613170238,63.36657357758983,50.78117725468662,0.9189196907897956,14.326153917893421,0.961052605057791,0
224.7702179838821,65.48639295024037,50.44449387459182,0.8839971596911901,13.683011385132641,-15.713662351675275,1
224.76113443522357,53.20216577948829,50.86525897591398,0.8305991573356349,5.54815067609497,-18.40896523601863,0
225.17547423173926,62.21294945685148,50.26997545037755,0.8938853503317917,16.410384855034533,27.245241182142856,0
261.1512197534126,51.339583805802356,49.78500429569258,0.9381835643882066,13.201012755295503,-17.83700420935875,1
235.7290317834733,49.04888352299234,50.66167046124497,0.95985676153353,12.442075311930292,18.49009865475235,1
236.45062470786604,46.66962380946239,49.983465999319115,0.8986652553593094,7.585767765543066,-7.861787427867764,0
245.45425181047764,46.89609008622435,50.110420885145174,0.8330475780420802,10.970316346969131,29.139590853494298,0
233.5818373853977,34.52198443690969,49.97858781046224,0.8829375419298864,9.298759929484554,-7.910655578232728,1
226.11436781268947,52.64254763607339,48.526547890357996,0.9572587857683397,11.901614058940282,-8.909002505356433,1
227.05475226372533,49.596660897859564,50.80236750614743,0.8825718541234145,9.92003758432519,8.247817732657388,1
228.92598110878905,57.45360724077876,50.24550197297888,0.9393061587208444,10.567163918639258,27.691008397609153,0
229.44166645235237,50.9352349643861,50.16491153043425,0.901442736335618,10.102445613180926,28.572576347785976,0
240.9144431545547,48.37296298430908,49.969111968864716,0.8482446250218794,8.861167903268345,12.432368788019112,1
230.7791882871095,41.288069699923696,50.081713910193066,0.9592301016046149,10.283945476803243,15.276381938181217,1
240.98960115823368,50.721532368217616,49.701360532076876,0.8168426908141374,8.284811938648527,3.804130558381658,1
228.78925129837125,57.38237230816162,50.308289676153635,0.9049780565510301,13.010278707384023,15.346544347939911,0
231.17952785474137,38.566610089161394,49.34645082780043,0.841778206848681,5.827164027760187,21.586779298229793,0
180.0,75.45734928891527,52.0,0.8134131257082752,7.752847641489575,-0.8342818082986057,0
243.74491512053723,52.33042951529484,50.28078673528555,0.9005867874166498,12.719321919921374,7.191735769806179,1
235.1973271384699,42.819352163817356,49.90066543308855,0.8999124311869847,7.6554221156167195,2.2390017139828586,1
244.9701516478948,44.12143695092,50.185433896235516,0.9413801803351441,11.475919562277502,3.7482368117206306,1
186.55616932709466,52.306108487662144,49.504332803882875,0.948950138610381,10.365869609585548,23.402874592436454,0
261.32562057171094,38.66578981707377,49.51708661455202,0.9455582977385794,9.012361530737698,-8.662990187665788,1
248.6054370241221,45.86958712403816,51.79222201956924,0.881911746583351,13.076544766773718,-17.508958463962546,0
246.62274225106273,41.046456263408004,50.339274827310525,0.9263379574453126,9.532878196380121,-2.623193383582251,1
214.40141109311705,60.62853693033216,49.062567172249146,0.9153890485287921,14.103552375647022,-17.51488857112409,1
239.19160857593855,73.378277453883,50.26101031755538,0.8843123512233839,19.10790997767827,-0.09597446027885326,1
214.19876655239517,41.392431982981805,49.72839924981183,0.9194425388371986,7.669366635375467,24.210486321423517,0
220.64346558956294,55.342078623746744,49.90359695634629,0.9894495753412524,13.37194814546043,7.0460112289486645,0
258.7104703080018,42.732580951179806,49.33024103821748,0.8385787487362755,7.995659233189632,21.32597119818466,0
227.1397639885498,60.4095417379779,49.574191379906644,0.9811544191571053,11.397192310417221,-20.028544823069293,0
233.26149309769585,37.34741590914785,50.48306266276516,0.8106911027966397,6.6715897137647575,24.052415552230606,0
243.0510159603313,54.805867584277124,50.01643168699011,0.8616778425803322,8.752884092322,6.107229864426948,1
187.97867097280994,51.06398941498148,50.187599872712255,0.8576290497223057,6.528672690478164,-28.094412675571213,1
232.25628357715365,47.930154109016314,49.94175582368448,0.9252730215761812,11.483078001316088,7.98713731710221,0
235.47441503699338,39.68974724852693,50.24460591233215,0.8262449903554581,6.694721562843737,27.083817375655073,0
266.0512337785741,58.223504708957535,50.22024724808167,0.9764695223679507,16.5469660965141,-25.249979971478275,1
229.13571804449623,41.63019645560413,49.9624864998016,0.9657102816930083,9.810700411901017,4.947367828174329,0
233.0164857007245,55.519642593318274,50.546479555448336,0.9304131639370555,15.73905578673186,24.92871617218288,0
245.75981594011418,46.55901971737667,50.48523131845333,0.8916827663584396,11.25160849275444,-29.418289899937527,1
246.58288899436977,48.855276282011374,50.2066860145652,0.9865912084284156,14.113777270575326,7.854775587949391,1
247.8054545834057,51.477559074001285,50.027305891455036,0.9661493109441112,13.128375649010888,-1.505862490142242,1
239.58095333043778,42.38175328341151,50.32866054755977,0.899863029616249,9.759870993847848,-9.180640881083363,0
212.85492630904275,52.10367113540887,50.157133710900595,0.9403746708908622,12.758713075549696,7.652189396722562,1
254.50147298451645,65.3033456435441,50.53040003590297,0.9133859904359369,16.517885275604748,-26.837874324754985,0
212.80481910471968,42.219052141672854,50.44978068836915,0.9175884476776529,8.664125165894694,15.183782777244012,0
234.5395319785855,61.71810143273845,49.49087304929114,0.8661952138874943,12.949774903143696,-29.73123138481754,1
218.68586224970963,64.98097633487784,49.45701841462915,0.8924169209249794,13.75807863440333,-11.583855372458867,0
229.0379248011051,41.83845010971956,49.64937522779796,0.8156242861579489,6.473047549362178,0.23751826108070517,1
234.93143615455222,35.449453949094476,50.48806934503346,0.8714697383329185,5.830167610091277,-7.378664966006898,1
234.82035823175408,53.01960900171765,49.21184550161438,0.9391657030724304,14.543503362613263,-11.551443887665052,1
236.32881131352926,44.52592477233127,50.197378694554,0.9906432061012372,14.153126915769521,19.850108728085765,0
254.2056690358797,68.68603219163002,50.18127154554648,0.9926128225526041,15.473630933624642,26.089954456314537,0
236.8030145227097,50.34807540499832,50.581324029343094,0.9111445738249784,9.525201592073829,22.42276109435332,1
226.33765047064026,41.97800591964821,50.090169345331944,0.9213244503619165,11.038736483858761,1.345878782999982,1
251.98775982790642,29.897488822068716,48.28080011103807,0.8371442371001936,8.951853958576983,23.04985051160898,0
247.8420573338696,60.899049590908305,49.520322519675936,0.9390616216187062,15.526437937168547,25.251693910892627,1
211.58588277294513,44.28816025915813,49.40900223905109,0.8141317585348773,9.42222734657538,-5.4456961771522785,1
238.96100104774786,50.43828799460428,49.73102801683343,0.856937137159889,9.847013712600278,-12.993248429673272,0
240.51759113466346,59.55802745112481,49.90854921628804,0.9336726694570885,14.034570498495595,-24.10408765120078,1
225.5365474496001,45.157416480691694,49.41727923688947,0.8620620263086979,9.284182425241536,-1.2544847370462584,1
250.63560219967428,49.540711712598394,50.735330995326144,0.8099693748228909,8.34013608883517,26.77781522630648,0
227.7491661945121,49.8343159017748,49.33735931402378,0.9663740818701928,11.598260894462054,3.654451684222259,1
231.88364680207314,56.83324511516092,50.67305171193124,0.8620660014269126,13.8363307233207,10.053726107170299,0
227.40392263574196,55.907443355103254,50.59258151571967,0.8126210449717357,9.663049624099813,-23.226970890489145,1
230.23368571372202,47.79886268745172,50.44915127484452,0.8149576329005731,9.273672539943224,-21.388820151464625,0
213.55587369657198,50.636490614965176,49.65311669625162,0.8503517597577508,9.608883658623341,-2.131604282419648,1
208.39923676108558,46.282209884765116,50.171225439588454,0.8356031894443052,7.49021174324155,27.075887939023545,0
253.91757594837458,35.223875930805555,49.36131443322469,0.9548600235560302,9.894033469728976,-8.352921504508267,1
217.2955797752251,52.57600857398129,50.45545351751687,0.864336809333407,8.51451423252323,22.649042479052014,0
215.1291147581554,68.92191760833067,49.963007609231866,0.9609391570079665,16.913242700324588,-22.78268439445731,0
197.69914829594427,41.16280859308937,49.79533989270666,0.8347691995646306,8.045639490703177,7.0210324160226065,0
222.04472730963673,30.539311051495112,48.0,0.8985758359088167,6.498404740423853,6.036778614631089,1
210.15365309888753,41.29272228356258,48.76124694068549,0.9376074267106258,11.532404506192938,21.59248500421611,0
254.63022740204553,57.24591778723123,49.48072957148212,0.930398170773171,13.898190064670189,-29.80099773570591,0
245.1472563401395,54.4848545419644,50.556399097806455,0.9202258819860538,10.845389623697853,-18.604099968145672,0
219.67774482233415,48.414623075835436,49.7985832857626,0.9849643203862339,12.684810560856416,-16.818742474231097,0
263.78653708016463,40.81980938361035,49.915335571442476,0.8457050295413489,10.095654753413681,26.997965285444238,0
244.7264823048739,50.92376791639924,50.32777717914423,0.8987438408924211,7.656580970169269,-20.778380623806303,1
225.12752924737066,34.353778726641956,50.90283443905813,0.9767985100144818,6.5032208002909835,-27.782258986766376,1
192.5089142768964,51.43426566857493,50.66250232747282,0.8155787531190315,8.633692262071277,2.06768968450848,1
264.3641385888611,58.71524386087934,49.51383249809191,0.8111776536506151,8.272132366846108,1.7135077460208983,1
209.15641299854605,37.48800863366322,49.0287147142813,0.8466604575116583,6.808684098122302,20.642817922071856,1
205.31901879564663,34.674817231703365,51.17980712955005,0.9266042439076037,6.91282449071731,26.931579010668123,0
180.0,96.20648801156808,51.829782982072786,0.8519759252899615,11.385524675424826,2.3127265284078575,1
266.5962860950891,43.88240360495415,50.09422679821464,0.8380479767617598,10.345517369371525,25.79965094517933,0
250.76409227765777,61.35947845943822,49.36475587720909,0.8917604630716585,13.736226477791556,13.509549077989782,0
238.4586368007854,48.460023348021686,50.48161326694697,0.9227196137538823,8.280093077443402,-14.1264523202649,1
238.9213151249793,48.38045183058672,49.94600815699369,0.8497115414033481,11.661039766901018,25.705242656635576,1
242.8012333817046,54.38412699496645,49.943509438446696,0.8601382373447485,13.03343142438948,10.046590570912485,1
241.38392884680147,41.1600114325356,50.447229421552564,0.9227118609623028,8.588005204807356,-5.154244035441973,1
234.21787135954062,51.32497143495645,50.16718737343665,0.9891476843978906,11.493604776631456,10.814525071015844,1
231.56301655927814,46.185105851759076,49.40709254449253,0.9349483454876176,11.451578315570877,-5.921230335374947,1
229.06110308150716,36.795065565949685,49.83762903245901,0.956580828716912,7.661041424091204,-23.148973920722444,0
218.69053116699985,53.37482074726399,50.330576464330676,0.8733620189510938,6.332561066589397,13.138724830613988,1
225.78987384699838,47.36692193122084,50.25512611120251,0.8544508718768933,10.112200690170356,19.44525673024463,1
204.60564778706922,48.429751715552925,50.131008287179235,0.8908535486405246,7.200949815133736,13.72837194116326,1
228.52490559807876,37.89839056585842,50.46671147723793,0.9614265657423348,7.546966067687091,-16.253119934599408,0
215.17113339273624,65.91400367762805,49.81914150609137,0.8912599283581112,15.556294317540722,27.39810080865678,0
213.44616024176344,58.76714186386116,50.08933488760954,0.9693450817579722,11.89114016176044,-28.484726298530646,0
232.6984122673022,59.641558841719785,48.3122104499112,0.9977543961390254,13.850800315053773,-10.038882157461565,0
250.880034295169,46.94555297558318,49.77517490307859,0.8144053331460673,10.611157823491453,-14.39445392790627,1
243.7747490900347,32.7081711049658,50.38195145428782,0.8090820312167408,7.461823756885528,-27.112426343108943,1
206.44249094565234,69.52917382489511,49.804802766441426,0.8299179405826724,10.07406054814055,-5.656218420679892,1
215.15557795144494,49.38902491994132,49.766886304141444,0.8768739351468693,9.19734968730349,7.3868904097664725,1
244.11156781982325,42.51200203979946,49.47927352411259,0.8262084418290865,8.646424830146776,22.95317180910608,0
215.26268909692536,54.16801574483114,50.501682946364575,0.9741328955237512,11.902786963178874,29.3813829714882,0
226.63050275004463,61.67120788003297,50.27423163677029,0.8046292502054128,11.824406430716943,18.485375184263887,1
238.2507814853683,49.76949443914534,50.41270729891154,0.8631585432671646,15.40988927841493,-1.8791688772305122,1
215.47483317704547,62.78575167939374,49.13689301902105,0.8369389258988411,8.971017424481682,13.422265558021842,1
231.5806325921894,60.82999938516868,49.91977497836718,0.9863078660315064,15.854351206359503,20.617427315378443,1
209.98961757622692,39.23618812597942,49.859944496124996,0.9338962009780056,10.061301850081565,-2.0815682148791197,1
220.9794853407318,43.262098943405235,49.859714146700725,0.9824060512902749,10.377405517752395,17.10326604152999,0
234.79672901213806,59.575371632797676,49.69198622814102,0.9944657420620786,12.610057832634132,-1.0408549012273944,1
206.10509399702497,22.87387436189562,49.82694786410999,0.8994196487354739,7.569579862642455,-6.8102405473966385,0
236.607121069406,48.50544306835011,50.424822391353324,0.8468638216096053,5.335264442246665,1.5654502670256711,1
229.7054330160998,35.69168798375328,49.043574323326084,0.8387457572393179,5.509986303112174,10.551284257628694,1
197.6094766065446,26.617897796885227,48.0,0.8445837723371681,11.446963997137885,13.612923379115841,1
233.35871201096992,47.01179910970796,50.24192056251323,0.9417186615244006,9.591007679613663,-8.59582386647353,1
250.46210644960766,46.41755622092492,49.978834052169894,0.8080891456246002,12.587643279398712,4.27921509336209,1
231.8783675397186,44.477387478873915,50.453417073186465,0.810272214606543,5.333006594359153,24.592252444826826,1
223.5589168831212,39.02856350371186,49.27408262741578,0.92162858847663,5.817174658862713,28.578774006638383,0
231.83446254548426,72.91911266818687,49.667649547424496,0.9284114293474813,14.631670477552143,-16.365114528962728,0
238.14947043554582,68.67462004161351,49.93946228380472,0.933052584864492,16.09470973208699,-18.430130057199513,1
230.73290105488556,38.37934179743717,50.68278018521609,0.8743761009177182,7.29888960204756,10.601138005718909,1
230.60887536805825,65.82116751303568,49.97675170943672,0.9611889777428306,13.60903652210392,-5.11896685059337,1
219.47012468289867,46.00534509527147,50.22502733559257,0.9067249175453236,11.995811943486213,-28.546659694911778,0
220.05648623673576,51.2918747333171,49.70521050203194,0.8210931260018839,12.294658159479274,-9.188287761162954,1
208.9609209230046,49.36726040103084,50.243421034483745,0.959419861413469,9.06845092756725,18.404684608335124,1
256.2436511478041,43.40251358746034,50.83861979648723,0.9906135572540917,7.597690500216246,17.845615822990958,1
211.34205146913072,59.838523436061465,50.49776334583706,0.8120072626004717,5.9539979828360154,-0.31889107100508696,1
219.6064220330614,51.25886530576658,49.95927200611106,0.878270267740116,10.365071907359784,-1.6453239067478833,1
219.22389101646203,45.234485767807584,50.33774542363273,0.8975032089669496,10.21198384648153,4.770446546062651,1
275.18221750909396,20.0,51.205245720663704,0.8292941520156635,7.5859204266741616,-16.836197366185438,0
225.57575482561958,41.064049862808794,50.25329383584864,0.9735417895565754,8.87615399659349,1.5626174934573278,1
248.71613109010602,33.586198843979034,50.555976680430206,0.8568299289780088,5.5483831196950995,-29.337218396601095,0
219.89764063634198,50.122235484151695,50.55223885191873,0.956601707987632,11.853395297678732,-1.4664267130119768,0
234.18491243335703,38.033344077156045,49.93642070156256,0.9341988964056632,11.677126514342813,-9.836937224964444,1
217.46979420110364,47.34439487481459,50.32093953073888,0.9196091644934047,5.034518357608871,10.49217635421958,1
262.1772369166008,63.70101853610371,49.8084525394201,0.8384285697393109,13.847557137165236,8.301215049157655,0
212.1860237145573,61.992995729215856,49.53846380184221,0.8441407041101812,9.163170018761924,-7.149847189031458,0
234.6473106534054,49.677231058973824,49.865253122148005,0.8094696809493139,6.454755501286299,-29.563621111284505,1
239.50665321398148,49.1291527385685,49.96186092413021,0.8481424859564533,7.719936443943968,-14.863582236302372,0
236.2069864617725,68.79874549421008,49.169209505411004,0.8690887218921028,14.882684344427581,8.000871011349737,1
227.22068511683437,55.20756120358711,50.43016627970836,0.9666290607724851,12.93560920653346,-25.65759941894973,0
228.0526895039986,46.721935401234774,48.6163372886988,0.8732785333429611,12.225413335318041,-23.54145468999217,0
230.65717207968663,35.73981882879548,51.35740846974316,0.9509243565531214,7.856646426674781,8.822101474025231,1
227.79496997557268,53.93873218164743,50.75093956689816,0.8878884562590975,7.39301723297411,15.346044056957538,1
244.45818675192365,58.293237725828625,49.86949563791384,0.9569736623987777,13.160783646601715,-10.707017519237276,1
263.15784502387027,43.683484754863564,50.00471318028189,0.995254320087408,8.668338883383313,-0.6196160690062875,1
221.6376232248825,52.912027551380326,50.15148593679364,0.8479683116115161,7.530783638513462,26.742681899019516,0
209.45295530631384,46.36426705084971,49.70541980600553,0.9724683223927753,10.604887095029195,26.73261373055817,0
228.67576927473118,48.159676008009974,50.09630957379347,0.9243648172611549,10.568346212052822,-11.549833532194192,1
268.69564006481477,25.121779424376687,49.928000011149166,0.963458852317731,7.678586931409022,18.599272501025418,0
217.94488148045403,47.782185962838646,49.95286364138452,0.930317180453561,8.973228442133847,5.636643168411531,0
254.58675208166102,59.693693024080545,50.09073053174032,0.88478990145483,15.027408945001056,28.529069601022798,0
255.16551221114662,43.68597444433442,49.343236100823006,0.8456149878883581,8.599394736621688,-1.3431858173342128,1
221.6961763743801,50.52526368215316,50.01978486206682,0.814007045066233,11.351268402760887,16.482412080933692,0
238.53474618777912,42.4404929330808,50.08172387330874,0.9071036728921434,9.87237112916412,16.08822777689226,0
254.42594934692806,53.60441676292773,50.064424810677956,0.9980652189053731,13.197973652438517,-0.15402794201543202,1
224.3130838851877,47.834768024638265,49.89208462228192,0.9476083610028413,10.59199000312859,17.737806857838464,0
226.94629459846456,40.60758459317993,50.56892888798468,0.8654691082798034,7.940217618843983,-14.33758000158021,1
221.27478629077035,63.32551467665128,49.823173722559225,0.965440960017347,16.7202997485849,-22.664817822586265,0
214.778649039607,59.28932013532215,50.1136629534116,0.9537968000352813,12.636600077943127,-4.4901753206810255,1
220.26083682400989,43.950932360718255,50.64864876696277,0.8563271586706914,8.286594554726518,26.61783939801508,1
211.64089599856615,54.97788309417778,49.96031192998984,0.802861497958847,8.864768191759175,0.04467649215172642,0
230.5112520238884,55.374120028203805,50.107231633733775,0.82363252770679,12.199508666316898,8.11554831881562,1
180.0,77.62217764359845,49.24610073903691,0.9754612380624115,13.439000688724905,7.449747354472521,1
233.50678867686122,33.05744104004923,50.6186848967818,0.9673126070609743,6.919135177539109,-22.045627963828174,0
206.6615653069456,60.06606541032628,49.87113771920685,0.8590418001756726,8.352301009337873,-6.582187057367385,1
234.96320348321686,44.30301037074268,50.641677288644104,0.8570390852568841,7.1174782794893146,12.416338375312485,1
242.50293442413385,46.42172066558733,49.94820605267647,0.9585729974204942,10.42271792023314,28.31940591484358,0
200.09396536142816,76.37881752260199,49.570270138275994,0.9875474939790845,17.790484571761024,-19.91893570217843,1
235.61084854771357,53.01873380721012,50.33968658528706,0.95582745135952,11.439641451668473,-5.373486579653026,1
248.41503488709938,46.13677524552824,49.84766608312217,0.9211157354061523,9.368723441754625,-24.294372011836238,1
211.85538471963193,27.94705627244094,50.31025044954958,0.848534270066361,5.0,-15.457412421044639,1
255.08858580256555,63.897641339463554,48.63529780753813,0.9051495828190521,17.780621868873936,-7.394439400430986,1
221.83204304510886,28.502572608160655,52.0,0.8467023717186529,8.449950846736384,2.4385948771410284,0
219.42482216362387,39.96561096500496,49.77019735062126,0.9616022840193548,10.024740280434942,-16.165987065655145,1
229.16346383513442,46.68647700912151,49.46837065673436,0.8773922159035474,11.310450464043402,-16.346240329278857,0
238.37490368782585,64.16411791700293,49.7233794990801,0.9667394433988052,14.456930918724533,16.669798748412227,1
231.14008087118617,57.732399866657595,49.713148427853675,0.8763218435965451,11.863057934734341,27.758499776812876,0
238.08133988669553,48.4216249015974,49.97600710257471,0.9648298810399782,14.10003805329286,-10.583221934912629,0
216.1898961038095,53.08292063638821,49.31633676935752,0.8666635630330484,10.304985112331694,11.279521118140806,1
232.54041236054118,43.99614307128894,50.15813689012986,0.888026540923534,10.260344669003942,-14.515172318524757,0
208.7942825464253,51.39653689565351,50.68310739260289,0.9230976838685315,11.647142421515428,25.677135297937923,1
228.3316090797695,50.73336744778137,50.14046424847391,0.8140575228059838,10.715930589474478,10.374141609923896,0
216.44138537802814,59.687698956813534,50.4044943046145,0.9896414123630929,12.528728475574187,18.1606112782542,0
218.9670508611535,59.67178122438949,50.5472812273069,0.9147211572247607,11.884119779959743,-27.03875740805011,1
248.54139762815657,54.93977382205645,50.61824475609209,0.9015640029381605,13.865964390049365,5.910358094437477,1
246.36965180891403,46.37652442453898,50.93506934641065,0.9678787942239824,12.610764443765918,1.6567398815029364,1
239.13707181360766,57.41822294390126,49.75039900086203,0.9731525459793655,15.698653189843093,-12.42018558530808,0
280.0,20.0,49.86894624560704,0.9044520809058032,10.584746981604782,-14.254200896560915,0
225.25387325457797,39.18085631286867,50.39173282416237,0.9854524651587275,9.890459568901736,4.801488139018183,1
248.19646549968775,45.96712208089061,50.3541331098287,0.8129475532152962,8.382352095224796,12.389138100433513,1
232.12575370459857,50.84526983784325,50.38783764980784,0.8226451584502436,8.546967649834713,-28.00963457788866,0
264.7899430997254,59.10215783664745,50.944641227125125,0.919357646002888,15.948893178754693,4.044094915422264,1
235.8997675909156,48.16471827842847,50.00568495439925,0.8708131723587168,8.74584905331727,-19.772428263202283,0
232.88073674735048,37.90801288760394,50.213078279823094,0.8928450332378398,7.840674991180803,-21.578236116833967,1
225.36325303696248,50.56741683296819,49.50980587425826,0.8656158435794333,12.622637143709913,7.387169285681075,1
232.00311357173425,51.134560400565526,51.06766056198798,0.8809450622889872,12.892124172291396,-11.347792966951616,1
227.71295245429184,51.85837628902753,49.831727539395445,0.9645292694292599,11.993534022306193,-3.5471860119081597,1
240.62163015032885,59.1987151595443,49.84589203591958,0.918695239970861,12.494067234325838,-8.400071433613626,0
210.57461584279503,74.88613626348813,50.84668061778441,0.9994689098566997,14.452702416051654,8.900179209151425,1
243.29038250844883,39.30061793846815,48.0,0.9573758395641926,10.93941616387026,-1.792814036011869,0
210.03150569663333,43.838565419510566,49.63528147557618,0.8547332508203653,7.796940674154479,27.80751972227685,1
202.45691940345054,39.59801289044527,49.73814785855524,0.8528690235453393,5.72079381369256,-8.85703445361208,1
237.61986990368814,56.988156702804766,49.31710203597453,0.8671796540234015,14.174478738072056,14.41706041577011,1
213.4495009073919,64.48820108337715,49.60734103986838,0.9686518961295485,13.6966687686725,-14.562445945017329,1
197.70664110571275,46.849180720910766,50.97448155572381,0.8054575301301131,6.305953480324235,0.5251855575688111,1
235.82867906796446,47.58569435275007,50.36782757182068,0.8460362557742516,10.452159682466927,3.1541851141174178,1
267.39499276149184,64.66782556898976,50.462952088363856,0.9809836840688534,18.905462241379077,-10.253443136236069,1
229.9089363269016,55.05557853215008,50.58860439370846,0.9279792872166504,9.73080178803438,-1.693168265242253,1
242.57736161677462,54.36235704801055,50.91706728218119,0.8453694191002114,10.747043918126348,-13.24328172609047,1
231.2274403782135,38.09083494026273,49.114288724278076,0.8438289936465161,6.938780549102043,-29.63995309956108,0
180.0,76.22077712315203,48.07337874123432,0.9725236203518861,13.524857206369521,-17.061101901727277,1
243.78614724481653,40.708636594902416,49.598138169552655,0.9787515016554094,10.977343937916414,12.003850349592035,1
225.64588183717024,38.65979814065042,49.7651351017552,0.8512262181924231,6.322659605578085,16.25778146912262,0
234.01088471107855,46.53228423233288,49.849715304707374,0.8841020716153065,6.641539036972135,-13.187827971664802,0
234.82546709294022,44.1420727655131,49.77651122359698,0.9669191477256635,12.086374741541842,-5.5174200709156835,1
219.97864319535427,47.78400305614961,50.10965445656603,0.9542014877219771,7.790160380440279,-27.758060391683333,1
244.88063524304783,35.59018365475082,50.01764769537261,0.9627832213132169,8.933358059523346,-15.776225934139166,0
227.37560364956886,59.58816306467672,49.63858260241088,0.9036796381575938,11.979898324387557,16.75315700233795,1
218.66382260760733,61.27686294516429,48.912225611506216,0.9823098096610346,13.486889453697856,6.359176215903432,1
238.04764765355606,30.52657525859186,49.50356564731065,0.8651903087908871,9.589615083432303,-17.653768682737716,1
216.52298027313444,59.7845780566655,49.725380673343714,0.8313344268695037,16.837967092083417,-14.55348029265407,0
230.42271736053692,41.894713701783736,49.87646028159614,0.941746466512973,5.824268828566952,19.008121379373613,1
229.86321505033695,58.56975536982786,49.43516627034473,0.9078708832013793,14.190507311849393,-17.45494782330595,1
246.28843348747367,49.315535073335845,49.75459676675179,0.9709171537618962,11.480114566298985,-9.950536449172127,1
237.12047349319928,50.28775564080998,49.4345063057572,0.816231849824943,11.828666909813299,9.861521499278659,1
229.62459561882284,48.14902350578781,49.937090324225835,0.9687384806876134,12.625092592870162,3.6667431424847194,1
242.2664944880043,62.12129204233486,49.46345433581869,0.8586589306417645,15.742227228693713,-2.3477876859711415,1
250.8531132352597,37.60411987474971,49.57554767181477,0.9309711334336366,9.35188344253417,23.984465458784655,1
238.36715459527792,56.078403387350086,49.34565793450543,0.8080257578156512,9.02192889658562,-16.817372237096897,0
230.1552892976507,61.013301648895506,49.923249652215105,0.9219162592607202,14.801339478062891,14.485193451779992,1
210.3224565147476,57.16340080540411,49.5667761150238,0.9434543378374672,11.578907849068365,-20.456169562908997,1
214.02329505386942,73.24698914323417,50.453392133337715,0.8737500429011241,13.229710262871084,6.944030008928706,1
225.42162943467997,44.71053237275301,50.20292513334645,0.8430821410524281,7.54474196922689,22.237413804678795,0
220.85731696761076,59.57304822593531,49.965074065908176,0.907526135320709,13.953122816624377,-2.5258928713117292,1
227.19543045521831,48.939093646585796,49.60125725132811,0.9666381608871293,13.954535867928003,13.457670431479734,1
230.8497488734566,62.33406076352669,50.190260152658155,0.8647094716593302,10.052293203820966,19.223601179939294,1
237.94539131535097,49.923110042786305,50.34535044467432,0.8504938595042559,11.34689889073485,-21.838414507343835,0
228.94251832911362,46.1212421813753,50.07134420610082,0.8557870617275376,8.291578203253925,12.349613716926605,0
237.29752465739304,63.06072203871629,50.80185092773347,0.9898264305833329,11.877369594732821,25.19046143932058,1
230.96711622215182,45.0843806098107,50.229818659037406,0.871855383152912,9.374049920909158,4.582236591332652,1
200.36800150469193,35.872742410994434,50.456803608784014,0.8007208479776575,5.0,-18.832665328274636,1
215.90996909271868,44.83153116826171,50.06678270776799,0.956336241591924,6.10142145046785,-22.383448104663422,0
227.83868666417578,56.19032946588533,50.337832226628485,0.939854959067078,10.468853210148726,-14.415880171995125,0
211.8545788573834,63.920387515870914,49.60160938366541,0.8257136529205938,9.12612341990214,-23.789203858999045,0
238.99893094994306,51.11129375296512,49.7708008183936,0.9969808498269825,10.885290296809153,0.8036442951028491,1
280.0,56.41785616795222,49.618834032711,0.9216124570610222,12.077986870082203,-25.817719037595925,0
248.28142777545975,36.41825078522406,50.17104974077869,0.9001558981881204,7.348907182150358,-16.595722521826413,1
226.79835693604687,45.56736535182097,50.25380591147162,0.8764438535245782,7.631201540388399,-3.605373365267141,1
252.36089205274928,47.11424882845899,50.55019644613937,0.9797345511127276,12.400069607230755,-1.5651149758787106,1
232.23001185803167,48.8544057252748,49.28751441409229,0.8487926962837127,10.817020895479263,3.923909108817867,1
180.47871797599652,78.06244339723163,48.61138136655647,0.8571537800439804,10.323008264989753,12.336897765043595,0
220.7989600468859,56.909109573921924,50.11478632053713,0.8244821613373134,9.88911877109805,-27.16628162007195,1
225.46295470267808,45.5519316182951,49.63781818409827,0.951823819116852,9.25063536934286,-25.162742869453005,1
224.17734772188157,51.39028686953126,51.68888412064468,0.9191098560811707,8.914490240500717,-26.348450891713156,1
232.5562433356323,49.54877109675948,50.25785980958507,0.9218132338508996,8.995950332833413,-4.610981072105382,1
232.40860971574796,40.7411009610885,49.960834575534925,0.8436940862038927,9.395794908061804,-27.48912330702394,0
230.0456903023012,48.863333109185646,49.74226536345807,0.9302336778254168,6.9371647800947684,14.764876009879572,1
236.55407254619524,48.563404701028816,49.75991885840348,0.9530916894493728,10.787544654231876,-16.619989137691327,0
247.85969412179512,48.34919434996954,50.015070330657586,0.8715777061451379,9.797769192525784,26.35274959739752,1
244.24331203161987,50.31759456581451,50.05599096631063,0.9602694287923424,12.999721923675084,-0.8157746941733137,1
207.72653047325144,50.75673540613386,49.77165042765324,0.8697581177064042,6.3202886155600995,-3.2204548534679027,0
191.69118297647069,45.6770482089267,49.86342387674005,0.9516276923018575,8.357306337238946,16.83232155837002,0
244.0147986685891,62.727147339712644,50.6721422876173,0.8067460214915438,13.034307447137156,12.78923903357947,1
209.4968195237687,38.305193707969835,50.69225248132552,0.9102329202947306,5.0,6.43854245688857,1
226.62851897160974,42.79029891530104,50.12601698996744,0.9939053121279773,7.489742875551615,26.1088023750222,0
212.4483046091096,77.79963624223555,49.329370136381634,0.9962489201364781,16.282821773754925,-4.664444340775379,0
202.9702934362997,39.6200864501077,50.26925157831952,0.8563505156683482,7.914808247593456,18.511900546337188,1
238.12194092307183,36.462453252902414,50.77714122080551,0.8882798182160712,8.077497150508957,-7.194423255250889,1
241.3873274045397,57.34476745001218,50.68489055098119,0.8125955815973267,12.369100451316182,20.300740457766288,1
221.3523439890992,29.22880146226126,50.36721292640483,0.9746682615209199,5.0,-14.431522262041883,1
191.13436561782635,47.64726090027561,50.71121147764291,0.9137144306280428,5.143723104835666,-12.643975629838053,0
221.80633327621277,71.45824925076488,50.02669213623951,0.8770201357881034,14.069686263651267,10.67217204104724,0
235.8770600810382,34.550640778466,50.31405148491685,0.8225541116978307,5.0,-17.237202302892218,1
207.81632646838807,30.180355142612868,49.65961221683741,0.9893534570993778,5.0,-16.250748778474275,0
232.75039879668734,35.00818798042302,50.14613272807786,0.9060438095641987,9.247155437932042,-11.684254258955114,1
229.77035226240505,58.98359568346986,50.664767121985264,0.8565855858165808,11.987230785188029,10.735726179622553,1
238.6893724940163,61.247767199858124,49.705288294256555,0.8700430260263019,11.583035469237341,23.363285545393914,0
231.7937055262123,44.87411203021491,49.569278285267856,0.8541394361844296,7.4882996913774145,10.474059067619201,1
215.40396588677666,56.83212404001069,50.048744469511846,0.9203619617713962,12.508789916234138,19.66885466064751,1
247.94857252496737,63.9025532751199,49.886668898138,0.985992715156102,16.046549655402345,2.613635381668182,1
227.62205640459544,67.87346414429825,50.32457386053521,0.9713387606653129,12.5775824541987,-25.86460671929128,1
229.59043190735102,47.53664718820152,49.77337023702648,0.8920761750851955,5.840435654137087,-23.97202730948996,1
216.00098061390207,26.985282823300132,50.85921980780136,0.9652998724602015,9.390189463792995,3.2635187020149274,1
223.35076623212734,41.79121077590313,49.355161951019475,0.884621096255266,5.8121823938007315,-10.331941881473423,1
216.7279592895965,45.73195805064742,50.62686739310987,0.8504614281517276,9.484651254027352,-16.765915581783442,1
227.40580910114866,47.41061203421609,49.617575385845946,0.9966830230532856,13.767072637873953,-2.024584361842752,1
255.67562720213516,48.1214059899128,49.102008632707985,0.8607775135941644,10.885746019513363,9.989804454258092,0
209.42148285602966,61.188945979306695,50.11893757817443,0.8647448461973817,9.880209063043527,-6.900483135848493,0
205.7965790318489,62.744284266875816,49.87269600699306,0.9979385735573044,10.033842681852725,18.152535429440498,0
252.06755491240412,48.28326346075217,49.44519531604848,0.826785498633131,7.182491030966785,14.311394794283622,0
226.860144842722,60.98484876051819,49.15931155414237,0.9521067976019391,13.925817350670426,14.094892929574009,1
219.96390892010126,53.57661366631089,49.99581960636427,0.9871625516965453,14.535585695812301,29.11138138064331,0
223.51122737575847,67.3341279688801,50.95871894685307,0.9023589988550837,10.432942706452115,-12.286201357701913,1
220.91576690394703,59.06544157109964,50.29247674654322,0.800504352340564,9.333929968582844,8.68353518045371,1
257.39014570320404,50.72252048237916,50.02835332441963,0.8750117888226213,12.818658410543383,21.32870040961881,1
240.16888807008903,70.57811177097761,50.23942378660887,0.8223137984769655,12.566872552233745,4.77146603483466,1
222.68132887781445,35.61588833205441,49.98639293381107,0.8832375321867392,7.553916803269678,17.370130566923557,1
262.35962319898255,44.84829100907982,49.28513787848482,0.958005352328457,11.355858617295,-5.132868849605263,1
220.91427615494993,48.7348110304605,49.28955300738828,0.8877423097767602,8.73868890044774,5.42948073928828,1
241.1314305801396,54.394526904579905,49.89841573550766,0.8863850242691845,11.59495360760402,-26.660016431740303,1
234.48938870609737,62.67960487103089,49.919673356816965,0.9113578953837693,16.921171201109296,29.146056349488802,1
249.52611934098198,49.75601432763843,50.425491339253384,0.916338116949536,12.58579320873699,18.001108886905037,1
253.4226679509028,35.77770350493793,50.37865211188738,0.9712592617597943,10.991293828247185,22.128544297886968,1
230.4800622359865,58.425138964550044,50.302566507879476,0.8616710878457903,9.765727374084296,11.657656688576765,1
218.69873194480724,57.54958766141964,49.85985864346141,0.9643342528736032,14.329004268245278,-18.836998031478032,0
236.89958214408674,30.58141340620594,49.30967391494493,0.9131867497384095,7.893826965580679,-28.138293454918063,1
219.8342694537184,49.96195866329201,50.20603556853301,0.8601059099434294,6.447652640501429,21.87939646416082,0
260.20080871289935,34.09858169319702,50.262584656631084,0.8590252088012155,8.701264190735428,-6.220160775832614,1
232.04802996624107,43.353489024979375,48.80573426876116,0.872227503421145,7.7481404118911685,-14.168107437604805,1
224.52017673031838,40.971910730372,49.58283090670867,0.9245386485239951,5.413242755899356,3.7003775303366666,1
232.77020458797364,58.09264698241986,49.65447281130305,0.8461623462719898,11.701559524862574,-4.746088651456837,1
209.79310565705455,51.16830174172184,50.05917510056172,0.9840667123344535,11.64180214547566,9.099959741253421,1
215.42578942234022,37.144089992439724,49.59831978361715,0.9149825168355801,7.624718582324212,-0.9724060167291846,1
235.4999642309345,45.46858711379026,50.28475202554568,0.9840031553992014,14.131370645761928,11.83398842641624,1
220.14658581542906,35.661941760715855,49.89473252982351,0.809280871715831,5.692375876355637,21.205396170548575,1
214.2963352597709,53.301137904709435,49.920425264231135,0.8685222740922947,14.853644591695605,-18.26657934265266,0
238.0497912879093,41.85989330708444,49.64180285314963,0.8045615321375247,5.65210679158632,-10.234027166070792,0
247.78556231994494,46.3432291746948,49.68050747296666,0.854450363019594,11.557653933791071,-3.791064805761664,1
240.784299659976,55.04270748038384,49.45986647010965,0.9724012944537177,12.91848848406094,27.723506881658288,1
244.94071528708724,55.21449399059529,50.19003372028692,0.8073219431684402,9.209513101646861,-8.079983187150884,0
218.6480736714581,63.3696907355596,50.28555131429568,0.887229419983149,12.196351801339258,-7.1340090244422285,1
180.0,78.91089460361107,48.0,0.8235134140946456,5.66503009575934,9.20835137757367,1
277.57108770355353,55.478129358791946,50.772135666970335,0.8833681318520735,10.646019623928373,-4.848017406603045,1
225.15980241736796,45.62262677595675,49.84269927627898,0.9677703168528755,9.8474373738428,27.07342473837631,0
226.23750475317428,51.81989882622798,50.76509281189828,0.9246142066805039,7.737577255946123,23.66812562852663,0
249.92291212773586,54.394860480085114,49.6789364130842,0.9473512690662846,13.891552685361779,0.8045266665403759,1
238.3434501410099,49.01690152545624,48.98671111170028,0.8698208230899163,8.234470579458065,8.686514036870989,1
236.83831658122412,31.962495159075036,50.201098912456175,0.9888795390020283,5.0,-26.51816628698277,0
262.4750351735163,53.31470896330895,50.124272552559496,0.9418524187559001,11.019240172871408,11.743831681943888,1
220.34722654429785,53.64561477355457,50.01719689765379,0.8843597638569062,14.805626560327596,12.432052376941932,0
243.91760192121856,43.19826523652049,49.67888376077801,0.885292960045411,5.372041861055571,-8.448042261407515,1
230.85519687345626,37.15612963927486,49.98271388725709,0.9837368355886595,9.310431488915532,-16.819026982483642,0
234.02888418294884,64.75879150503965,49.744370271065236,0.9152809386870784,12.368201564945341,24.904704109021004,0
252.92702639618798,54.91445510894402,49.84882521683412,0.9412758419806083,12.373453119229946,-4.397705951692338,1
237.61753634434436,47.70918969078291,50.42081612788254,0.8834070449026342,11.222641260045805,9.222366288102641,1
238.0744411857445,38.62967116852513,50.092108614765046,0.8447385529529429,8.878476053105313,-28.000272301424644,1
246.08761005964703,41.781851715786544,50.30497569366599,0.9447118583988837,8.35213074168814,-5.155970005389822,1
238.60744924425032,48.32956448321147,51.87457453603922,0.9215647544282776,10.325355641302222,19.035528660832796,1
217.4118549899149,51.37661940868046,49.82899132709761,0.9002685760849559,11.300179427564018,-6.7454399759570975,1
214.3278620896845,44.49412932999294,49.42325873455568,0.9248041879988927,9.923993801568328,6.189669608212611,0
200.50465115935998,55.09689231224656,49.8149816937159,0.8416571172128468,8.728001325159855,-17.408651970927632,0
260.8431069491048,41.856018125536764,48.33944272220543,0.9587877413063912,11.35179316430488,-5.008461069626428,1
213.45187451417476,65.00843030280379,49.70488901684718,0.9896325610040612,12.840651985880251,25.658263083191194,1
226.6811956462134,63.528005348967255,49.95906291140458,0.9782206288335406,12.432892975352884,3.9871049820622275,1
225.8478005016662,45.33425928797223,50.28183682713508,0.8642871490614035,8.857051712789653,24.115887545575887,0
234.6111004671365,43.713297529691395,49.865661061237525,0.8812011546564152,10.0753339315819,24.121157969372597,0
242.23605818808946,23.8186680130772,50.1738367711225,0.9616804599595122,6.167146997320499,26.648868025468772,1
242.90710232539618,35.18419228448632,48.910105669304876,0.9190234261649208,8.872750061292077,23.72349960480632,1
221.25383842146593,36.60530225042244,49.97158157389652,0.9095828887353299,5.84561194557895,-29.80313225938196,1
227.49317429320382,51.351903409873856,49.1602486035433,0.985328393506689,14.67457301062702,26.040893494895812,1
234.2386992573245,46.7376629555864,49.39584824217033,0.9072049921954102,9.247109321580924,-21.752433654877414,1
226.2696331072468,36.54664512584759,49.90641722606807,0.902987735917462,7.229331853977364,-27.604424933330968,0
254.11018364029988,47.188359575354426,50.638131993936774,0.808403718253272,7.056291700026309,-26.67668792531683,0
237.36462427457377,55.05337147647349,50.18560338173503,0.8138833917180276,10.247892270843483,-9.065028289413984,1
241.02316679074727,55.27839349915587,50.00911549856856,0.8014840615761301,11.742946945331202,7.248245116127613,1
239.9432190300112,31.00329719141119,49.99023480526645,0.9826488451567268,8.834976376509708,-5.861328208860151,1
247.60210786227987,48.71736519516169,49.643185553397764,0.8816773320035401,13.759133963490878,-28.46674292103723,0
232.71532338055562,36.1665922302839,49.72800829331366,0.8937122752266825,8.562417214842627,-1.4110419495171165,1
279.64221453575044,55.48608155088062,48.0,0.9690773895184924,12.595527237304012,-3.472155463777195,1
235.99531927628962,57.84146416353499,49.30731974077775,0.9218492620751556,11.690942404916878,15.410955930098815,1
220.22964659312257,41.019727736755414,50.29652702514151,0.9219003192781162,7.004745543474061,-13.223226094473699,1
222.07074977375365,42.339547975996,49.805746466440574,0.8593068858709625,10.020022751399225,-16.94812957233797,0
238.7954602813264,45.38732949501693,50.41277853743478,0.9667816747849038,12.380399157725645,-14.643662539402428,0
248.57424607150455,27.472066052686607,50.48054672861604,0.8331659952078988,5.0,-11.77561064220912,1
230.31907365104092,53.35968173440577,49.16345799374713,0.8106299184345896,11.4086328145227,5.949892402029988,1
234.63249518898445,47.27155453659869,49.70920961838639,0.8383206715037065,10.598953152448244,-1.7084708728752105,1
255.53322416952858,59.70175082567859,49.57223615602969,0.853547443754913,10.793915000063972,-9.786326089256526,0
233.61129769232852,39.01590782037447,49.09363601746343,0.8564622115708413,8.887187132437576,-7.541150502979296,1
269.0252467127059,43.80877051750068,49.4837333618953,0.9341027197237535,8.909929088391882,-7.744580390461429,0
238.48264468447317,34.93474741960885,51.22062792263267,0.8435649174657287,5.0,28.344401682619043,0
203.58855861266272,39.95709436505747,50.30475494810622,0.9353316608989969,7.288537947104588,-16.020180716822846,1
241.30012431656797,38.18018003931781,50.958643984302874,0.81822643464676,8.053853157585856,19.083693616335516,1
235.71737577324166,59.959736788464454,50.41454922000917,0.8294404922195818,11.492798558532192,12.492650255291224,1
249.34629131124117,43.017381512486075,49.62907841949576,0.901764289698199,15.406739889689309,-29.665799663786963,1
240.09772026904938,51.24175684744613,49.80911440166298,0.9843791605153285,12.868547818912639,29.59057308752928,0
227.9231602402434,46.19236596138195,50.294218090120154,0.9719135177622228,10.526890474869138,15.386362238014414,1
211.63552645565952,37.30534733987187,50.21875310173652,0.9937506884885606,8.70498026107531,10.946975181047478,1
226.8646511407096,48.316995768283576,49.71132899214583,0.9300958130556342,9.312531340088832,-5.680517539401762,1
217.2421931868605,55.99103331863595,49.245003414710396,0.9351629732832184,13.233920378377393,3.312185334857375,1
221.29214825292917,37.92240607456648,51.64388059369437,0.9250045997862985,8.484578397565778,-14.803746259951788,1
238.82867606630916,58.09112790731379,49.9294251638286,0.9245637845716395,13.457581561928022,-27.870995691258152,1
255.0485675652711,41.50279078522304,49.83713055340869,0.829424069013517,7.531401885819986,20.161299506758375,0
235.92007294734472,45.170160739271594,50.05666723195265,0.9087477912327857,6.555453455901542,23.7890696208703,1
212.06175406947224,55.30683123010048,49.878635705344486,0.8772135866903452,9.285595480207505,-20.251761803145605,0
236.6690400233021,43.36563842780512,50.06136445385274,0.8885074431554587,9.684289722730611,17.22336575074398,0
247.94947229968477,50.37574859335866,50.64347364305821,0.9047201146118475,10.411134546591454,14.469160397139525,0
220.85325643520926,46.853091712119074,49.93772576015679,0.8256792343604503,9.12730056882631,-19.297499883834572,0
227.98974249990624,51.29368006703819,49.418644780336116,0.871897546770424,9.731623611698629,-4.69027184551237,1
230.22032292093795,26.192608944765027,49.919178102760696,0.8126899121753207,5.761736750775086,-4.634524749953798,1
218.2265253037664,31.703181847919172,49.76779910929505,0.9959336260844798,5.0,15.597855498314907,1
227.95757457143355,73.54596505314947,52.0,0.8237056057640253,11.475190494142083,20.25965434656333,0
228.18577777088328,60.37181405649051,50.585559532368784,0.851704947708991,10.45116999280313,-24.31349271651774,0
236.29298665860543,40.89513296468479,50.0537625002154,0.9782585853406794,6.376574865813616,3.778154094252173,1
216.6876173329685,47.55971647828866,49.36063207259037,0.8965420092478283,8.909096559000972,15.704909815733117,0
223.43812549514885,52.94719252902301,49.38705386828003,0.8271274403041261,12.857901358396727,17.171435643909504,0
240.83572036741657,56.93217601658704,50.007561630792274,0.8768461076078699,9.10554864270751,-21.120388534175465,1
224.4075027186235,29.723227283291514,50.168161484660644,0.8231735988382772,5.7294472407145545,1.530308589047646,1
255.90445776850106,41.13959753021623,49.812688590336975,0.8400431994169004,10.438966296604969,21.453522381762177,1
224.00545721578095,46.67420620150125,49.759915207896384,0.810405969389969,13.073080181958346,-10.888885404882952,0
233.3702708862783,57.03140197236049,49.703600383410674,0.88764549890982,10.828192976195439,-4.492986065292172,1
243.45670746512758,47.31013141594588,52.0,0.9613272243450519,16.323802636429217,18.261510680179946,1
208.72451400600454,47.71994273190282,48.80861882396347,0.9171938357399791,6.802161415615273,-24.640828728974263,1
259.7119316190137,39.674846916266,49.72461996652786,0.9212690610969223,9.020077135472903,21.569597393338697,0
207.11515528144858,54.02268077201298,49.68647457727632,0.8401168060166481,7.665167644345802,-11.33059699615146,1
248.93876155140774,63.2099578954071,50.60375159747596,0.8687787686504733,12.929396075618524,-29.91298100453237,1
221.7221278116133,51.08014120979501,49.593093179035534,0.9690484207681664,7.277176711809997,-15.950451296618503,0
268.3729892850238,40.93351454845707,50.090234070915606,0.817571236865303,10.749331352476965,-24.629961546269612,1
221.53628602013916,59.579939414800194,50.1132713754655,0.9715861307337068,15.140597033347511,-24.456905580225353,1
232.76826954795555,56.63545618498435,50.64895825283038,0.8967380052529571,13.513190873610114,11.570144048555491,0
253.13164928851813,39.73919155804376,50.63128870348208,0.9674294862650235,6.520961691922832,-17.16141986165611,1
260.09139332238686,53.81425617534342,49.97124851560254,0.8636012838788801,13.301805288616507,26.08454177861895,0
260.922553649546,59.97265567658873,49.762257629405276,0.8677685903166041,10.233691711737993,0.9866727954782419,1
248.12549345889713,61.818900425588936,49.668083448587154,0.9503209736646285,14.692906884001284,-2.394104522704886,1
245.36093788717193,49.33551024690544,49.87946838876711,0.956999234678444,11.994637657258767,-3.9429889067909016,1
238.88790423801774,46.41920553820681,49.7829833228382,0.8459289355980294,10.000861175400232,11.555258380297907,0
268.93818342657676,66.03391720823949,52.0,0.9945742649643812,16.03740681665424,-2.864234248583493,1
221.732214255072,37.89839497019115,50.2101549087426,0.8168980208489658,6.848567874319782,-22.28397862648849,0
217.7270167486654,54.38579290921005,50.295900595572505,0.8137005926204263,5.710378360097529,22.810330838445395,1
229.9493831388357,36.29973372635571,50.629641855718084,0.9191008430572205,8.742069931643648,-4.296279064460478,1
227.44723066212606,60.65376272259603,50.93143456070009,0.9445481535543243,13.225759011560989,-25.559725458029853,1
223.20157926009088,47.41954484388839,50.06233169670378,0.9921772258449948,8.696080554963993,1.761959249865665,1
202.1320015415029,35.18651940292797,52.0,0.8809891561597724,10.139954601822902,8.840811507342202,1
244.32957812855767,54.91412756355527,49.824169908082894,0.8050582817979267,13.881628572044061,-13.465052150534486,1
200.5564218658635,20.0,52.0,0.9205792678892815,10.505405227363244,18.02042446043054,1
252.1629512158289,64.24627732077244,50.530754578587924,0.8579392041197544,15.310985395990535,10.186550762241822,1
212.87466328799744,65.51245266427729,50.504207984971494,0.8865894242390805,11.011724247012737,9.020470155866008,0
227.09510811080423,58.82286492599216,50.04703492059576,0.8976938964499871,6.957749459586265,-4.750502827932348,1
219.24766519095792,42.3841213496378,49.665820918004556,0.8129025221476068,9.08335229933884,27.714918084677265,0
202.0019507439041,46.93986045642591,49.30273578106726,0.8971963569128206,9.240538604560433,-13.54864992304514,0
228.75978971235952,51.45427217405759,49.97998139623945,0.885263933360863,9.670823660818629,4.662330060927154,0
228.17378737425074,42.96289600668567,50.76650627112459,0.9425088530573187,11.489033213228828,-11.456690551642946,0
252.70174614863197,66.92346572463205,49.84507754931796,0.9291331822424689,17.409195007945872,14.688285178293242,1
239.46217526832166,51.44326471726037,50.392563292730024,0.8370431436301122,10.663487802938462,-27.13251096779271,1
214.63719763506194,22.966519528926426,50.421975700259466,0.8412277836420794,5.0,-27.246367927497047,0
257.8113884950128,53.3935581275622,49.85815688953642,0.8502012357548747,11.805352793336851,18.65165817112748,1
248.3155054328803,46.51842603182687,50.65817241875976,0.8357900880594356,11.01429705172799,-3.943910336179737,1
238.73146555202925,49.25073443881552,48.54566962775975,0.9314426399336935,9.236670445725629,-9.529196723978657,1
226.60273851725253,46.313806342143,49.38862486063091,0.9988860358400541,11.33511072141485,6.451611730520305,1
215.6084114491478,58.07046416606687,49.542183851820774,0.9304216681031874,9.80814449213042,12.113960632138415,1
224.4168983589342,61.196877785533815,49.59014248856631,0.9213363092382583,15.326387119831539,-17.927919189335604,1
246.3312292955628,52.830531622586534,50.16813147559295,0.8819855866702145,12.542249813474195,-18.87412551571611,0
258.26879458901914,46.60688812861841,50.14501890152695,0.8625160517719521,9.005739597835175,27.489044865592888,0
253.14865292408282,49.5866279519083,50.19699528608751,0.9822147513812959,12.490725260466387,5.379858383074158,0
222.66725867320588,50.195996165776286,50.298040747066246,0.9938003748284305,9.400138861859123,-6.593011362343912,1
213.20573850066484,41.975699601351636,49.524947715427174,0.8993552351175456,11.056969407185063,18.086501680170386,0
232.11329370366806,55.789286485712346,49.39091196659634,0.8580400991013115,14.356886493606403,1.5095375266750324,1
203.47340951655724,54.60042323860466,50.19815984100393,0.9540244415339536,11.991405404718533,-15.500231377525118,0
234.84751571277172,65.40441239776673,49.68488396317678,0.8264913581733757,15.808273100775562,-17.595881661505572,0
227.78596120551998,62.55349780288475,49.214762477316015,0.9531176475287363,13.88438285334603,-6.188444029810697,1
223.00945247197637,43.1432508240987,50.485672142270744,0.9637896748622677,10.799985567362745,21.59375161559278,0
206.07945399099808,58.20298374508965,50.69755095325115,0.8249807889254335,12.344630884194252,-26.313125037344463,0
237.70400159854574,40.49046616905528,50.77858044484933,0.9953722937593128,9.568718147577602,-16.88843995471421,1
222.00948740507133,56.9593210094085,50.09350386073736,0.9971024580776957,12.751076480504931,23.58910913115549,0
212.45124746434567,44.83385801239892,50.31296604798645,0.9873438958654702,11.2717727596429,-22.69592586184497,0
186.91606680077527,39.76746776624415,50.68493411168095,0.8992069618812529,7.976961932513638,7.777543095850099,0
229.58727642424046,52.800453426974045,49.679292104988285,0.8492148284553658,8.783525916752035,-17.189317912738495,1
256.5837739500462,23.25432871845859,50.55533884202705,0.9164018561763826,5.0,6.352010850713299,1
254.91888821821806,32.490244255947715,50.13769811707161,0.8839867676942872,6.9704554980616065,-7.013749989346074,1
223.14355615120593,48.22508116225717,50.45685582617129,0.8411897289434395,5.0,-23.89938621414049,0
220.96681909457328,50.824417666348424,50.093046510437965,0.8847352819235695,7.9539936739091015,4.948504053246381,1
237.03161384112536,46.30681229841811,50.648128354874004,0.9327779671355181,8.48976350797637,10.982564825075158,1
215.02421841217563,34.20563701282401,50.111761881270766,0.8141826621571983,5.0,10.816357137948167,1
234.526878497292,41.821081578614944,49.25801047026629,0.8666836002892033,10.141454398415071,8.222064544362574,1
241.49120417577035,53.91209327237394,50.72596331615736,0.803558978002565,12.537131529872072,0.01348685613274725,1
248.4039983582646,55.81781770628363,49.526234629513944,0.9498991010923351,14.188183081997979,1.1683570115595394,1
228.4976888528007,49.83776882404059,50.62652910512196,0.9281382535233402,11.834480671984208,8.13840658847758,1
226.9448937473455,61.56833781036989,49.95487855927984,0.8125344269403932,12.66547560188137,11.415561704798463,1
216.83026119865158,53.97397023459234,50.58800549259885,0.9929475119203935,6.626993473034068,9.292604329883105,1
217.5967946894021,42.525443460417875,50.567384307433386,0.8045243114254201,7.464980780002484,5.216733894807106,1
226.6028166214771,47.194979465883826,50.21507148715769,0.9179921292952178,6.224563408905816,-20.649660911752896,0
235.51048260224266,35.97133842792145,50.25426765881357,0.9552734923598112,9.110999922400419,-17.363007690428294,1
243.70376939349873,48.918610096085835,50.211314308596286,0.9575792626089445,7.229708209182617,-14.3865587378791,0
217.9523157397948,61.121006192213386,48.99308762185946,0.8068570271186408,10.387640446917482,25.179699425250135,1
252.39032853439284,56.85290084710968,50.059165109449104,0.9812830265280879,15.176089733110844,15.563705507817993,0
225.93314598436146,64.02009325919121,49.44196791196405,0.9836903343854244,11.992837918112919,3.1720091722126966,1
229.67949058477345,46.97114756201007,50.085593571872835,0.9122780746308745,11.76536990687021,-14.87658428735719,0
218.79182481278264,63.46099794514258,49.428528726808395,0.8964166397774292,13.459763078223007,-23.34650860534973,0
193.63639609590587,48.066957735520305,49.40752402938696,0.80897349261252,8.291180259801482,23.925553558798484,0
243.26068094541574,64.71585082569894,50.80246725087695,0.9123908285019737,15.759609527653824,23.559960949375025,0
241.0526584563865,49.781432525578765,50.534723694062095,0.8818758163540462,9.864062574455332,-23.358264258258508,1
225.7800866432268,57.072313738042766,49.997928707527926,0.9545612814817312,12.604115795339679,17.832999965789767,1
231.00486075837307,64.75112364309855,50.09238432512451,0.8807767133772176,13.19460647168467,-3.2012958414052406,1
237.7390882655615,48.065723714187946,49.876041987128495,0.936716166664942,10.67885266716581,-10.561984030167594,1
206.56181214670187,52.18388987544174,50.28493818798976,0.8202816292475062,7.497916647547657,14.346272172522433,1
222.06420983980559,62.88863425206302,49.661972816725594,0.8265904541531934,9.058531733893496,6.859772463643836,0
241.91397019432742,48.669968360699364,50.49687013143398,0.8279420381298317,9.074427549539232,16.801806455600243,0
211.18565865246126,36.79107717493839,49.873456579492945,0.8091050999599487,5.502646809170788,-25.540268362023774,0
234.40336898249944,71.4300705458491,49.79007650208438,0.9082657718539607,13.734039820302183,-10.884778802552614,1
209.65127293064893,45.30235535662863,50.01085650924242,0.9587935452087272,10.810437630793894,-10.840988974995856,1
275.4970405244833,42.10218410414072,48.03255978282968,0.9220822407387332,8.929027578578202,-10.214814462734068,1
229.46537776553774,61.56006669451127,50.164341174748245,0.9149909771105713,12.58205634853288,0.1487923586283273,1
205.77302276141737,43.91506096268798,49.7313187053433,0.9361247856805472,10.792003662617578,-13.019171815143157,1
247.47109031685756,39.9213208677787,50.23426180140942,0.867929064614403,10.39285350024919,-3.336983394748817,1
218.98112634802925,52.53737296774833,50.608003269455736,0.8723908143296458,12.469176359159286,-7.9333444130750514,1
217.8462134447843,32.069236020876104,49.640339156595914,0.8628540196441845,5.0,14.117762881230675,0
233.00853795846413,47.1209392313208,49.93471227135242,0.9424217865707152,11.915972741723285,6.210047740503008,1
247.22956024143073,52.45038664315406,50.23066535651771,0.8323280671341549,8.667095318608439,9.217765939038927,1
214.76267271532404,47.30048103174836,49.782071322509296,0.8026050560625849,7.601417413529939,-17.364966355041332,1
230.92519774771958,34.56549056814253,50.23216028041333,0.9192392893444985,6.973895678590686,-10.469870080386638,1
236.43224750495858,65.94177956204013,50.27769943032587,0.988476272946841,14.259419022884915,-28.730073143275543,0
240.39658410894717,51.03538153949175,50.541630888147154,0.921881583399261,10.586689544673241,-23.497517562409804,0
232.6466233291584,64.31152117761741,49.697004976957544,0.956584330588179,13.325527296869195,-14.09674608066676,0
224.49458241375015,47.39963749819555,49.52861237988476,0.9345581418932061,7.979809890533097,-26.072176721878737,1
217.5861466902692,41.19988018309236,49.84621130521813,0.8994873307046033,9.776302032058705,6.157944021282148,1
239.05767494308856,24.548605757071385,48.0,0.9436784803567693,11.135900514403046,29.887806955429518,1
213.91791482021588,47.842128736717804,50.28224910202375,0.9648208247710444,10.27712768208557,-23.95108715607669,0
186.1797427475809,38.22238542008642,49.4191243499118,0.8449463288343396,6.340389438398441,19.273812760155906,1
236.548397062365,64.69784258787496,51.16650820912634,0.8672260960966292,13.381629283735908,-22.871025164091172,0
243.55902261629294,43.77729777106004,50.64796393078687,0.8447451465006568,9.192582453338252,10.194841127786162,1
194.55601346687243,31.597336152044313,50.00628788480016,0.8904345911180882,5.0,8.589456183541031,0
214.85403942935093,63.28166053957332,50.43369724649899,0.9770129101833336,16.120574287802235,24.16301608867196,1
239.28731391507796,44.957019841873766,49.1815990678446,0.8690414201670665,10.87032819422666,-23.163263179169256,1
260.86243204567546,43.921761073843754,51.26168666569978,0.8748933778261108,10.060887674766066,-11.073332035086132,0
230.3119056151311,32.34612412970026,49.70489269389976,0.9720734469343864,6.347544243433186,-24.553214378718856,0
219.079955881563,67.40941486596991,49.93975129305032,0.9030748661489351,13.099014567954326,-5.55700045173397,1
227.2565533834274,37.105194127903125,49.07203335640578,0.9070897999294869,8.484185728365041,24.695590413446688,0
250.62314628722277,50.5844948070565,50.24314365237045,0.9721602406664426,15.324582834516251,16.891389063711365,1
220.31053731313196,59.1262032254044,49.44682792146145,0.8981053474050946,8.952737969683609,13.374006026719151,0
218.0121199002462,54.21716933003097,50.05082788078302,0.9363115069258791,12.386751548464172,1.9816502917621222,0
222.75884716726952,49.40345688007808,49.72786278353773,0.8171289331748122,11.245997841767162,23.009144540131373,0
215.70007087611933,32.98334141712584,49.46112803253483,0.8357263426253771,5.0,-3.033492105520299,1
231.84005473992192,41.90275164232716,49.59781924911869,0.8808752401432491,8.195168860040196,-21.018859973961703,1
254.3701768770434,51.87800338042522,50.11289401704276,0.898967813563975,9.73393830406308,20.25511338724675,1
234.84618909674043,42.12825930013004,49.35925451356559,0.9931467402472459,10.686916543502823,-13.221700316896388,0
226.2146974681057,52.03359459998768,49.62559416448821,0.994130326609558,10.984971456485342,-26.781987538533116,0
225.62283096626683,56.817434088151415,50.33163669063224,0.9702394174957524,12.177522050807315,-22.437718159872517,0
206.55213786955014,59.625028858001016,51.30123993743716,0.8631197670571149,9.807792805191085,6.543534971648896,0
243.24664665720738,37.738206421873166,50.2387944097765,0.9928056581664879,10.553977185167795,6.4249178352703495,1
228.83244204480798,71.96646054978955,49.54136917891135,0.9378681729352425,15.9031236950265,-14.38900973507793,1
227.29280129614062,57.674793445541304,49.816442914963844,0.8785880255634801,11.979321385339038,13.630808876758742,1
277.8966135176729,49.98285846330936,50.015794503076286,0.9403349833969533,13.382559666857892,16.418409323972064,1
234.4812936254853,60.89536583076641,49.825287524682146,0.8033045459573054,12.615226116179608,25.23015756801709,0
218.72313424857222,73.65407771999973,50.45152908336846,0.8292309364548428,12.834842896531882,5.09624992069422,1
223.60463605691686,35.612798989431305,50.108736741507116,0.9659371423112736,11.093487628016767,16.765401848854374,1
247.22668563795133,47.74737357508646,50.45392619245494,0.9291147273746343,8.498075536029582,15.185980786298025,1
231.69905615806647,26.215683401266716,49.842778104851185,0.8728389402583768,5.0,-14.531457091968427,0
208.4258303252395,51.92651532648025,50.66275010986063,0.9001333280445438,6.124626214689037,-11.386444323740438,0
243.78843401862804,53.65394241925141,49.91675720785923,0.9810284299291534,8.672882230765794,-1.2910562548277156,1
219.9778387169151,49.6083788455724,49.514405065431006,0.9263156218958173,11.454984838185174,-28.85766194824509,0
258.0994666432632,43.4546642900169,51.08866019052111,0.8796298567868661,10.968334606085675,-12.156133610536589,1
246.20072098571973,29.50485483811675,49.087511126519445,0.824065331479507,8.401659582819686,-1.567027599345721,1
223.29017156511873,53.73533683411769,49.63063063734754,0.8587493603251122,8.190490099165029,-23.515842283131377,1
249.21524542602668,64.55434483915325,49.686486074084804,0.9956680465593166,17.509157651641914,-22.423446733492476,1
231.01783265791104,44.08981544266568,51.25415313652828,0.8874726125703555,9.153030243907171,-2.2057958557595327,1
242.7916051268333,54.40059929023145,50.903429442073254,0.8943678927689722,12.145992015703728,13.85790189515587,1
237.2709922594171,34.31855686579949,50.7469640718211,0.8997196064794031,8.577480839302671,20.02493585524099,0
217.30465017513689,54.57213063692514,49.83467066881183,0.9768208045896423,10.071337328277943,2.7788338502849115,1
220.34675251523808,46.06617702255343,51.213089001920885,0.920785656877062,14.520963013574292,-1.5150607471961344,1
245.44941226371742,42.375820493970856,50.184176001920484,0.9387354072903844,12.427660448102063,-6.943165892414687,1
224.97837001840188,42.39636358783869,50.48863168515156,0.8778827085098209,7.310065806906268,-18.423060453743627,1
223.94527305137004,46.0638841796699,50.08984769055311,0.8058175237177949,6.131167528767422,-21.20627983113812,1
267.8669400525972,55.98673656549213,48.0,0.9861945828485689,11.27239607452124,17.513787099708487,1
236.3539859839019,36.87836798804482,49.87411066303681,0.9898255361832813,8.992181977452457,-2.0996020672598306,1
260.93787378864715,46.02884668432147,49.89518000329042,0.9898306106696102,14.019758733054626,17.419214728785278,1
213.9870062861859,49.58528222000852,50.30424582433904,0.9887374173293433,8.153661446612816,12.244982154037785,0
230.36329185009137,39.00960775468141,50.183599899387694,0.9630483882139123,9.225294256227947,-18.36624513699727,0
251.18330833123144,67.96665201675017,49.984264314898155,0.9369192100232654,12.93713763118659,0.6184358526735458,1
228.80537913131428,41.46504519938658,50.75476199634943,0.9689019836534571,10.065100464576556,-3.3590021746391585,1
236.785576943746,43.305630863665094,48.516623465629635,0.9201092478002073,9.219928688130658,-4.567589634558196,0
214.06409707779682,40.21692050177502,50.2549436239606,0.8268739227784048,10.991916112405402,2.5542629522288323,1
236.42460645811474,67.98480087138117,50.35886935332949,0.8782436330082842,11.024250549698497,28.924914064526277,0
227.19283602493178,55.529052285994815,50.57348143412759,0.9942589823945875,15.284592087225382,18.774035860244716,0
244.78594993519795,40.63407993756358,49.96756427947332,0.8702275627191313,5.248187932626017,24.222745897823494,0
247.81079077347127,61.06231558859969,50.103960033691976,0.9735655827462739,12.077477186381753,-28.221625009437748,0
268.8434546302792,52.00698694288878,50.49297419165736,0.8186422941549739,8.091852984005612,-21.579817992449644,0
238.69449759820364,52.57253421111502,50.74558320214009,0.8668367684750939,11.37844447501703,-24.91418038652619,0
234.8869447487325,46.55522791247547,49.849732007410616,0.8701906649454759,7.1683246051160445,-14.206139696083401,1
232.91576452366004,42.505840130430265,50.13348789156378,0.810320508621796,5.325737117684174,-3.486450482000972,0
224.70250560783967,53.37766099054601,50.83928698217438,0.823818866037351,10.286496259924416,8.523194859353374,1
235.07725765192538,44.549127700044096,48.93798646206057,0.8386330422243542,9.686124211757988,0.04987597719611969,1
225.56897884791456,68.16755629575104,49.65499370009271,0.9675631181620226,14.957419410943496,24.191034894788388,0
232.5269146440442,37.30708894756896,50.732917989301484,0.8126803979879613,6.72548474533021,26.391357533631826,0
249.7639630341194,65.36156772854946,50.54626891680415,0.8597401802688774,17.69304691703371,-20.188742928152465,0
214.90186152080537,48.88681151202199,50.261222605463345,0.8020350005178536,8.717745415058076,21.174775215887102,0
247.0981784169357,52.99085734021106,49.77570156344544,0.939125549080605,13.908240598420827,-1.0966677592019387,1
249.75672601009796,58.33157766629435,49.55909075050729,0.924060618008676,13.748209744703141,-2.8002317209569405,1
228.22897209513383,43.69750704995564,49.70439219037881,0.9289964524106283,7.069163525065072,17.096360909074086,0
198.17217651487107,58.642483846986366,50.774004110409344,0.8748765569429238,11.266985871606819,-24.411569457307404,0
241.83672082178592,21.44563327782818,50.9413200068767,0.8416535642535139,5.0,22.949587645148796,0
249.45491819841664,42.80010466778061,50.05071148211983,0.9440640426572067,9.897513086635472,10.25180127285688,1
229.65697906551677,40.759371926589345,49.623146177569126,0.962223574548139,9.617866777005187,22.51569645947987,1
215.01046651557633,37.464939876282386,50.42138701504951,0.8277202996196404,5.0,29.66865466245737,0
222.42837618157674,47.85045161921049,49.73063685982678,0.8973658855874843,6.331928514785522,1.0802671414352005,0
242.6093003975683,53.85749968181695,49.95120305492279,0.8497431363957726,12.921942851418057,-24.404268125464263,1
238.2010035230207,57.026599984993055,49.15830893347859,0.8336213722412268,9.996247554411301,-20.00856822414681,1
226.4160185124546,52.40876757200407,49.19331588189753,0.9468650626989998,10.00303154176571,-10.582905446741403,1
224.49763382277968,43.34306535106453,50.003836596660754,0.9076193870945675,9.164390650441359,-23.786823471917426,0
224.12362776434267,53.69016437825167,49.33742142240112,0.8432370664757336,9.375524094680848,18.92050956826619,1
216.16384723252247,51.2428569485085,51.05254331966725,0.8620000022423091,10.383424161336498,-12.187928938033892,0
254.23063534204164,59.36056167936016,48.96923844394387,0.9933307342655484,14.88838202056244,28.553171281191915,0
225.1651929618299,57.76936702931516,49.59991235066795,0.9697359129417114,13.011191902364406,12.155485915911342,1
248.25737781238246,50.30476413920629,50.00835043363377,0.9759893485746257,10.784954343472208,-19.59417778466654,0
252.81974077883677,41.02746993838743,49.81743353110211,0.8920024194161417,9.639533190741284,-1.4374411833635818,1
244.97466347221942,43.47049844167919,49.44792727166804,0.924761452784175,12.058120765859183,-1.9869467020007328,1
223.52569530922926,44.50210640361966,49.521036080252365,0.8753535480408824,7.5719641809436276,-0.44930049998196964,1
236.05595135504913,46.84733666083744,49.50467296125038,0.8155423951377782,10.849387715912455,2.141470238576133,1
229.63706590413625,52.68050427589753,49.85663915258997,0.8802138621313566,10.545175398734894,-28.12961506093615,1
216.44447208904808,57.15174390128058,50.97596454475871,0.9187961506414289,12.83463619452261,11.178067544617406,1
234.86538922582403,49.48881306984622,50.0389686482791,0.8574288541536264,10.223617706097125,-0.7684934826934047,1
212.31440313260296,50.161247879004726,50.59145024469376,0.9695901149454832,10.259269643955763,17.457923932121936,1
247.81519082692347,51.43306305000004,50.25348817291407,0.8302200318349198,11.281356164346482,18.920974395625834,1
223.0307405405241,44.840946868676596,50.55693119899111,0.873425817887384,11.162247759950121,-16.167892680496955,0
233.0173948380926,40.74607742357044,48.60001784870321,0.8249807810648406,8.305011582556132,-27.09462321439333,0
234.24931807319214,32.4456210268929,49.84777098942588,0.8809664267970451,7.652727705843137,12.194031366739353,0
226.11642539443883,43.04850641923127,50.653567711575356,0.8079322609948542,7.127422110294891,28.66576730783246,0
238.80040702212912,54.73145453267787,49.714132088625334,0.8545098790123291,14.310126163336317,-3.200520805145935,1
222.87644515066214,42.970885619604324,50.88123658243481,0.8801470510227367,9.710017002702637,-14.423231424384253,1
243.06945946185866,47.621929625740606,50.74194507688388,0.8956330726553383,10.522760852423934,-20.59968632499114,1
209.81030479629877,54.66431287412317,49.76543464193627,0.9087392716950284,10.17714708341434,-12.753264156564896,0
231.89569369319616,55.206894964226684,49.74841824047682,0.8549982259579838,12.901710056574558,-10.324826917713011,1
259.0839349858743,39.204671478339606,49.49319707882277,0.9046082669229745,7.975969898883448,-4.56751539393213,1
214.99503013091638,59.970593564536415,49.685202884068104,0.901800924312412,8.061511581533583,9.324427392875187,0
219.83382544212722,61.27350089355485,49.38370546791554,0.8632356101752418,11.772572595113681,-13.610216635186376,1
237.70861774488372,38.70150142781441,50.2144055902165,0.9660400661312957,11.267269016981288,-26.941394191879443,1
232.69372672909398,41.76163130358846,49.27197675332678,0.9091282253187131,12.017225360341234,-7.603283305636825,1
235.25945148910338,61.910906831461915,50.30186650809511,0.8664539437493091,12.405422961755942,21.337776969544542,0
237.33780695221495,48.53146478744699,50.31403934845012,0.9894677024161553,11.484212043875383,-0.09890934888697345,1
239.52082202842655,27.80222052548149,49.16939779740804,0.9690224826142322,7.491985763827568,27.887025464724587,1
246.64549762934334,36.00318495267314,50.77490930316417,0.9965175623103601,8.320400502752861,0.21729186532390443,1
236.1472798539277,47.50630374827519,50.25680464720761,0.9384467749290841,11.560762407250568,-13.446070984689133,1
226.38113518072186,38.36957349715398,50.374849010722436,0.8756445811012095,7.435174578551885,-18.401160165287124,1
240.08860551804096,45.86576229363558,49.620667399228616,0.8561721333358026,11.450772975368722,11.671469807134585,1
258.4982290234282,50.32396213683579,50.31118955923656,0.9326635687348962,13.578659706703045,2.1828771466461845,1
228.0104938042614,64.62254604034729,50.56319672486103,0.9961633164990608,16.298542229949103,6.239935739726491,1
215.38206042994037,47.09546083772211,49.95069580049766,0.9253430160207697,8.97559768708497,15.307607360047868,1
246.60621003930459,60.72541799572759,51.00096122962418,0.9763229881979676,18.472550295460174,13.55420785589358,1
228.19428254069604,64.28760162036771,50.02203231745647,0.8658206862095538,13.669468009000335,-27.398201989906383,0
197.40995680978946,64.34309669352076,50.57039290022624,0.8813907564948511,11.689985237945516,18.15431431770169,1
242.7113251572563,52.847545933855685,50.14650440362933,0.9812550479178707,11.06437610618156,1.9621984231026843,1
221.97007721069116,30.36710852161026,50.29276076642844,0.9513733403915637,6.218673435467633,-6.497488151113643,1
228.6420007654376,54.608248654038654,49.164333866182616,0.9962820640735812,12.668077573508002,2.251165576084219,1
228.45174351299198,72.3952665138723,48.0,0.9549528419464484,11.99692433433673,6.747086907439503,1
232.857495196686,49.189328945645826,49.63251244937137,0.8897031414436464,9.606117956238377,-21.02962140757218,0
240.6417772570856,67.44583870075249,49.57680084711116,0.9062136039644726,14.376506380484216,-4.9550762804133015,1
223.46770444145236,58.598335614674575,50.87205159223299,0.9801030984926273,12.94613021267532,-9.86482738870897,0
237.69658697264123,55.68273377152784,49.89311487596883,0.9103293472196096,8.52333727801032,-8.975463310917696,1
226.10679983624124,60.86380711205838,49.49834908451225,0.851079474832889,11.44177690385662,-24.519903695561506,0
241.08215721331254,53.333698512608784,49.820434185945565,0.88712396255399,10.651772860410974,-20.409390719986177,0
239.2305122601958,25.071895006046464,49.34977488553904,0.9032631977698236,5.375970294971462,-20.290075944826718,1
215.96841946933108,45.008610485296344,50.716942234098134,0.8193439667102259,10.034935745730209,-7.606515406701135,1
246.2897317426255,61.97168027247854,49.652159627916745,0.9487525348505781,18.585590022451292,23.669492692487495,0
221.9605483232893,41.92408659901704,50.26464996697184,0.8218707866709947,9.004667456593522,-17.63835768474344,0
242.12086697421717,47.76527494763061,50.67805335710516,0.8809835426737611,7.719703704960588,-5.028449539511726,1
189.32772456912187,71.53346104159439,50.424856433564855,0.960924488308081,8.259985047215924,-11.303435082051728,0
257.57275515192686,67.83922595201769,50.26601121613639,0.8935140723226594,16.804777226972334,17.242998753080286,1
226.64801026442223,66.81492457418015,49.484956972547785,0.9684031039437015,15.631564065182564,-26.99241406075103,0
224.76024805822703,41.16131104859271,51.22288478455684,0.8683762644112231,10.008370639545564,-18.207396267846576,0
229.708705911684,51.47298000389084,50.46819006730831,0.9915272587996871,11.528909711076087,-17.36150745871234,1
180.0,66.23026691745748,48.0,0.8418936863610471,7.471718588391392,29.577768018793876,0
241.99912852913076,56.149446390313784,49.61358313455552,0.8076528289978603,14.479329219433474,4.246501077978216,0
205.7553408734512,55.09683077242329,49.94300172358019,0.9744853085980837,11.164561941256203,-21.662504136988908,0
214.1947637128047,58.117055716132654,49.83000813882424,0.9504405431900816,9.798085858116638,-13.668051643406073,1
213.98295617631211,53.31918447707887,50.97647227699975,0.8463967674134746,12.607143812046772,-19.930674352624543,0
244.25461387960362,79.35406206388468,49.38723263889255,0.9969483214273348,16.331255354150855,-22.52372582283312,1
255.65920058872888,39.72076234989261,50.0674007116451,0.9004560258537055,5.0,17.830921704473553,1
228.43326172193792,32.89396645563485,49.99083096668315,0.9902130880288327,8.979309963677164,-0.2548422803787105,1
227.46767415214984,46.069097992985384,49.941294849827564,0.9010057542773999,11.263248986696329,7.8726082109268845,0
231.05078244669772,34.320117344397325,49.94569167253083,0.8943749173542582,7.920141691951976,-10.124925180480236,1
247.42817453912286,35.07537729994007,49.941964594939755,0.889827707428893,5.117579120576108,3.2217051640397685,1
216.08970298714138,39.986853458020335,50.43653303316605,0.86697505522659,7.373572645977331,-14.545858048578173,1
233.57553474102178,40.77811094568372,50.304492223246214,0.9067402994353103,8.08015481135545,-11.517823504305909,0
244.62796444673646,40.4538189804994,50.209455805686396,0.8905109323897136,7.738038732573347,9.134276662003977,1
237.51641254909768,55.182189504454115,48.48300531892737,0.8073493753247108,13.405805290668676,-20.978992444846185,0
232.84372424898115,44.93810938914664,50.149897437081584,0.8520870466847006,6.822529052409175,7.0333115500477135,1
245.01569138850712,48.2048542512752,49.17218031991496,0.8426245600211117,10.584401823922336,21.134088985387635,0
189.45151560501145,58.94232774500935,50.32316008156791,0.9734871204642133,13.258745566719252,-22.774606429153856,1
240.1681297929636,42.33677475218574,50.73724868378526,0.9197739954453683,10.115093541582278,23.847676834198737,0
220.18886475308864,47.35454101295278,49.536880443705726,0.9527366200899455,12.416366820877627,-25.233259182066302,0
202.54050654715314,53.65759986092915,49.86910963882865,0.9913652075498561,11.901425379980987,-9.065446382647618,1
237.6680389928747,30.584321993797786,49.7003221474735,0.928807854505282,7.610125459662314,6.630558914279675,1
250.60487817744436,26.150944910494175,50.6177158878784,0.9965219982809489,7.2644308278415295,3.5648856071122097,1
227.9382722805846,53.461173287977225,50.04751394263604,0.862352810330426,11.735386348205449,-24.21653565033399,1
244.2931182080441,54.92014280566899,50.86416469028317,0.8372534364625788,10.462027093562583,17.934790067151184,0
254.1841738698297,70.64220134852411,50.206877101473694,0.8806619775985823,13.209532891106608,28.38919758871517,0
249.7237168037607,51.5809487586681,50.12122509031791,0.8941598829871616,13.425747972293662,-19.126302648973795,1
254.5994679405709,58.19739717258095,50.03410339130142,0.9790723085705171,16.83042480120285,23.707858188927766,0
241.13191236607838,48.04527356414026,50.40899604962867,0.9119880878073353,11.069566425638918,3.4085665267050302,1
231.1315045835239,52.972272215850865,49.13115690087733,0.8584361998836034,9.413564720121583,26.156026274719643,0
205.97051282154248,66.67256841749534,50.04267197776026,0.9485268565735042,9.910289655083098,-19.434842494994335,0
226.30906267805076,28.760071818743643,49.96497677813602,0.9011663874278142,6.037004231021123,17.52128359076547,1
217.35130107025714,54.1361625757168,50.362709413578884,0.8324263890550341,7.096898833744967,-26.413105473280133,0
262.5641407624672,71.35586730077367,49.90614919706298,0.9153639575182505,14.17181908525291,22.99178680816359,1
227.36171281351494,52.82034219209343,49.48063278291866,0.9822789073614568,11.755042082382031,10.449565331978022,1
231.8480721017673,66.50572963232848,50.003675337459846,0.968524523495164,13.40635873612754,-7.784712964654197,1
238.27228064060702,43.707878504705576,49.45857973556583,0.9173619945270662,10.244371753542344,-18.57199059012899,0
230.6540366955868,49.67952505836286,49.03736889370626,0.8754166347769976,9.712618043726467,18.991985914032284,0
255.4257656064613,50.33524702388588,50.36356124074275,0.8173957502128423,9.29592182557897,6.194479283688693,1
220.6602595739832,27.824089206412292,50.289530786347335,0.8939297846663248,5.0,-8.375048823119918,1
232.91911182855864,38.318221721498,50.233545471996784,0.9504158875059159,6.776729425241246,-3.369850511849023,0
187.04540484478522,20.0,50.53443601596195,0.8720547439466022,5.817249438201908,19.59255936434259,0
210.1996623316894,58.220660780325275,49.66748405484804,0.847089365110333,7.916033161434097,-9.664368398587936,0
220.8234636364207,58.72153105684055,49.284442928614375,0.9862759438541907,12.131042190538796,-24.62203931340428,1
229.44444804427383,53.24036442706533,49.96498511159598,0.9643111400915985,9.485237426120513,24.676930332208364,1
223.5604666322411,58.24102896855706,49.82624985014704,0.9276551238840289,11.750947500520642,-6.759375620517925,1
219.61368530189216,48.35850587278226,49.578852141614966,0.827356668784104,9.267507191454275,-9.096749333087189,1
208.9052380449225,62.01931669539543,49.9600754232561,0.8289817680812347,9.088080613082301,-17.736022867443637,0
228.75341641056957,50.08788442632072,49.69419742689771,0.8206439182911558,10.253570369836561,23.845354273700735,0
207.42919438953496,50.578640474267566,49.08199735832159,0.9232593333785486,6.963647225267043,-16.949679978729968,1
241.40083945534403,47.34407366737589,49.77941165460312,0.8231125592946672,7.1829156131745,8.20037208008302,1
231.23659629401755,56.844504776364275,49.43181241664807,0.9685254397725266,12.504376912325181,22.845900696486176,1
208.13672750802604,45.78801183387087,50.11582403580546,0.9985930003638644,10.890840184557941,-27.905183123806957,1
276.5184849999046,42.659647763290586,48.0,0.8732696369417331,13.496516020183545,19.727502318011744,0
218.71765391614124,38.67850859283993,50.555815737070525,0.8907339693934195,10.760099049320385,-5.36403469861353,1
234.7876176562877,39.010837452718064,50.80193303363393,0.9423334353971358,7.87790068856908,9.478474515912708,1
250.10675669034717,56.87426755126504,50.33969068650595,0.9874306012651531,13.790840804652278,-7.655726206466763,1
201.87241295531382,49.114557854169874,49.22448690900834,0.978818754711277,7.639513862552203,11.730975380849635,1
231.72539118721124,45.46108583846872,50.75259799943952,0.8115183657499697,6.041397740407138,-14.742305126538051,1
227.5980080665004,58.90057732475459,50.78786022518688,0.833814360511353,11.634971050837521,-28.684167453876224,0
240.070101146757,43.92738585913916,50.00939525565397,0.9509194397115585,8.476322460309971,26.86725088727721,0
233.19794942356535,47.9979874569963,50.66146308016776,0.9377786216064895,12.961344756377162,-29.017934157595032,1
218.72046002391772,63.99227950071159,49.72416243097666,0.8266437188080247,8.645281884955434,19.445957378010426,0
225.21419096500074,65.3914234581065,49.066877032575206,0.9004129164003135,14.233156340227875,-19.851744400651572,0
218.05961214794766,65.72398210270327,49.6198577806892,0.9561629262170591,11.692005759637317,-6.466786283878328,1
269.2939494070914,20.0,49.61617318575487,0.8437561364525388,8.157289262183223,19.34954259036335,1
230.31967473007913,62.3070290498447,49.25446003819426,0.9742575271469333,15.059340545642808,-17.64407098125928,1
258.5178602862951,40.51047172231322,49.99976064096575,0.8105943549640736,7.137334797169107,21.94245633150215,0
229.09008779278068,40.930971252779386,50.01707194667011,0.9564390170136148,7.936845561368349,-0.1344636538859163,1
219.37389849634306,26.49544147375639,49.74351287801609,0.923163779957974,5.0,-8.030792236963407,1
207.29428411080758,66.7286820189853,49.778239200081444,0.8630398693308698,15.508036454984207,9.746264804180171,1
202.9529048561608,41.36020150923922,50.0361245671181,0.9441865096683822,6.690692323669372,-9.516616681142548,1
206.23796085491765,48.7346742025294,49.71891882903264,0.956473159030232,9.71655860572688,-9.162698460218579,1
234.00689976517225,40.89675658071716,49.28897075141604,0.9867797942607939,9.03977701945213,14.01158345629819,0
237.630875348449,56.9516524833014,50.10751597147173,0.8735549344308527,12.265064523558047,-11.410066527653527,1
206.282139469518,46.2436633928266,50.53668329122249,0.937203347195991,7.710735470965358,-17.953641098734494,1
243.42557471114173,36.95183109567051,50.434786259326714,0.9205232553869382,7.878491287369852,18.458767679794327,1
222.7540842247484,54.416625641860605,49.59513226630509,0.9050412138914177,11.758384271593764,18.322262023633904,1
232.20189517978324,35.66269975189772,49.374386042311166,0.9780832948310076,6.373441131317421,-0.1448577775878448,1
254.18330942383136,41.625942746845084,49.85790605892261,0.8006334628276801,10.649841050871458,1.5993369697773048,1
180.0,50.1951352547694,52.0,0.8564223212207196,8.40304608419407,11.764597546058319,1
225.97204028141252,35.760418878023934,50.322799039479776,0.907655447908966,8.547617149081553,0.5564575057460068,1
216.63211661877068,51.78529169720478,50.351982338397114,0.8356586523273105,9.514470151691945,-4.97760246184605,1
197.72276898006044,30.354639618970754,50.444928475892745,0.9815733067465516,5.0,29.693651597804745,0
219.2127002113637,35.18854275378284,50.21038328125929,0.9295190235226031,8.018683311164793,-21.141574328846463,1
226.83304641758457,49.97631083867192,50.06030427380679,0.895576598926398,9.36984523419065,5.563678754391638,1
215.19230709273225,44.56393103906947,50.33115344832398,0.9629403518133309,8.741871135564006,23.15178156453962,0
228.03114549361544,69.92036635959309,49.72691694789099,0.8901772382930208,10.39825012859885,11.232902470866883,0
231.15277824438152,68.33896546024376,49.29276849431684,0.9117306023860019,15.38954982359353,22.855397945294307,1
226.62716027287883,41.32077537248846,50.36149846731216,0.8005501991107843,5.0,-9.819916778719644,1
220.2499612876481,55.57137618403482,50.618869052874615,0.8731401060390147,10.923729017614825,-13.680421424385646,1
280.0,64.53100690136868,48.0,0.827758094470194,12.875444385136813,21.076343214126283,1
236.62910974354114,44.02521141975597,50.41096074120795,0.9379377361324582,8.832447490685158,-6.353125428872367,1
213.6440138383573,35.04458463501796,50.84038285669409,0.8958053917951467,9.139057295388616,12.580939383438675,1
208.64428583644735,40.354428546851295,52.0,0.8603515114500462,9.283909344532137,-21.135085295153146,0
228.52117801573607,48.271543251858894,49.59099890762913,0.8935664678743485,11.057860346393468,15.350287522600482,1
230.28274434417273,45.64235503029381,50.06150933676338,0.8419259775902692,6.239615057984244,2.93895894149216,1
240.62321634884836,54.42316868164485,49.72473301589965,0.9850173264972282,14.961533491814643,-13.883301605372345,1
233.49824196895253,42.492703929944014,49.6916349450218,0.8107945265101827,9.79666108263982,-0.32976216246569834,1
244.29704950869868,38.480024524208574,50.21659203363577,0.973083407059224,10.084241350663333,11.816617550382212,1
234.30686247802737,51.090829703498315,49.19813526248505,0.9022717577466702,10.014465592602503,-29.28681546915698,0
220.81343938039342,53.859700925688756,49.27803553875388,0.9237892992277634,8.18257482446865,8.248023528847767,1
235.42255287809152,38.23355056099947,50.00964544018697,0.8605211241817408,6.9643044968580075,2.4954466963964634,1
212.84410689019006,59.28090610991081,49.98884573054379,0.9933395233588642,14.75416669453768,-16.782829935196045,0
231.62839558664785,32.29518862223922,50.17177728851997,0.8563701917038979,6.665986169015695,15.178864438571807,1
229.50155014033308,44.21886541284357,50.93761269424169,0.9177755994280609,6.2077865658277265,-11.79234092200793,0
226.8782471409119,47.41991463802391,50.05225701803791,0.9986833410214258,8.494926496154372,-13.388344107206112,0
228.07193732841603,43.6377628734807,50.299086075167395,0.9762188792766892,12.222169148828172,-1.7268990600406369,1
201.77226431753542,44.349395264488074,49.51223353219268,0.9072659650572212,9.094474945285084,10.568980705341886,0
221.76912638388558,68.71074482308114,50.38396883175827,0.9980749045934424,12.740587157757012,25.730758552575267,1
231.39267351711672,41.49115910961101,49.73680456744466,0.940273972346523,5.495672567395866,-21.518565412073762,0
232.397845879961,74.41221722471914,50.03571041629055,0.8417400832283619,13.306328157678951,-6.21191275489598,1
214.58487288611062,54.371267797310516,49.94557568746542,0.8811192420871613,6.577522461309455,-25.980624449242207,0
248.98561761297051,50.92055137311992,50.51648711745702,0.8668986668023102,10.679292705328859,15.513044848304546,1
217.00737727678248,54.76240353387666,49.3450117228125,0.8688027416542379,15.22796835129671,-3.1360266191183577,0
252.3940195139338,100.0,48.83295358726949,0.9520912878719733,14.337730421410239,12.415748111291109,1
236.40791542807528,40.06406996068552,49.89328365145604,0.9168525854545587,8.3118842542797,-10.668334561422764,1
220.30659035234297,38.79582081063611,50.23426562845256,0.8076185423179058,9.526548643580114,20.65903448437941,0
256.6296633891427,42.45133803428079,50.07613468790375,0.9754896967301953,12.125426381667731,2.089684694406884,1
212.0954475236528,50.32143146964561,50.616102118706955,0.8593592280960329,8.874413659857671,26.61646930941931,0
243.78731260415003,32.74228875187427,50.218686337089835,0.9994149753826287,7.6847874860612135,-25.271121651357948,0
180.0,76.38388571523262,48.368281690280455,0.9908381460669571,9.880612092726565,0.8566094725244611,1
219.94069686385032,66.93547133413672,48.83728992293016,0.988106143336393,14.011423284208407,15.987314759861917,0
250.88697950096494,51.51407390624777,49.88134388290239,0.9622255208127948,12.922886515686443,6.009158884416884,1
226.2493022810157,47.07314541024723,50.5139795011289,0.8441226663367085,11.200358277324414,-28.608351574389435,0
234.33040443919785,43.81839551316372,49.80397610866644,0.9065265488057564,8.067847349094054,28.340320700632844,0
233.9048275815683,58.98511704551564,50.014160131838885,0.844860525364995,11.276788995161164,-12.104178415446096,0
280.0,31.383156304203915,49.47542330524707,0.8519350911177899,6.209005281909614,-15.043328018017077,0
242.16212409739674,68.46395920599248,49.492353812875095,0.9221903538872555,15.739992626267032,-0.8604074636052275,1
241.90233080828318,69.33359747714357,50.31161794831941,0.8081667090706127,15.12209767538716,2.5294864514009348,1
194.7883682156058,20.0,49.59691298379227,0.9938917133641415,11.905652669489852,15.977288255389524,1
249.56510364317228,49.88484911923355,49.913593324053295,0.9837346345155928,9.90664743687736,-6.403580540460652,1
205.0626201794649,60.30659808241559,49.43546778908385,0.876153514431544,11.128791893732142,-3.6023774122672663,1
245.48819306512485,60.94798502227325,49.96669948648901,0.9030844896013827,12.157334752633313,2.097594956029859,1
246.90057705241375,41.94008268940584,48.88780794569556,0.8932238838535518,11.271460697016735,-6.336774015501561,1
213.63550354677201,44.73444866863298,50.168451631988304,0.976439955723494,9.009080824551418,24.87288474606936,0
223.83778568068124,36.77652565316704,50.22613718882429,0.9377203752632222,5.0,21.075117998055134,1
213.41442997271096,54.09064938334057,50.83781814692278,0.8556222494848713,9.437462630559098,-2.7015782953273018,1
226.77618454566897,56.66627883456891,49.903002603716686,0.8893682508930594,12.34582743779963,-29.98830825976097,0
225.37948573721388,36.50074362138727,50.20424266907324,0.8857931951373528,7.775006522392577,24.056069731756835,0
241.6949079840401,45.44801095183841,49.56935594880705,0.9918670336567837,9.87162379933676,-22.539805593632085,1
249.65463119179412,36.527460824186505,49.82178643973746,0.8350621821029279,6.4445938243481535,-15.329255088357227,1
250.93525716184934,41.012001897561625,49.2374072816689,0.8179152674588859,6.442449415398132,-20.858322938076107,1
221.56747960132546,55.510170602262995,49.90260518935838,0.9761237664323381,11.216089619809143,-19.211065801138574,1
226.8616718938321,42.6651793332172,49.84734542324072,0.9793371979011742,7.76773878006683,18.172652273390085,1
204.74842711668575,46.99174043967702,50.149599883044445,0.9743478175824329,11.314844827981185,4.770086499955454,1
217.91194900255718,33.726882720526845,49.68820155983368,0.9021953831251113,5.0,27.365709787520906,0
244.47277449646185,51.869902097246644,50.04167267548755,0.9319488856538921,12.062406669834603,-16.11278926057701,0
254.23374235322348,49.55726680155351,49.83330997219617,0.9126726095121968,11.60748811350991,-0.8619055121259613,1
211.48476692180117,42.71040749966838,49.83425030585024,0.8138895652108802,9.242874250644945,28.645702144948203,0
221.1130361127066,48.10985702317526,50.04018116298152,0.9191669793801445,11.95657436975473,19.586610856486182,1
229.6039136456161,51.80294880503445,50.020261471158506,0.8027228294512202,10.939653482335626,13.716940747229465,1
234.2024173822941,41.85131851090656,50.38058701952582,0.8649974819114172,9.184285175577275,-18.661487917752485,1
217.8559472011753,35.23737455998221,49.93967848293508,0.9864585151746335,5.475425787320958,16.164324054582963,0
236.36091566696135,68.05574432686815,49.8250573254385,0.8608090539271616,11.708991557005248,-9.146092644244934,1
222.89240979393625,43.66727295289727,49.90959627745639,0.9879653285288496,7.924587352675684,1.8322138228054605,1
229.78321593682583,49.032398968131105,49.642667941579504,0.8500267914298489,11.080942825531103,6.5496727823724115,1
238.1942637200555,60.108397350203134,49.82004445321667,0.8629124480923065,12.50138764775571,6.561822691455241,1
230.09633404716408,85.29055187570484,51.01557935653661,0.9256814992877107,19.90385400131162,13.591408314810984,1
223.45421164210148,37.555135501111344,49.543660619652066,0.9523253945578589,9.997380375081164,9.702125558532337,1
228.35585294111254,54.4982721372651,49.860671833060344,0.9002775536009768,9.752049829753883,-25.897747241364613,1
228.67455561191997,42.92447714705894,49.806255668365154,0.9764231374388311,9.648460139196402,-2.5591784430535647,1
224.44983455176808,44.61209695423289,49.8764141938778,0.8080480843221239,8.065141766049784,9.841296403198754,1
226.11805905999347,42.7978797899321,49.8343803455608,0.9844389677268741,8.871208209226007,-12.240421070056279,1
253.97970755757075,38.743450321994146,50.1396200506105,0.8392615599790816,7.188690157431065,-11.21659876701662,1
238.4137917191186,49.58708638215339,49.1449124493041,0.9768477490169312,13.91804470148063,-22.52594713472307,0
225.5677952295626,35.254973129517644,50.518585736266004,0.8801726358972761,7.103416493358657,-4.8831008415086785,1
240.45431606766104,59.468075665118704,50.3162913998211,0.9665514111742075,13.847351777716092,29.20982605837048,0
243.31359713820112,25.30724076456671,48.95719436953761,0.934333109960739,9.02097761030731,-12.880838322717757,1
247.59686956379963,54.2243497290144,48.8654613635238,0.8351883264956524,12.563478962059595,1.886213561165885,1
235.5446328829714,45.33811388053777,49.5114639269293,0.9836095139762897,8.493897939106274,14.594235166745065,1
228.39046783993658,46.327960657882514,49.87866676928644,0.8491034780976919,9.894059998237656,-29.19016374694376,0
236.71575388715416,52.87563905167328,51.29014594934539,0.8488280237389998,11.588811929360876,24.026373575897935,0
206.4368577189725,38.35949367594175,50.27162848248714,0.9628357793274761,6.7994867131414605,-6.806988916503688,1
213.09848796635293,46.42009565586664,49.096205175409274,0.8211746511145043,8.758406672827851,22.146959202658934,0
212.09112490401418,41.40386486121546,49.65517224754953,0.8444071812740921,7.78640981566121,-27.66314046603132,0
232.1441464214556,41.094311894089856,49.97339378186351,0.9007355146842125,8.514118977962402,-21.260186888179447,0
255.98772499227638,28.901617593743584,50.126841777149046,0.9660954057373249,7.1735055347394425,-10.648232731346447,1
263.4695021928895,63.393265894799995,49.34262556984479,0.8294967949474535,13.977978551257614,-9.272293616203275,1
239.57076652161135,43.13461246846231,49.93250488601147,0.9095336469024693,9.658755026495903,20.867653381680995,1
237.51266712416685,61.633760551635504,49.64118043119473,0.942248118360588,13.913864737467483,-29.32793307670589,0
202.9841339877089,60.68792321394292,49.44812071869884,0.9721190449431902,9.767500438851785,8.46670658818077,0
221.85989300398967,37.14000293483507,50.12979782334948,0.9871131120404439,7.829268802583605,-22.121253829286985,1
218.1832437213764,39.11588764327154,50.38693858672141,0.9569279828937864,8.696733280778899,19.392939042662967,0
220.68728602623327,75.60502959355684,50.42052063848081,0.9305656796444004,15.721129836428686,16.714395957474736,0
227.47784272122814,67.50925941927143,50.28719317556694,0.8867240170625532,15.524797724975329,-0.004738355327965849,1
222.91864133454308,49.68481486671896,49.75131523342987,0.822422030837684,10.349049365277212,-17.23876646925749,0
200.31050284436319,52.573731064173494,50.35727488073175,0.9419474385051043,8.1788958176136,8.069723457933378,1
241.218653841763,43.691535970528115,50.15452721905214,0.9985474608950974,10.190650655250243,-20.62450094054126,1
213.90885461390292,54.3235271420034,50.06697094147601,0.94735211894642,10.385826860725972,-18.59857244444079,1
233.58870296166725,42.82818099277529,49.6941534391491,0.8033422187475453,8.028082580831066,7.60139413352146,1
261.1112400462496,29.676462357016153,49.75156193632924,0.8992519956083678,6.96221311819727,29.47370676531746,1
216.20923112620366,36.78444213488949,50.036943468062276,0.9229293264965808,8.563225745632538,23.463650235152777,0
192.04568715880504,50.21092747850587,51.21993723349275,0.9379348402205686,9.398967366198043,5.586441461020627,1
225.70993667179835,38.68932764497412,50.150621240045695,0.9439451671201418,10.70415319252638,2.3122061260454245,1
246.51439452497857,49.32722535086465,49.69440574887486,0.9116216882433048,11.567208488091712,29.90309280048651,1
259.3752118133089,39.25338960567137,49.58380527751528,0.8446720665468481,6.938726177655131,2.8438288580336177,1
211.55675608321374,42.176460774980065,49.7541166936719,0.9884401322953094,7.885008576725948,-4.7930086824333635,1
237.45048834854782,58.531653064131916,51.08864672377453,0.9393332935327324,14.26277943625445,24.573332146520485,0
223.0203431482992,52.474805476401045,49.800371677027016,0.847368007373882,6.68836815057959,-15.948942247842705,1
228.41077468543796,49.90335578686653,50.453435267305146,0.8644643664540546,7.161805264505658,-24.148440582191462,0
269.66515020525554,58.78963973070651,49.81203587726432,0.984385534126074,15.627367242121169,8.045402061709822,1
207.4554450740727,54.806085933473476,50.130592270639816,0.9774970373414672,13.015810530864718,-24.24902197387506,0
233.8060949224186,64.46563291251367,50.39587263700436,0.8810292876716179,15.893347700414559,-7.611087782822391,0
237.0153975764815,45.401407376848596,49.714048575095035,0.8076614443982902,8.256898122718011,-4.585356865096767,1
246.28679487409022,45.70365021472492,49.67944417292362,0.8096994737787877,11.235801064659233,2.852284022953988,0
231.46974730206344,36.98890733608655,50.82943484722767,0.8567836581836779,7.480157311547325,29.49957274487774,0
234.62075809256154,45.7101928262758,50.4922964474479,0.9258244438677999,6.86622991976609,-16.741096600009154,1
224.12527148867312,59.64769894302446,50.39533615934536,0.9168389270669124,12.240660125981096,-7.454617289585279,1
234.0369041186766,62.99987372262134,50.39363814656146,0.9267655573887885,12.426688900919906,-22.06559253536052,0
224.85211586753886,59.60305168086668,50.22978774415553,0.9434565943864214,14.480546543103902,6.45681156199408,1
239.32357834784077,32.05808133450564,51.00888790658753,0.8038064507185477,6.115657330810762,13.660390938470009,0
224.45584495934548,60.831452126607346,50.021954150938576,0.8210171190344886,8.654320994231885,-1.075390605847268,1
235.6565059085328,31.614813767279294,50.28863118360046,0.8718966903654426,5.0,-15.250123902601738,1
229.56105779472531,58.98117324122347,49.274543535702996,0.8309719995043164,11.209218576084583,7.253296150904859,1
246.89075376158252,46.32215473428945,49.58751965670438,0.8150640085089109,5.0,2.349463402130972,0
229.2290941461727,57.02533313933856,49.39959050008248,0.9281928791994664,11.096881857161916,-19.728856595776936,0
203.40451297689677,36.67551652105434,50.637031791758076,0.9630672954982198,7.646509523409798,-5.659085969872184,1
248.92882251070986,61.71167632706147,48.72372992398962,0.9505253314868565,12.487761214058319,-3.8881745018883045,1
216.4140154870607,35.35025253895111,49.798844988623635,0.9634079557218358,9.358324660150775,28.957065226285977,0
220.1935049202677,43.315450891468224,48.50314669866969,0.9331713088115754,11.28239663083234,20.957149929331308,0
221.06508058934762,40.01905372230965,49.584356052259054,0.9470690643628404,6.34514321757199,14.062247296415627,1
250.61657139756227,32.457151471775006,49.75452552513406,0.8543557548416603,6.353497684608575,23.32662153017685,1
197.96488679031955,50.94527567588468,50.69243554689702,0.9986016072568329,12.060658718085783,14.129064349722903,1
277.0662280048999,68.06089117836962,50.19831396961073,0.8366331308987774,15.774089110806338,24.204111307544004,0
245.8408521359908,76.66905222320008,49.58342923833552,0.8428987748778766,13.098323579156917,-26.72681310722952,0
233.3485837119374,50.971557870862476,50.53298185986591,0.8577843663631695,9.915965925678606,-2.6360274439850073,1
229.1765899907557,61.16681275067522,50.008916127264875,0.9950664860213158,12.242986915528105,14.813900114510012,0
234.28331112286486,52.320946379285374,50.018783429353626,0.9976577178707813,14.445608834037177,4.997747796600812,1
237.81683642569007,54.98883194768213,49.398664246114,0.9589787499412995,13.752688276280391,-19.490030150952798,1
239.67823378925087,46.57851348872761,49.50499314304843,0.9258115197119268,9.708112455642485,-9.570474808287944,0
238.33406699005172,51.950769254226024,49.58745135002724,0.9040125150369227,11.477451841856078,-10.933537498398525,1
231.34371021882873,55.374787046064284,50.0232306365771,0.9941241691373691,10.119092563972128,-14.319185208939839,1
227.03992369539012,44.215402711236685,50.038942863490334,0.9391245605716495,7.919998800918652,-9.411866789162037,1
227.73090074519732,49.22505700107012,50.77204633176202,0.9889460256652061,14.192709157315289,0.8911973076672588,1
227.07637579470978,49.41569881002512,50.19252758396892,0.8633101598955248,9.794351567567729,21.292141486996556,0
211.52017430944287,66.71171118496831,48.0,0.8667549584539131,14.33416045631413,14.52195974362538,0
244.16070003544112,23.510415426969555,52.0,0.9709449188236872,9.589336417739663,20.114982240974022,0
185.8941704800358,49.48457791392349,49.27499182191623,0.8299709841170589,10.263379259187936,23.01622467378518,0
239.8385116479464,69.12005469052697,49.51701453769423,0.9891855722592151,12.400698167496543,-5.030972634143566,1
232.92104292078162,61.640601525859374,49.59391526413683,0.9014948709326815,12.566681156017019,-9.23842295839517,1
229.71936865331153,63.49179048888705,49.66833083824385,0.9852827757167395,17.660202274793605,-26.542597098950292,0
224.1722232036667,50.24431840178034,49.31242530397985,0.8673585577451627,11.681736388526765,25.829497312586057,0
246.8616907997902,53.20997563686023,50.10174100172615,0.9431917808278794,15.040044449120693,-26.050618923711365,0
244.21289693184286,60.02236166702925,49.29459885745452,0.896575024394538,13.128678057054163,14.468130922228227,1
218.40683498264588,65.60255529530932,50.17833380362492,0.9253607260490946,12.18439865242801,-7.313501732064768,1
236.10578430686803,30.483970871171135,51.11848553853081,0.9008744986278304,5.0,26.92684646995118,1
215.4251489818807,36.84558692950154,49.33532047053297,0.9934231234742723,5.69140613612792,-4.82387874395226,1
209.30572752816605,63.09444101402648,49.85774484783039,0.9384210795627834,14.006936063762108,18.996501081282986,1
220.59924163115053,47.23110644231196,48.73827131874376,0.8502637937252631,9.885444929436414,-13.040710070179404,0
242.9359020857414,43.282792107419226,49.84953235351493,0.9819353843810169,10.19184882250295,-12.0546769653692,1
244.2968756806413,37.45839013004396,50.321358576315745,0.8588059476310209,8.875286777115258,5.731164592706051,1
237.6962813014594,44.44983298455891,50.360319615678634,0.8743210198601713,9.522594716982654,29.878958022448423,0
240.87643680271995,35.97630716576175,50.038681865142046,0.8204247396040427,9.034108767352054,1.0543450787517763,1
280.0,81.82018878339353,48.0,0.9799933039592381,18.42664664260345,26.178518183597433,0
220.37777607165572,49.775639480194265,51.27302726797139,0.8572224046455726,7.271505589127472,17.174989694923667,1
236.4788381701091,49.420494582372825,50.8561523437188,0.8517835235862765,10.50200180831132,17.751858850634093,1
242.00614287841523,55.880766751678316,49.73873953529518,0.9840525195989908,9.970089749321223,-3.8424006522741543,1
241.3143699472036,59.6234516926657,49.27444800676663,0.9611053724810067,14.094421422783352,-6.80746498963196,1
247.83370057211965,59.45888156554639,49.7969242917131,0.8282157843038749,13.413125668910464,-18.484691514551077,1
240.62455770801597,60.73621943907572,49.526508617191325,0.9538649007807362,11.312940032032339,27.836476019019216,0
235.27172311312376,43.69154449209144,50.225673773932314,0.9826066196107581,9.26766623446223,27.5636167466292,0
253.75749389956164,24.8092575811169,48.0,0.8157022436421488,9.456486830380689,14.824064058610972,0
229.6021811112641,57.69031655442276,49.96358878370483,0.9650429989809146,13.250618111664497,-12.22485300883983,1
216.77188023158425,44.7261093836038,50.41900702726816,0.9094840103746112,8.260570059057303,-15.28922757946307,0
227.55399554084354,49.94893367972775,49.94965206359141,0.9338394898757602,8.269517513695032,29.316614543217774,0
218.82646032790328,53.987637644248146,49.5268430886261,0.8985708677809874,10.507633219685033,-26.00743109350935,0
219.87232587538426,57.85185082310376,50.587407028792846,0.9395606169810558,8.646743641762782,20.61385752847854,1
227.83221993926722,32.22319037629799,49.06050952762309,0.8068195723333507,5.457967684894464,-8.672519971051521,1
218.1137011850006,57.147456498889454,49.83610247206127,0.9525413446446568,10.990340814745316,-4.867816816366769,0
225.3805770554144,47.66275942148275,49.97916998830933,0.8066687395717917,8.396914166930946,19.918658924930227,1
201.59577999569322,57.07457710864381,50.00795432919981,0.8910599695494688,9.133886610434391,-24.56381903967852,1
233.19940561059408,57.76931692354829,50.09024802803904,0.830192998626059,8.168807763213659,-8.749819288784572,1
230.01808213043336,66.07915061119158,50.30521990990475,0.9647148554702615,13.930399843360949,27.121456630174386,0
217.74367053397714,63.53453647621203,49.98229628047732,0.8627321818351338,13.796887051072934,11.943954766275382,1
239.8886850264861,63.46571662610296,49.81597085892816,0.8908187089208666,16.085375713738863,15.296349888353426,1
244.06355206439838,64.43670319166239,49.79620532767015,0.8857501482596624,18.808551714949342,15.450318057328587,1
205.8866020344654,52.91378984815946,49.69424209898082,0.9545003931369413,13.781857554463564,-26.36579501016333,1
218.5591283215068,50.321850870368394,50.39377166216343,0.8962288719591951,7.463118025231273,-17.80754440437413,0
218.46286475319053,58.728170831783345,49.67673576026174,0.9577916670020692,11.471519515910387,-0.5242046351272904,1
215.90145348336702,57.32080951433022,50.42338555450412,0.8147016553605351,10.036888085178376,-7.91098605147749,0
242.44212262897622,46.9093376326174,50.009499541129934,0.838318793580599,9.362911793084706,-5.3452624120287915,1
227.09260791840794,54.04823408808268,49.73937259657193,0.9103068499292721,11.312131455368972,16.886842717540354,1
226.03227738034084,49.64903533215406,50.309203607872064,0.9894176649505391,15.918709394085834,-29.119245895935883,0
199.9420645338987,41.46067091539944,49.63627303763844,0.8149515693443561,5.0,9.629515579274326,0
239.5312704531384,62.9046074137635,50.31909202036411,0.808616843231373,10.756869476498094,-29.993386091890653,1
211.4111240771979,50.551992425300895,50.10636306059589,0.8313101349855712,12.172074045613638,-26.21648846542538,1
230.89898945399491,70.48708257698851,49.70183765545404,0.9282306257720313,13.875358454382091,-5.502832809742561,0
234.16065406937287,33.745077298001675,50.26431740766728,0.8797985833340495,7.7391267997444935,20.456911188289283,1
250.40987893757978,44.432212271566335,50.27329486284432,0.9651104758835373,12.807389548178218,-21.30025406613237,1
210.3676940132133,50.326388366908716,50.578759802904976,0.8143866302962732,9.59494696907024,3.2772845477166967,1
184.70731766268761,61.37381097628914,50.48307350620465,0.8392828173629403,9.897802426272522,10.710313609604654,1
232.75774317130544,53.99469372602185,50.24563701036314,0.8600052810929791,12.685495337700146,-16.228026949670365,1
257.0076677226628,53.10472754180751,49.43620452439562,0.925346017337757,10.843283450867219,0.7398153161749796,1
248.58419529409156,38.727362074458526,51.22429349408703,0.9370345380603095,8.02811473776695,24.684436988291537,0
233.1448912291194,38.43058602770529,49.2981918944641,0.8248406587927548,8.461760705899266,0.7337115219319656,1
222.62545721551928,53.22504660289905,50.474631587141154,0.9887609417983478,7.577197402694974,-20.56061629274112,0
242.10683894955966,36.35894006181641,50.215641908443146,0.8682088270380419,10.475791202351504,7.668857801252685,1
215.39680700443296,44.68122249710672,49.41292881375944,0.9426337526000567,9.678873592230008,5.5320108005108395,1
237.14536654034328,55.00917329085858,49.93784953056075,0.9048415437895397,12.109875776913492,-28.382714412112126,0
237.5820523874994,40.17675727723224,49.96062355687768,0.8445516227094214,5.0,-24.564335655146003,0
245.9031486124832,66.05355962361807,50.652791357905265,0.9692456646230823,13.17002418677284,-20.593118691539352,0
271.3949005836662,62.2393634423789,49.6433445498599,0.963647605638386,15.480234024216902,-21.822655346287803,1
235.8862395076815,34.285800016616996,49.86902749678782,0.8792143707833381,8.725548508550265,-14.432053766344012,1
222.3655456143875,40.67628756818013,48.83196519748937,0.9177215171387711,5.0,-2.753680605865924,1
229.6163853171201,27.1422275550505,50.86738139656179,0.851565139187188,6.883939172342377,-7.697022126060936,1
203.46386142666321,42.174086374518666,49.46476587848996,0.9379703257492603,7.328569232947237,23.43899348427582,0
219.57930303366413,57.66388476572399,50.16345543211959,0.8618053625240863,10.465156425110681,6.726564564380226,1
252.34976403657532,33.615973343104976,49.88426240035511,0.968815746876447,10.45352286080744,22.568660997710587,1
222.13867403098112,54.60797243615968,49.95099951660833,0.843477020855455,10.77046839959164,1.6223594950559317,1
232.28532308050583,34.776656817182555,50.40493099243544,0.8029606845636929,5.061545118271582,-24.6077717586396,1
217.663701014267,57.97975254581905,50.83563123015182,0.8537016083935838,12.02360919340283,-2.2027530560139112,1
246.81546000986708,44.448907720716505,50.125746834971,0.8382104972918973,5.0,19.321952810541895,1
230.00310597377296,50.12169682282905,50.327539008815265,0.9016572879449849,9.493599035502722,-18.353773969973517,0
229.86049518292077,49.07125498606947,50.16444576836352,0.8407406583313153,9.790533908918272,-24.527143274841016,0
225.08157925230623,37.28451479107716,50.50876571196531,0.952637974143899,7.304693997483254,-10.233915699704394,1
232.32786025788468,38.469156682602176,49.768541810256835,0.8482741276008008,5.0,-6.666130161591624,0
242.37647397001453,59.67794469003426,50.53769527720821,0.9413936359825311,15.132871066014586,-11.624539415645735,1
216.9930467643365,53.98992157501696,50.55524993282369,0.9156941846027449,8.23098243520078,-21.88555286252664,0
220.12825266387114,60.500490415534266,50.54126850434145,0.9972499712943769,13.146214708213268,-14.949608416697128,0
225.44410956835003,53.24658235502518,49.66992606633176,0.9999801954018464,12.309959803783627,10.936944276126617,1
209.81193614790178,51.42990634809217,49.915831182881405,0.973905216663466,10.548683950581488,-6.8442890224101625,1
217.71113210417752,32.73989381333233,50.11973349439022,0.9519966738597503,9.123701201946009,7.952966677113345,1
222.85668689683013,47.296333032388304,49.3145789775855,0.8772912828001148,9.140391769184886,2.1782267951239476,1
215.2441907819336,74.36216051598545,52.0,0.9506553454262607,12.34758887428503,2.943176391460142,1
233.93841993502886,69.53107198272573,49.99386173324891,0.9913351074158981,16.013238001260582,-15.087026523132241,1
232.90384867051316,56.86956632098677,50.14196394380236,0.8046755150790889,11.88395271889197,1.2925819660908964,1
242.76346943251957,65.36061181709529,49.7114977801364,0.9075829400395478,17.187762384432503,-28.584317168207892,0
227.93942317400905,55.97537705894728,49.33656122031649,0.843599660877687,11.038567648017835,-4.095375460504428,0
235.85697274893334,42.886967730505205,49.69798505726261,0.9115752631737701,10.7844580472275,4.357369391394904,1
228.45167370601257,51.17124216149851,50.1096020938168,0.8932894179517783,13.35335044499312,-19.080262718753442,1
233.98043524099444,52.36223646264233,50.33671440637685,0.9151537163104569,13.926592859160152,-14.606489625062917,1
221.25862013582628,40.60844430229318,50.08089577030136,0.9101924442837449,7.407471499067617,-16.828138811062836,1
193.41774262585358,46.15612623407079,50.173362008120975,0.9920214078337124,10.929050262670788,-25.76652268407455,0
227.98581256720544,47.94233006322828,49.831486812659314,0.9104372217869472,10.448776908029336,-9.128560731594597,1
251.3412220414991,66.05619832565118,50.24812428312271,0.9692464176249734,18.326514776624126,28.73794598711637,0
243.8932310336239,29.192594746090215,50.74141643319295,0.8639640573601693,7.288586344193605,-8.767175612183394,1
244.48096226886756,62.05818420716043,50.3523947212195,0.8876201377582098,14.018348462564457,-2.3678026897814632,0
248.54196082709328,40.63204765040617,50.40477094412647,0.894082695208962,9.897078583622452,9.185235057382513,1
231.32986386442155,36.27920812730386,50.147008199653314,0.8557456086670759,7.692290363185544,8.90986507014643,1
232.95973561108394,61.79942130038464,49.2484224652002,0.8759580522955911,13.199638696554102,26.993698801117446,0
220.73522156848475,57.318980692343814,49.47766673468438,0.919702615893355,11.318705151527425,21.453848423947512,0
225.25890715959426,62.5451870238119,50.22743790033192,0.9160375526609065,12.402476589986913,17.637041226309137,1
239.23656724656712,58.00701947545576,49.99453047401996,0.9272870689146961,16.394683628744378,27.09763354669864,1
247.70431005744956,100.0,50.14572350364082,0.8703635830840283,16.197323427247454,-16.154076871009703,0
227.908305864785,55.587238369444854,50.83821170892204,0.8631662990306115,9.788665602614174,7.023251677307556,1
280.0,27.150832225311294,52.0,0.9223235765508326,9.418274643939325,23.231806003329382,0
230.00791938284897,53.42926377321343,50.62944310287141,0.8265723496855051,12.270391634573272,7.448289496686108,1
239.01810123393673,62.434691283459635,50.04734069473537,0.8506063087064281,11.22124269504518,28.64522847641217,0
208.34217775799686,42.20624674739883,49.59639216125778,0.8084255473905991,5.0,-23.978837165617257,1
195.55728570294144,43.48111417468619,49.97106692039283,0.814522170519216,5.0,-3.640169832407981,0
221.74194725762624,46.91039985402092,49.59762409314043,0.8486766558521218,5.369986267976038,28.641774474518172,1
211.68931361128762,28.954172012346678,50.77914747838622,0.8039058560593838,5.0,-7.225918285804454,1
222.37789703529035,51.38078408417547,50.395195538267735,0.8490821184174924,7.339838556440354,14.373382505958261,0
227.78329521773793,31.138712960489737,50.26025624831414,0.9309952646124052,9.373911192024762,-28.17582593528105,0
223.2012738646548,50.53059312932619,50.61797160111405,0.8122214156937867,9.068274927528782,11.69022687781878,1
251.78701301706118,58.652897561352496,48.98997179273839,0.8873473355589282,12.377851987547267,26.07760395165471,0
234.9011714690348,45.23123539356165,50.29406897567133,0.9826217573839099,7.553402483133327,-7.037622888599838,1
234.5071153941624,66.77115870186871,49.344677107847815,0.9582569657850802,14.71843357776246,-28.722009724384232,0
239.33310716065102,35.39499100581512,49.99637215076717,0.8610875004589715,5.0,-28.32541173627097,1
212.91750323328847,61.91260681631832,49.84414620376639,0.9849610958383295,12.245196309030776,23.521398342665343,0
245.58667681130402,56.751370564069205,50.33086830604847,0.865929299349545,16.197774911960458,13.35096642577571,0
228.8635357019681,32.83966751689311,50.11409364448048,0.8145030992675125,7.4492515213278825,-23.598816946405208,0
240.0572092586182,77.10794299040532,50.67255858680589,0.9988111913536227,18.068716059623128,-26.724583376928205,1
213.92214150439767,49.36254714496034,49.699051419533696,0.9740045054378343,11.681483295755221,18.28952181692876,1
206.69361850975903,41.22515977844368,50.35455719481664,0.8931865566602185,6.567736150126211,18.591637968321542,1
242.26834487037542,35.92912805215983,50.08111160844942,0.9332753048384808,6.522330432543111,-22.76868961247706,1
235.64614289146274,47.79981972340326,49.182354864964225,0.934245615571334,13.931455335247321,-11.908775766681792,1
216.46922668463733,48.725931276100404,49.54069177073848,0.8388964461460922,6.563849092945104,16.801563874433377,1
216.95505378087958,51.02645528539664,49.925060983238915,0.8400097266307265,8.591040981378992,1.5247242572403792,0
246.88152176622154,47.0220384377604,50.55614622494586,0.8939161406703652,10.989424983490494,27.395091643517958,0
212.15882160699007,56.33225310115093,50.23186152877856,0.9823146280275397,9.867551345548268,-1.1362412792397016,1
254.64009429883944,46.123701673367535,49.41624958805964,0.8019987549717142,10.720640166776958,10.617476253930754,0
216.49068898028196,30.65035882759529,49.92984188597642,0.9565011271898719,5.733690727728928,0.5870019444950536,1
194.83922897359767,32.413725128745504,49.88455535955506,0.8115053567429309,10.758291806284797,26.577929741102743,0
225.07072286376524,26.325223466267218,50.05561166742043,0.8956444229766236,6.478694771746692,-6.080454475943469,0
239.04781146623515,53.5377063089139,49.8363372124638,0.9275745666146953,11.385141386189511,-16.212212689283998,1
221.8382899682871,40.20699769717365,50.24586982037811,0.937351853416493,11.781981846929733,-10.40196838314041,0
227.5581064089156,51.633603549158,50.38169653979099,0.8116958527231823,8.206466551767996,21.16651224991375,0
230.6137876309358,63.14074981524604,49.77191582625997,0.8837207234767936,15.565711042420098,-0.12368618927199648,1
214.9671881632779,40.51251304732,50.25128738718572,0.916767452100465,10.333866808867672,-8.74486178986566,1
241.1123651813019,60.61256258512118,49.835555251664594,0.8132091074612015,15.426358761314205,2.6556013085689685,1
222.3017965029262,45.66610433313847,50.35966380091472,0.827018911319062,8.743724425827349,-22.00621756338946,0
226.5710012698997,67.53194802065585,50.08484657898564,0.9327297979008077,12.694323021313501,-29.678441722464235,1
215.08475938087233,46.34847386801787,50.24098391352645,0.9043276393181303,13.16870007400441,-13.164918978390553,1
180.0,34.84500419267096,52.0,0.8323657322536582,5.963019905441441,6.300343187012544,1
227.13458356099747,56.87238450395289,49.58935680796357,0.9070478673829467,10.089873821357964,12.70084617968324,1
266.18923132419377,45.64210270376364,50.4727486523297,0.9825384746888832,11.557715054596507,19.596657981118,1
241.76906431847036,41.58550485870992,49.96030180930725,0.8031175169550728,6.1112332384819235,25.599813563668178,0
229.71109430398408,45.22160149296209,50.14251737104968,0.9285267546971709,10.697744035681238,-5.273259182113918,0
226.056637561876,49.55393467816999,49.84680228645674,0.8147300869210684,7.9152662901085495,14.43100797344728,0
230.3369883921807,63.42180131244854,50.44936338700682,0.8012898885929403,11.130584221745567,-25.519624188116246,1
238.20678672762816,30.65912254540423,49.69609500998517,0.8301308977321268,7.998178881401969,-26.548200073675194,0
212.28780777036732,50.230806589504205,49.93219938004956,0.8845813263707839,10.680020155956303,-22.512120480830603,0
246.7148254200331,56.24903594654043,50.392996406351564,0.9604687997963905,13.360047141009776,-3.0858541301542566,1
240.73071973161865,51.93448574991796,50.58648384958213,0.8563570993209118,11.048117164205783,-17.323113690075004,0
234.855968639553,63.500097396540035,52.0,0.9251346424777518,14.079561701295335,-12.78450348373105,0
236.5771360821459,49.25654670241476,50.97984199097794,0.8822313275910614,9.41830748868034,8.872810410738161,1
230.29424986540985,48.15448557814055,50.156620846846806,0.8468663583932017,9.386441493216052,-8.488669271829242,1
240.0929185395023,55.92329547013343,49.47853586909563,0.9028494228565718,13.104050346785764,3.4422934630813273,1
238.87721200612066,50.9931381495135,50.18452602429498,0.9594928980745246,11.435353409145826,-5.255774595804464,1
224.68938933588464,46.09591261719529,49.80850039275827,0.9664984740112288,10.849813619928176,-19.861844668810825,0
221.3959734065465,55.1614403958638,50.21703424359159,0.9693039063754474,10.164306552512585,-25.558800584646352,0
231.5278444289298,43.47471706783355,49.97857187616983,0.8677115625109959,7.526256735077228,-15.826110281406729,1
253.23530227242782,43.88822847980673,50.03713684509507,0.9586912129431506,9.186299923300322,-26.537971830537337,0
211.4133938651915,44.72005978234387,49.54420331170693,0.8424356910217816,6.834477775830604,7.116717593388415,1
207.9871210137134,63.530691601664074,50.49503061535818,0.9476850202485767,15.096660316634495,17.743056087966025,0
232.47141261854776,20.0,49.421936316424485,0.9896768852545234,5.545013427118446,-9.615553905755949,0
230.76331552784026,53.95598834762942,49.445617552297506,0.8027487669381915,7.841229043245846,-6.773336678858506,1
232.60012496555612,50.34271814200222,50.183680174573745,0.8880727862357596,11.274082506912437,18.971463765558397,0
233.6592979686275,33.191295407618796,50.801422123588985,0.9295541976828009,6.427950923749983,-16.643225257586383,1
226.65196618047793,53.097267791360025,49.82370345146779,0.9403551540975106,9.95202910170954,-22.850384088307546,0
252.34795157903125,54.75751991831532,50.35048616135198,0.8352175516538405,8.569513753412409,0.06708703986518927,1
205.98644032285227,55.896392313574,50.53667008843177,0.9944366550477186,13.393680475990545,8.771410171994226,1
217.5725446282963,23.48171936955051,50.40734221864703,0.9230530735941946,5.0,5.979265502788756,1
228.45117859776428,63.663894118544384,49.84439585541316,0.8328681202456536,12.009383913452298,12.832382716450851,1
205.35216783268748,42.622632953151594,49.45447664140296,0.8041045023425031,5.145422841822244,-26.594929069618566,0
227.36218393351893,56.86567746753176,48.896226217164326,0.9566528397579552,13.920352544272994,-4.307903234497626,1
254.92205248592026,57.41073780682286,49.8685797502688,0.8159409478890919,11.272806807211563,-15.685768563258414,0
230.31329732443942,41.23302914380707,50.58904368428109,0.8282101842140474,7.59618504432983,15.54727557276145,1
233.46051358578026,56.6045995235155,49.437917007619035,0.9149660053711381,11.889751308808178,22.363829043620974,1
211.0975285224113,46.145067590876415,50.35010492375938,0.920701100689924,9.57379111279718,-13.119855551615107,1
220.75457887940783,29.28622820661843,49.52492373497407,0.9373774237184798,6.086219227650319,-24.286915255835503,0
224.37205429514094,61.67741925527779,50.05303628819342,0.8787028025327241,12.07354865991461,-14.794322280516191,1
225.2342735486565,42.2495503698376,50.35389580707751,0.9547797337933646,8.048924665931773,-23.75949065646482,0
249.22465692505654,41.45506537261946,49.67025228158079,0.9948717199231778,7.129182234808665,-10.654670033192776,1
238.36536591087687,45.969341319632775,50.08524234034846,0.8542189886159767,7.12300167857032,2.291914699309544,1
213.32813064594453,52.72236725327388,49.79245433163734,0.9406057233075892,12.01610635317796,28.420857263892387,1
233.69757167648007,49.427295891778975,50.352574329469086,0.9856937304790314,10.774147820260094,-6.037784738918489,1
237.47332622745176,55.4806692470717,50.11765858424232,0.9372573525234086,11.020513896313698,-16.797604568722733,0
247.102235577819,36.60510633471341,50.028253837214635,0.936221899728852,5.656861417295823,-19.991895577749897,1
253.7081102985256,42.576136295692656,50.77917498007099,0.8447545138170414,5.685668865365566,-19.61761403167944,0
214.77358712258197,48.84002927678466,50.331153071184154,0.9070260400639386,8.107879680884476,-18.444139004312447,1
217.83713733184493,68.97887292658706,49.654824066936854,0.912504568720916,15.487545554341127,15.736021352246823,1
211.13633211628076,48.86187461586242,49.95706804960112,0.9400259124911906,8.583652906926567,-26.338337314054804,0
226.48970211339528,60.85222263661632,49.96205060746017,0.9993642899792365,14.574611217467732,29.844162416582044,1
236.99537561669501,50.385551687843176,50.04015978631261,0.8067287645087524,8.427143677052035,1.3611834699756677,1
244.81001774883651,45.163413625624315,51.262254638303745,0.8130465322534974,10.26714667609176,2.656313658049541,1
228.86073464536216,47.53275575885559,50.1854259463555,0.8155900138861838,8.168797635662015,-8.54616727802371,1
225.20228715117733,48.315802879711185,48.98204871494761,0.9485958268977914,7.857740789400065,11.415321564727229,0
232.2763698837311,56.036457389607385,49.72860051414152,0.8272707590221515,10.229804483994759,-1.712619547152137,1
217.47285647554966,63.746112675765545,49.0338139562521,0.9244903748980691,16.48425640054282,-10.256322902127014,1
261.3430808254216,53.59680847686321,49.83510087147708,0.8649337755786917,15.695030133401145,-14.091695777517428,0
205.88508459322912,61.870776787417554,49.006344885136784,0.8914639912421423,12.328775721770176,25.53907241599557,0
232.77110868343587,40.352102623703146,49.564204764465785,0.8431326319634829,7.645261645120449,-12.540629096854786,1
260.3540932884446,45.85369491185969,49.23963923518294,0.9732213122609085,12.226311512904651,-3.816404434209481,1
230.10199766839997,42.75697465792333,50.19208008898374,0.9172300648326053,9.657840826887565,-8.979515873011906,1
227.1494144749776,53.14444590874852,50.00026968131444,0.9889126527164505,11.858112805753459,-24.829270354317842,1
224.6383186578436,46.41041614820586,50.151481153749366,0.9149192499408659,10.420431609777777,-18.843936331063972,0
204.02489732688858,28.41189245932123,49.218311135671506,0.8247816061193893,11.157945215521615,-18.62988148041708,1
250.59272712014794,40.68998288367558,49.30285112489779,0.8341740867676951,7.873806215067165,11.618970863379289,0
196.82207133005738,50.430309733212816,50.256760684627366,0.9978147952735694,7.51359451999419,-5.6048754020514515,1
253.0015055194449,56.86857911012256,50.96111228013473,0.9451130394661735,12.678013053249343,16.918053784239518,0
208.64064271324781,29.346972249593897,50.20460628930327,0.809855750005818,6.557761092587089,12.537055460049416,0
226.00021506148377,71.21631307330203,49.787037700341216,0.940756201006933,15.078454478386519,-18.47701401623774,1
223.56133369552006,47.16848115120124,49.28596641194728,0.8824346093619223,9.905889585115858,3.775015207206039,1
238.8282990465608,29.74960086323827,49.54596651462002,0.8614416773646382,5.554552180881892,14.57453076292817,1
206.02813472174378,51.58093898576786,50.22651982828603,0.8308121587461069,6.709949358746396,7.982575408543383,1
236.93258999122915,50.33443467973151,50.53655901339969,0.9679807909113132,11.066751684432678,6.000990485278855,1
260.3646443493028,49.18105620427507,50.13043308736099,0.8127682757978202,8.362592640765403,14.376653244046075,1
209.55238993110785,59.91191112926666,50.39994364485299,0.8579670924759281,8.5989275206277,-26.593155644621586,0
232.84559251415592,57.47444971427056,50.353839122013625,0.8612765787651409,13.937455429419645,13.88531684168597,1
220.07026733305088,52.978761910238454,50.253267195692956,0.8321810567927002,8.862268787122305,-13.640684210794298,1
236.38830809289553,54.501556339466475,49.67076320236937,0.9016369766573741,10.133298210451002,4.312335270561242,1
230.28721666123627,48.956415505619134,50.08696175598757,0.8023405253621786,12.28153586910922,-15.461700318209552,1
220.37769636433535,67.75490849240049,49.57581109805893,0.8601951030820818,14.474120045574251,20.32905433241026,0
237.31808427306612,35.208039816422335,50.00871447647905,0.9867258888066128,7.501574212629986,-1.1664387419546394,1
257.06522164680115,51.396516742158965,50.165431765533455,0.8621059138684012,12.245637518936036,8.576472721499016,1
227.13644312409053,50.6502463118878,50.839391903693425,0.8720918774213504,9.561419010254397,17.644922608603686,1
240.79636913222274,58.13280406064593,49.34513401281618,0.8946330096468144,11.137863938793446,23.718915304281857,1
210.60090563193253,41.561461225751,50.24075381549565,0.912338674970295,8.93497464346819,13.923725824160456,1
215.65345434772988,32.56327397603464,50.7406182958118,0.9617417289641488,6.105114533479453,-21.073885428575657,0
237.08609416820565,51.56823016098193,50.3794238829194,0.8380642446312035,10.397261887909004,21.27194217514719,1
252.26174042803947,52.812304922186044,50.41647272141252,0.9743492754385115,15.02351803303515,7.114674951930368,1
235.3342002317849,64.89599409447649,50.2938474509339,0.9515098714287779,16.354119861837447,6.566985502816415,1
225.30412954215268,37.296379536749136,50.64916724488771,0.9445300669323111,6.836726324046413,25.280433588295296,0
229.9893710813503,61.5469376671672,49.456260915943815,0.817360914742927,12.54192259793152,-15.070106660047013,1
211.24388399045424,73.67414364027121,49.30703666701488,0.804328137994917,10.262217039773583,-15.624742890358,0
239.0677298953305,46.22235112477523,49.99683292976737,0.9188025401816168,11.05384681478492,0.7916132816977104,1
243.23499593485113,37.09057780506776,48.919418948214144,0.9726267925046322,9.071763560648453,15.051783992091906,1
223.2186450075038,45.93025633626629,50.615322902089005,0.9168882928281272,10.158346396848449,-3.1655575062894528,0
222.94936778360747,50.140049673713804,50.61035759774772,0.8426469730891062,8.824801783930855,8.033483393544131,0
233.98817344478073,55.63787875006915,49.783324722457735,0.8181039795898427,14.818715616249953,-2.848516546636869,0
223.44920395939107,44.08605270161952,49.81461470166975,0.939919290563547,7.456539295610341,6.623230829218123,1
229.00801078061266,65.55198534147343,49.96382626242467,0.9443540554635619,16.11968017657665,19.33573815682267,1
261.4958268374977,38.854676849919386,50.02601032521981,0.8345063401374218,6.415468044691018,-19.1713982345446,1
226.29461448881005,32.607948478272,50.063586959597146,0.8056380630993073,6.953494138645713,11.722712040359042,1
224.62489771968166,61.06710424287317,50.279116053439154,0.8816567026446395,13.245434262082291,17.245544360291,1
220.2868729154726,27.253789687938003,49.91368682349576,0.9165437404266045,5.612561500075437,-3.173315551093051,1
241.16287957249904,47.95870231127284,50.4715966517389,0.9412004819134383,9.895143008105299,-10.605985375928743,1
227.28163740172846,81.17681129208047,50.22297388856265,0.9619890018305806,18.030965508393912,-29.187340564535877,0
220.25940442517862,49.87956447040069,49.69651827706368,0.9221074854613465,10.664702146277516,17.82630134004561,0
253.2408761034013,40.77075025058939,52.0,0.822176121719697,11.547648533164244,-10.323680457840716,0
251.29404506770456,49.426025362132066,49.32087150693876,0.936516334428483,9.887288574330412,-8.561431835516988,1
220.99364651391943,49.49199211380466,49.953917094589265,0.9968353285789764,9.790975490604591,-9.839630214071263,1
202.00190072959074,51.60649940353117,50.48345870053773,0.9811169169194808,10.797233288633038,-0.07564015125971224,1
245.11270534755383,56.6226298215962,49.63846344754393,0.9743337818539025,13.010598856851544,12.149974393144625,1
219.73055261359994,39.608888316322606,50.154777823383576,0.8604340306716682,7.288518725883584,16.31178786003065,0
241.85938398744153,66.87548055236793,50.27166979849952,0.9501576352908001,17.508992740578854,-6.445756775810501,1
200.44844273432247,52.45114284372618,49.56973806600938,0.9702206891930292,5.0,9.786122102710145,1
243.38896007448963,57.26794046401804,49.96376114020298,0.9356652409262527,11.845763178023791,13.241055016278914,1
219.26247570764085,25.294793383428985,52.0,0.8501123513135962,5.0,-12.184960099357106,1
240.96146178599787,62.86382136995533,49.72413107408386,0.9907667943749916,12.61626304989365,-24.202711827774404,0
230.21409601754652,47.42947591186935,51.15083742602539,0.8901638822917352,14.528889594316253,23.679943238667747,1
215.69090870905032,52.775525134935314,49.61844682327726,0.8259611117331759,10.59841759943268,10.626958306895574,0
223.89445530609828,40.668939228128906,50.502465147033945,0.8219555790114784,9.387487469591216,8.886624532577486,0
240.29477685435052,40.030683735978734,49.80359949155943,0.9295037974598092,8.779990367276413,-26.46584908728132,1
231.58841679672852,56.882053064528826,49.45668190555736,0.8875419292833479,13.209216837889773,19.07238345023559,0
238.76619470708727,45.56393169792614,50.05140712157753,0.8188967750357927,5.3757526625936185,3.963249365163186,1
259.6466087677323,41.46176912495623,50.32454669219375,0.948072914431219,12.282988321093562,20.87306503905397,1
206.53637582433424,43.5681665797297,50.46025478753284,0.9598650334517239,6.9975720559976855,28.473671024205686,0
254.25818862452937,56.98953071717421,50.78113255532754,0.9450831261572903,12.63167469784844,27.426019252814527,1
231.56533906284818,43.70962138796389,51.47262314496755,0.8404521755368026,9.517050865369267,21.36536078341245,0
216.51823927515306,48.82345068397836,50.1252571018778,0.9379550911992138,10.548173966337078,-29.343157570117867,0
210.04529561391516,50.15027750287097,49.668453913087305,0.8021445605788771,8.618894423624665,23.143632494217393,0
227.1631941383445,30.82651113989701,50.22643716339745,0.8610224279356818,5.0,-25.49626117034127,1
243.8247516788669,35.28873594626482,49.86689352479675,0.8797643062815088,7.7693545715533965,21.071638210606032,0
228.08676319433698,53.362778892475625,50.462983064926114,0.9670493897771003,13.691413023632293,-13.189555883302582,1
252.66732395371022,42.629706388473025,49.35141785181714,0.8780788746138809,8.392930883169342,6.6041003120020605,1
208.2323646492266,60.567249112804184,51.18416727120022,0.8022538892378797,12.747949482816201,-27.71590613100722,1
229.81866578230918,59.668071042505446,50.42802404738776,0.870469282365602,10.19121905532252,16.270901767093683,1
211.2140983338032,57.19168666355437,49.157997991101915,0.8997848196718574,10.882217949413294,-23.297632666021713,0
235.4544782393745,68.19771787312598,49.645485548842515,0.9898009573345548,18.964342845640534,-5.358709699453687,0
243.3033108514595,49.169106722568166,50.40804052205697,0.988206860757909,10.459125230906466,19.046760139518085,0
223.6885730947842,56.488819259038394,50.58817202808573,0.8361748076442823,12.673795041478517,11.720939790500111,1
190.936792150593,44.15599023403969,49.36388118638402,0.8370293083478904,11.00630144262502,-29.637438188515986,0
232.98422220194743,74.52369912868724,50.35651292521647,0.8326762912929101,14.799718415625197,-5.81805992744707,1
236.55107827600264,69.83633652436019,49.026330063669036,0.9577843864828206,14.768430677923385,-27.484348982129518,1
236.06442132442547,50.11880434517792,49.95533206726448,0.8012044080736813,7.933785303222108,10.40999164910815,1
248.53673287733233,53.86586229905192,50.556023421051606,0.8254354396383755,13.659842397456112,28.136909505199284,0
236.30891161812667,92.48557268838346,49.86461413450524,0.9075919263288198,14.900915273801605,9.315675738045556,1
240.20324158175674,48.52860495185893,49.246538850430994,0.8495124133773532,12.801153567039455,-16.537654132946653,0
246.84199520927405,39.26568913524793,51.18436460511527,0.8184712916478525,8.746550707140376,-8.686018076007592,1
203.32118623990226,58.73989751006883,49.69764056668226,0.8719756024667669,12.489675740977038,28.59903333950806,0
234.79477738878467,50.7843924608367,50.31477918303292,0.854841521012049,10.095374683419337,-16.556855278058997,1
222.43730253488494,51.829944496452605,49.55733678389097,0.902220861302857,8.635515613518773,3.6917443832665597,1
228.7771599034753,41.65728656932035,49.61368155517345,0.9958467187660391,11.739007531706884,-5.972771479095314,1
235.21514725307503,32.82327851636604,48.989498839561875,0.8248609273629838,9.636105980655211,16.098917875693296,0
222.69157153829673,52.36142409879101,50.08497235552574,0.8745453409668189,8.15638636947995,22.04335631879323,0
219.86437881257584,59.049620414942,49.9195475308617,0.9863970035744949,10.727439733212847,-9.549763538982194,0
230.51228626232037,47.74193250923958,49.40580766462996,0.9753746086987645,10.814060938359274,9.623781821962957,0
213.69131091705796,64.36429519558867,50.09689935688355,0.8788542069568561,14.00009761274483,2.9428618510636397,1
213.71262306672222,42.96083674584455,50.51353515032207,0.9397906529039473,6.360836263118353,-13.293330596673997,1
240.19059924434754,39.4529554503408,49.89221602829053,0.8175714027162692,8.201525319368164,-13.683551831219898,0
212.76808947262015,49.32769692803869,50.13408347491099,0.9425082111087231,8.711108913460267,2.3178988519382386,1
239.99468751363818,49.174074246487095,50.13665562479258,0.9945715458969483,13.139110791093296,-20.759827588062013,1
236.93886939280927,57.69968731335223,49.39783508641052,0.9074976305668383,10.810897512562223,18.64859378894829,1
204.11289906814105,42.25037175936015,51.0282929103538,0.8996980454068829,9.302463270537377,-25.85970964797588,0
219.83653021496517,63.680942368148976,49.764575084938855,0.8374637239403822,11.407557867129658,-24.32553082750102,1
247.91164104571058,69.66916962508253,50.328058100930136,0.9267576397814584,14.132489861345142,-9.466421464363947,1
215.28251703290476,49.60855973031658,50.384607638614526,0.918087456155783,9.93242137546925,-22.914494508171998,1
223.03393606535917,62.497104201843186,49.93020243644212,0.9303866118951502,9.09268922744602,-1.4579987246704498,1
236.93091339877844,39.4350292937474,50.30339751252982,0.8052166573369444,6.405254063012106,-6.01944657348778,1
241.75085763923894,60.75221541181916,50.122909610908195,0.9097446976698147,14.036131703965227,13.308587753143023,0
226.22691670933256,60.472764085594626,49.2911801213863,0.9189869686994746,9.028753206249705,27.18024931258322,0
221.03734707962536,58.634372801898785,49.833863649374955,0.8415060270825605,5.763969404344541,15.213515084347556,0
251.3355479254776,49.84436911129706,49.69372454882297,0.8416665714977072,5.865379534632021,-19.23308022716374,1
256.0834949569637,20.457510587579687,49.76912747932693,0.85524363370219,7.134733808771431,26.13127712786418,1
244.68287076172692,43.58272856347871,49.34799841108168,0.9423443183454475,9.895591973499615,-6.4719940468159685,1
231.27977213847535,43.740839823153976,50.56321685837302,0.9212532127064743,8.254808927301072,-1.5486383443852283,1
217.8760141753861,40.21745061939522,50.800996327306706,0.969152529223561,10.382428884294018,-4.705425757761866,0
217.54333390165152,51.22243004547066,50.489001487999204,0.8591317143686197,8.764489697270166,-13.167178602736861,1
237.83771157898636,45.81036554478765,50.63526461207357,0.9824136119776636,11.240745003749797,23.702657267849034,1
236.27597331333027,41.75387990234978,49.82768258149592,0.9487412323966717,9.411259090185998,-10.065668046203033,1
251.02397889419643,39.4119985175218,49.68187158250698,0.8790023340027394,7.754284774887241,4.715788180772783,1
180.0,39.63323207975921,50.54576382463041,0.8190524131250912,9.001882268007916,-15.597984937540188,1
207.45379547360272,61.21499211849928,50.322032461478614,0.8513967324974965,12.358650029978842,17.842522486210825,1
245.7792142658438,43.38974945372506,50.113531526572075,0.9913536434429701,10.202277966391316,16.45191957175119,1
215.0290905902838,44.85061293566727,49.96138914420079,0.862072675176816,7.392878519971804,-12.221271693177364,1
224.24043092071472,45.43302384976754,50.64757427209767,0.8659801920298129,8.137512834693887,10.893244388607215,1
233.75300309377542,53.389935138094195,50.20247067690767,0.8379177862195435,5.861437232109437,12.232411985696984,0
259.93501234675944,54.562494885285325,49.58067118123971,0.9613701202277531,14.200945771392783,3.7506849662859736,1
276.6487783400804,20.0,49.659545585432156,0.8551288460484555,5.0,6.035902936300211,1
239.10084588704274,60.21635213827608,50.34099664962707,0.8660516496737711,13.728659203255381,4.4672782974477485,1
227.2520507191942,64.36368034243753,50.520866426327295,0.8828696216863253,12.732690066697835,-25.088135760309264,0
238.01758472720826,39.498134626383305,50.27584011612799,0.8867456559549219,8.546760327589869,10.215920682827097,1
243.31483138810754,40.27701755265166,50.94844437393604,0.8822681580830044,10.046882527233906,-1.8134994096785242,1
209.95782491558492,36.533571745870034,48.55977471285431,0.9007487390749458,7.375640096213943,-3.692563167515189,1
256.9281703386848,42.43995980543395,50.22051791742538,0.9629025759232807,11.238007009343171,21.599953126908048,1
233.45106138787102,52.23926873946606,49.580709670259246,0.9638570081484044,12.289779749730618,-28.60639719233294,0
243.6350844590361,20.274502957742996,48.94934246191316,0.9596626267526693,6.5889220344126365,-14.92110492247469,1
242.37652920939527,30.667191652125673,48.0,0.8202249678232976,5.785287488707439,-22.715790009435217,1
236.32379915921683,65.39197200174908,50.37660672320808,0.9599357606549628,16.025016081524203,-27.879537323416454,0
242.5841075070442,40.71780032651982,50.91332353965597,0.8240503546973154,9.546459258452543,-13.459380139443148,0
220.74120220179614,62.43428278102925,50.2087235172054,0.8249447540104516,11.596443039492561,29.308576367680658,0
221.62547369080954,53.55338195590137,50.58436139711562,0.9895725543269922,9.604427611368159,-13.786249607545574,1
213.49768650542458,31.907322854117417,49.8773462569061,0.9638795689411083,5.511184126868351,9.822349187746283,1
236.5925184593034,56.35329195216206,50.311384562613775,0.9104820933736018,12.018580406366107,-22.90206659755671,0
241.6840475526817,48.823326978071464,50.41167841473859,0.9749940408955724,12.881742580681019,6.110857802833799,1
275.2027391669629,54.647733179819596,49.7127732989822,0.9978729285103726,7.57460472979085,29.068888988298795,0
255.11738650021306,52.44957093172004,49.79328059881175,0.9221284133263555,11.211206601445907,-12.48974859237208,1
229.9160597175643,54.746334855667925,50.47485019213894,0.9225796873963036,10.807222230740155,20.884536982534968,0
240.0311248338877,57.0759182197462,50.137234167818285,0.9508854058319856,12.86068390695622,29.85428282199213,1
213.62448685791028,61.78252847548002,49.401742475924536,0.8464277904730666,8.56872427947791,5.313245323244637,1
224.193504462884,54.081359127783564,48.784938812136325,0.8334249723037599,9.669953394787328,-11.435933974317877,1
240.43306636348666,36.243659112136385,49.817109627349,0.9519161500030145,7.674195927831902,10.411875593949368,0
242.73653166114715,45.26354542348809,49.96420715355306,0.8689809589988204,7.472410878607009,20.690892376117127,0
217.4813278333271,90.47921955223717,50.6142370496385,0.8270140712611869,14.583133244466067,-19.7189854222813,0
228.926011222129,57.244910603817274,50.071542468514,0.86297554518355,10.22682605757019,-2.849054169512801,1
207.23189379978785,73.69287300811497,50.25319337361645,0.8717273735749151,14.303768754844521,-10.848737392569543,1
224.64456198790086,63.95434082199185,50.33534358536312,0.9930455319011382,12.496424951594923,-12.998460182257208,1
243.3557474527968,52.41802071555749,48.82204053753384,0.9395919422175847,12.165315981270783,21.64927564441036,1
238.62807524159848,53.01407069781118,49.34285745109594,0.9061712634799468,9.846873879253968,-4.700759590689689,1
237.50998582071816,49.63419960123154,49.84768867582263,0.9937746277365209,10.51572103140075,-9.655419491765233,0
230.7466053077144,32.621953841535,50.28608656551873,0.9806279480948361,7.976167080397459,6.210632485560822,1
230.10594737942264,50.180472524682244,50.244617006775016,0.902400171322832,10.889292477542861,-16.835905221757123,1
220.0951829078983,62.10674552542197,50.235934973938335,0.9811359270753961,12.577490677221869,-16.206390565915264,0
240.482426303038,44.00360005178796,49.808291029015535,0.8808609316125313,8.782530627040021,1.2173238522902778,1
236.31459416584084,54.1195299906181,49.83618328134502,0.8460841330713249,7.913555719569134,-5.443636281228951,1
237.380282719892,58.51591045893197,49.63583536578913,0.8465356353644171,14.564351646334522,-12.301056964660532,1
222.1094773599863,40.903195606875244,50.38409706405292,0.9324631048884253,9.846328353323425,-26.76293206355387,0
197.69985620193134,45.48697135656335,49.539755606130214,0.9002140641414554,9.39831205746697,1.2464543183112937,1
246.45729067630543,39.820885095228405,50.42501819759479,0.9317901694010894,5.954661683754827,18.996552336064504,1
222.81743815987394,41.77834393310593,50.10392661906882,0.9372151928524339,7.533503354235842,21.082632317163473,0
217.0583635393532,37.12394716346939,49.97747776077242,0.8044645745795436,5.813334341901813,-15.873601216435187,1
240.40218367870992,40.995515386219736,49.671644800111764,0.8108079184695806,5.0,5.978472236849299,1
224.11981040121304,64.19455680797839,49.322229069417936,0.90653554531825,14.822473570199104,21.352878567776422,1
245.89904576069932,40.845229709097076,49.676173621810975,0.8382070955520154,11.326555925854713,-5.476444303424117,1
239.25508924365047,51.2645921906069,49.834996565687554,0.926506753760888,15.487766707011295,25.928209038451712,0
240.25353984800716,44.971312463290445,48.81548784420937,0.9104371478341297,7.745065996108528,24.17871174777317,0
209.510664331992,61.78865937036939,49.90132242233267,0.9171520716741782,12.107531897566421,-17.511966154871438,0
248.179159780796,63.111622966036165,50.462178684013004,0.8604910759662021,16.123499277730076,-14.462110025987773,1
233.91875796850783,58.64069982138947,50.28360895271694,0.9279687012555793,12.221857884714078,-19.173480081241866,1
241.33695931969982,81.55163514812372,49.27681004019009,0.9658985272970046,10.370063348911236,-18.23673891271786,1
232.15082701013375,47.68940463159102,50.023468149207616,0.9996142507184475,7.334828695489696,24.47172523040988,1
203.3564715065252,38.081252958087504,49.721917715289,0.9676888772344429,9.759094575984108,25.868274551557377,0
236.12979217221007,69.43528881122197,50.074380366667846,0.9114997519359895,14.906191719069005,-26.886165528892143,0
214.55942737726892,42.40326982247446,50.77005391187202,0.8386859183359914,6.171698624423771,5.616201340332289,1
209.70994571234698,56.636463470328415,50.48424940131244,0.9362891752239642,11.688236160411394,3.8538937714542953,0
207.16461220673165,60.59565572623397,50.26039715284637,0.9875307571115957,12.702756424792042,-6.567141196532408,1
246.69032562484887,44.4471950309467,49.75355754380814,0.8423733079464605,9.572882930621025,7.90185556938642,1
220.56104909460817,60.38012527315962,50.37496919647242,0.8511991241053154,10.901651423650693,26.842069530651003,1
253.00591564874748,57.642132033388556,49.156561524313474,0.8298017086823303,15.346378804424143,-19.78470703667123,0
221.96297805421554,67.27963835381766,49.87382325900455,0.9473443287252803,13.879931277280516,-22.775345417012662,1
204.3896306361058,45.30653533573289,50.29185570991198,0.8813123006847319,11.399760001056373,-27.99656575026146,1
213.2521334007701,37.14135982720285,50.37021060702388,0.8125391277772769,7.563929067553916,-8.170001529591392,0
267.91376275278174,35.16847768267734,51.79539539027326,0.9749899982980561,11.59349410265998,-9.742291375328037,1
227.66152733094998,52.088535425343316,50.147415344604845,0.9115343809405133,10.582931568576054,-4.150818710481367,1
221.77569055264098,50.58212727085056,49.90213751045806,0.8662188584000712,11.665057969347991,0.19860185285693532,1
232.40027338779183,46.065621037254495,50.268987984913245,0.8687965952122194,9.527027032005916,15.469439641827279,1
237.52674104251318,30.90802541022757,49.52356947970685,0.8580502440381814,5.0,-6.473196572548897,1
246.7609822385369,54.70482996129107,49.577661368353375,0.8910960344785284,10.097936647943667,-10.163213438325986,0
251.7274884483939,69.723444790822,50.030867338230145,0.867408337697629,16.069119831045015,19.612729215577616,1
224.6034703131637,54.642512381230034,50.08659882135437,0.909589260814122,9.34853836535553,20.987800239219382,0
210.10928470876942,56.09135519053514,49.08719241071768,0.9547034504542589,11.127018320533002,-16.03404214239881,0
223.79802258315087,55.72445306155102,50.22757319047476,0.9348922566888747,13.77343135625223,-11.1196906373215,0
233.90420759874328,53.970466698824,50.386364188959696,0.8588913785508234,11.450515760492454,19.506982254605298,1
215.54361610684083,59.31665966868095,49.96135738126685,0.9057482023079558,10.136017495683069,-25.23550534213411,0
215.64273627657437,53.95373681185666,51.187233141642,0.9680252319824502,14.082688622996097,-10.449193176555728,1
235.15681822324828,46.87322830346724,49.65853244684241,0.8136412469485451,10.064159308575569,-3.0989935775483275,1
229.27021472644324,42.04011089991246,49.819456418306565,0.815659453397381,9.897356527135507,-18.775703087965738,0
230.4919549311738,47.510263447193246,49.802466546936394,0.9112340136099507,5.443564153888047,-19.205148203358107,1
218.62256997949896,53.141294964506656,49.96190619435449,0.9278230256779607,11.441048339764826,-4.5082765191882785,1
226.5439892869135,46.83917038877026,49.83563759351686,0.8422826031551809,10.621887989717672,15.27130348409134,0
216.13650283597542,53.1433868313143,49.29659472769757,0.9490440253383037,14.301511233443858,20.413978772857647,1
243.3529761668718,54.39150133700417,49.72672585188176,0.9292526754081455,9.37226136154283,28.7541055521704,0
245.52874002085628,58.33179431270182,49.95118965211296,0.9846578536472573,16.514628894517323,-25.560956994496856,1
202.3071820664286,62.82794968838981,50.614286041031,0.8337908403717074,13.886696949134976,-16.99906793124044,0
216.05733709711384,50.780074184788575,51.10112163668646,0.9502748530716021,6.391274796183685,15.397790543051862,1
207.5520611736488,36.92223434852339,50.667736948925324,0.8167286181166534,7.216007075849966,2.4359223633397136,1
220.24964098389654,46.548959031808096,49.6123104851637,0.9130584819035795,10.596274661184385,-10.339213562254908,0
228.74843045314458,50.44062567406599,49.652095194686915,0.9103790278998292,9.850132677854596,-17.664620325165387,0
208.25532170452206,31.642312438229098,49.92033571124532,0.8776770089293482,5.0,-13.17134690145312,0
216.1721028031203,63.88664520102482,50.89227944442679,0.9689142295337134,14.716907903340049,-4.242662981942885,1
214.94063941877752,51.423779125104666,49.917287973909055,0.8008741289572024,7.622146266145116,-19.370926829638037,1
233.10900994098415,53.81352834580285,49.336246254731286,0.9040358803797042,10.906105597621638,27.853557352605037,0
231.04016505554375,63.65526462526266,49.749411431523484,0.8434307099670375,14.029140178805953,-23.54469332400754,1
219.1739366999412,43.69857169857653,50.37852800090971,0.9486997238232866,12.594341179137984,29.134646069353145,0
232.65231308209098,55.7404193088403,50.34497013844804,0.8086134852612195,11.562179393664977,20.513597160040355,0
221.79979873119103,48.90135876898064,49.89989166675417,0.9663109376363155,10.747878457831575,-4.610902949175653,1
225.92517334510922,48.159131329840804,50.34170733678002,0.9676184453413903,9.49524214943845,14.388980063292607,1
255.10178135447805,42.278076121956204,48.863413898726584,0.9665732024807006,8.40349733417442,10.290914621783159,1
250.1069157768552,66.65603213686528,50.051914617516346,0.830513705346534,16.064762264996443,-17.202784923064144,0
210.50628144608604,46.24499959924429,50.430342710684315,0.926081303712209,8.708374824668255,-9.655794832863215,0
242.44598626818762,56.99464246895702,49.58356836242273,0.802873471836678,13.395610378924978,0.7873537683274705,1
186.21285996869648,48.89566024414252,48.0,0.96959251825784,6.6786020110704,8.270650793263613,1
212.77605066871072,61.79988529689787,49.06677592361826,0.9445950387017241,11.122408695664268,2.5736988813972914,1
242.2816646563229,60.52211155957059,50.79494779740535,0.9062307461798506,14.130019831787273,-1.6207523396115704,1
253.0689787761883,50.97434110297303,49.639923011489216,0.9461182866193234,12.051877148339859,-3.41086359270599,1
213.1618279063338,47.73057533862075,50.12052163893106,0.8188648193303545,5.920349163131013,-0.10413004229892309,1
216.23745768478605,54.00000005613566,50.301958520741685,0.9057311664353713,14.210798928454503,-3.9389088092417808,0
245.26492200265253,72.8879066088029,50.75603397457073,0.8582552983632892,14.08893087594522,2.4798046527429563,1
234.0724296623847,32.36763301096515,49.92305111300718,0.9945238926445946,9.390064525416019,23.279117942800006,0
238.27214412859286,57.82027387574128,49.73028510311079,0.9714235901247803,15.066977815457072,7.969758783276703,1
235.10883824600745,40.883826978460974,50.086533824285276,0.9466551391667954,6.580464780003233,13.357252499312409,1
235.86043881392217,49.80081603700269,50.64204013827114,0.9867495270499465,9.585626418464482,5.848988023846594,1
210.10291807533375,47.52119880921337,49.91491373429961,0.8693686609130948,8.07705582491784,8.581060944840132,1
245.7097655993217,45.716817422022444,49.52256545920796,0.9801759797976363,9.27909082682143,4.700989706890809,1
247.5438498864166,49.89534870947271,49.22962109584232,0.8650476464213421,14.137364243355552,-28.38800866825061,0
226.55913883897958,38.6582885472221,49.38935130769739,0.9465593439382306,7.889983257840004,29.97590293200119,0
229.34784575279207,60.291804361279674,50.432195748703336,0.9472833823552899,14.878338926997767,-27.9834455872262,0
207.03338746166418,32.058564888014,49.83968776184659,0.8036699752908187,6.361387742100225,-6.291119505980777,1
237.71382134026751,55.39764512828342,49.696239545039646,0.872211939655639,12.014017205304254,-23.693059302063993,1
238.58086162571217,46.73464147465429,49.64201638840803,0.8038865344816997,9.0439700707244,-24.184292973544053,1
229.06713474501032,38.29075106192546,50.04252293010009,0.9994184035220497,11.240312777088207,17.61161710046902,0
246.86530039805754,52.02383370598695,49.88027245311721,0.8244393523658476,8.937989175356535,-4.444453238515383,1
224.98884153530088,34.43048913293522,49.863433928140374,0.9085621791296219,10.490825612041437,18.06832249792589,1
238.469088888404,50.39713821719635,50.67466196390537,0.9581112477525274,8.940287560882314,-13.632811759150108,1
214.70503491961827,35.77123092188445,50.769008140930815,0.8402527204521786,8.016385653608936,-14.612232491625914,0
229.64671773688642,54.61272084317831,49.1949891635455,0.8970105336190946,8.439648372115796,-14.926117091132271,0
227.38468613145747,40.756426663696246,50.16379636557148,0.9214857521842301,7.908354238429716,6.968737584475157,1
233.37961883061413,45.49005982970691,49.6115689506893,0.8320409508791091,9.01994337846559,18.899963390736005,1
224.45709606749963,52.93949387943162,49.875874443069456,0.9557110919823077,10.382984991578883,-2.8643393954855654,1
228.02791106492498,42.27457888157764,50.154639192563344,0.8598672914378731,7.925595744527207,-7.245066561535058,1
242.39070757162258,49.42036000331697,49.89364004153454,0.8422046152677681,7.314858534767108,28.41477325209896,1
223.44853644142674,34.86169498755146,50.11522994031382,0.9116577492874834,5.126725786984895,-22.99475783930167,0
205.90134348891982,56.30875603596156,50.33648510301596,0.8820627255285876,11.223207450084505,-0.8020390773064499,1
256.2437585630813,67.6491380555077,50.14728840027016,0.9840571889272836,17.117649689616364,-5.490734809113938,1
250.7218111803573,77.92208867909962,49.67658184791619,0.9760125396396309,17.68707372404763,-24.11240420478658,1
210.61605957341573,50.91168146666439,49.68540019651484,0.8966701326777766,12.263385928964706,-13.90797827470685,1
240.34561707867792,57.88204140797187,49.280147351690985,0.8718527549451196,9.689087776827801,-28.29352724525328,0
222.45537844172986,32.19374327092511,49.57303985123964,0.8651035963262531,5.472406702625771,22.617257338977424,0
261.3610904326783,68.89708021496094,52.0,0.8535127246163015,11.973430062987454,6.470971739424066,1
234.4133619352024,57.762285047241065,49.603998212952376,0.9089095707424955,13.536939371402534,18.901109872215045,1
226.48388299525516,45.16066555048767,49.40331059377809,0.9609957209469087,9.925548155138388,1.2932671441793886,1
218.24351501620404,62.37180800289009,50.15996393092239,0.8621513216407116,11.51948246921145,5.970589765313662,1
219.6418842152561,47.455239233546585,49.94481762035407,0.8380188179376163,5.046369273642493,12.051268668549895,1
216.25712126778137,45.41974816985444,49.90220338157539,0.8950967612366574,10.522017252604002,24.480697647852892,0
217.52266687654333,54.753349254274916,50.70452298320605,0.8138068833595333,9.256865296762465,-24.494886730449252,1
228.99232564925967,39.366455001696814,50.274563337779185,0.9402558012259414,8.707367103467522,-10.143096315856386,1
219.2636001633387,60.21624764399948,49.73500353414826,0.9036716532603868,10.434259368942458,12.541571442000027,1
242.67853220855102,22.873210481846016,50.716101041892884,0.8992749615945709,6.708726763056089,27.501033780083567,1
252.30869233003892,39.49945210176814,49.74870674304716,0.8600890759100045,11.570270644872345,28.84844570940033,0
221.29920137944936,40.90310211591665,50.43736981079013,0.9809346875063474,5.332770825671317,8.286180548235741,1
224.0075131594178,42.34611673638281,51.95188109912387,0.8180972583699105,8.898018720970292,-18.384091334707964,0
237.495276654544,43.83224638480292,49.10342324877293,0.9739648017774063,13.09991063657736,-22.847465315162594,0
237.08003406378913,36.520042156328316,49.97584016063283,0.8753410404831845,8.860346783074789,26.762618656825524,1
231.1393290187413,43.94320000064202,49.23148699943604,0.9761247031950044,9.263575267857398,-3.96433863224955,1
241.14023627539584,49.67957629319513,51.09211530087745,0.9457522916664767,13.82306369403632,-18.31103800423891,1
237.23373429020987,38.19027516335615,49.51716604307639,0.8208341453324077,8.330495311783686,26.03355094665607,0
211.43506366509052,38.48318890965656,49.91906761732113,0.9663072573018707,8.327868093299312,-23.728543706141288,1
243.0373409658391,71.11296334099585,50.12910136735057,0.936435366739901,16.63563528891646,13.774265811424506,0
243.30936255900113,41.394345961861134,49.85567091966038,0.8064603825830697,9.05284857355135,7.5157816526000545,1
218.55070843732128,46.76957631226993,49.8549847992669,0.826740536421934,9.461933267464826,-24.73592013714649,1
230.56906753171404,46.32762999200714,50.21091364308044,0.9271256111671391,14.295240850405172,-9.67507226163347,1
240.24993489216604,45.786431922295584,50.76310797939814,0.932520100576057,9.868110133073355,-21.00415862759936,0
226.86029270630956,56.21346739969103,50.38375454090865,0.949330286567519,11.778338518641778,6.269915551989676,1
246.09467071649019,59.481429504720495,50.73925693928677,0.9440490801549963,11.345263353728557,-1.373218099354272,1
265.4580874192904,46.94045568468408,49.47669044595325,0.931903990933991,11.508403268542672,-29.74349252037054,0
218.21020951047527,37.63521713407651,50.15868131662768,0.9532477803492845,11.554215018465827,28.542633977034484,0
209.28433095269338,62.744402278489034,50.07762302602914,0.9150171411784745,13.984444623357883,-9.024921006627576,1
234.55727893407314,49.04658908803317,50.17554564583837,0.852158277104891,8.716093143995067,-14.507736429777001,1
240.82343757689216,67.30321814857169,50.688115985317786,0.9824753227461437,15.98423174368758,-16.65342265235384,1
226.53700439232847,27.54414102434837,49.88960542510397,0.8036428061863956,5.0,-20.47104622958593,0
251.7989099498155,51.954032212833205,49.79724831672296,0.873312343974298,9.48640604198763,29.94822457299059,0
209.92091300415126,69.18606333876208,50.26699039870933,0.9457740586194326,14.03492792037614,-12.293431927103708,1
240.39377934547417,46.46735864561842,49.11089863621708,0.8854312082299349,8.901768195855574,-5.6691901665431,1
220.9120876886166,47.74506576665364,49.88157397543891,0.8049668814960029,6.401158140125725,22.281354970685335,1
255.79066859310944,52.95511691590339,49.93290115535727,0.8131961806232427,11.99476921032121,8.513250212572686,0
259.8877302975218,44.41204181115043,49.539820691846536,0.9297274738276577,10.566548902251629,-7.878335295283648,1
218.50015118324978,46.87928067947267,50.528529505678286,0.99297291988106,7.036049877857474,23.899706155431183,0
221.7566429613713,46.62184905808597,49.46887984132836,0.9103727271668998,5.261780893343354,14.983452132816012,1
242.89381830469702,43.72579265573627,49.932063475818104,0.9013515636047539,8.432983850757658,-16.32596954749802,1
224.19304025315728,62.288565502005596,50.146578612661486,0.8636650426112535,8.88426086829413,8.62433967599523,0
229.31883173101642,54.61078032296435,50.67672578073806,0.8513381347732126,6.923723316005289,25.343909897544087,0
230.38082630813616,52.50628232103302,49.99472178255957,0.804196996351257,11.985859686306988,-0.2123472929752488,1
201.20490265703515,58.085710068901165,50.46807679706411,0.8545909735280943,9.7922937172182,14.01674416990003,1
278.7337668083629,69.0416274040201,52.0,0.8898220881730505,9.15228644879031,28.266224639349552,1
219.6540833890374,42.257961816470996,50.06172877808457,0.8395899566097901,7.416374739754741,11.424848453712777,0
222.60315766400342,43.973756953854426,49.45524329586327,0.8174695976962859,5.726298021457065,-23.85367861403516,0
251.65448005203223,50.01783041104609,49.282709569547826,0.9435455734509205,12.698559650642032,-15.32642694412264,1
211.15239658581115,39.40788291627098,50.05325270070959,0.9789240538136135,7.884293867862269,5.705786240558936,0
242.19807780121965,44.997389834133244,49.72865156304869,0.9873544139374171,9.245648857524781,-13.466651077685633,0
225.81555604502287,44.838833581285655,50.459630545840646,0.9235997456993978,8.136472804736604,27.45250232334839,0
225.80359747256247,71.24556229829014,50.37292825904929,0.8105549165198564,10.584888254895276,-5.678877958669574,1
241.85557844077567,22.261850600660832,49.907694502781474,0.9481725259923547,5.0,-2.566175656058096,1
235.10076941853336,48.203802785943665,49.42114353802936,0.8220190610523773,8.836481676422643,12.096125608207032,1
238.55919495829298,67.2569379281477,50.25536777480364,0.9339496235375648,14.12043180708579,1.4549838805124473,1
244.5227699079929,51.21844464132454,49.491025276932426,0.9558731671495752,12.081737262527513,-7.0712419866739005,1
225.03037425225017,57.53417473421093,49.620768038534564,0.9451729421652946,12.08007100650667,-25.401727490725275,1
220.81644898238375,50.99826315099768,49.510292130892424,0.9903767611522261,11.614422700418897,5.786735370471831,1
213.72274210163303,43.326666187835194,49.93074948903002,0.947629256893478,10.661140452800597,22.054801847642082,0
217.61884205031566,27.58084065491087,50.58509616703528,0.9386419555963617,6.819879791437749,11.14574650560337,1
274.2364163796309,52.05455687036303,49.99747956488824,0.8523486344366205,14.076673899320415,-7.110299397182867,1
248.6701937110518,42.24393395397609,49.778390653786154,0.9849537372871804,8.65128069032733,-22.336436122612234,1
190.47108398124192,20.0,48.4913992561642,0.8359087741588334,6.345554743623376,18.980291214254635,0
210.16313064884645,45.01012744020888,50.27606229236492,0.9809793222946253,10.586737144929707,26.50490173387228,0
237.22799092577736,67.44861406623494,49.60979769703569,0.8625325086691821,15.14407856918398,-6.703620552224116,1
238.20897196066952,74.04837542253972,50.05875880957905,0.8260327187755337,13.21313947080762,13.718531351043694,0
238.23325752976046,52.17207937528401,49.82289069204168,0.9653366054542342,13.221456629551685,-5.354193606554659,0
226.17566309669454,45.35232776088272,50.41908860979972,0.8004990907201659,6.324129479525003,0.13601633113196598,1
228.1181860999565,38.2277358254879,49.921381803985724,0.9664176635361661,9.38970039436519,20.18858283698458,1
234.91819286239036,54.68540161546069,49.970536822738474,0.8524623684091952,10.89864701468322,-24.994539467330785,0
231.28839509439996,67.82905600065143,50.24287357372773,0.9769442545511242,12.557502066074095,1.8201209272023036,1
196.71049440878699,47.526596129748434,51.053470091131594,0.9382958364483158,7.903961574055595,-17.122783519726653,1
226.5530055413721,26.21003959246776,50.44422346517928,0.9332366665701181,9.906060644400466,-9.611643270254259,1
217.2289034860953,56.700496718155236,49.9556969468257,0.8730639126329687,11.15907735125527,8.665729478536456,1
232.6281712836277,59.853997114500494,50.001598995307646,0.8118805947781542,15.90530281277994,-28.366295259789098,0
274.77888503905115,34.141543596141524,49.73757026983778,0.9660146196411155,6.17469261583242,5.629505938389762,1
235.51222498211456,51.76484183662953,49.525002148240155,0.8341807590353056,11.671192330517432,-12.99346563277502,1
225.29705470741402,54.512260161360985,49.72362460646684,0.8744517283789505,5.670864247299475,10.16906164848433,1
243.8270225296588,49.26892697991062,49.61392551814403,0.9200709371018163,11.052429311611467,-21.505118885216746,0
237.2403183081382,42.09229080914646,50.32668419189794,0.8964507477121244,10.214381585771784,14.148696228970714,1
236.30141735677762,60.15937223563556,49.464402571065506,0.8397321270342637,13.613197914561633,8.738383185778687,0
239.10275889823507,45.966202540313176,50.66660528069002,0.8281232713764568,7.503070141268589,28.274509972821072,1
260.84815347244313,35.14813837300068,50.376023191809416,0.8246492544500582,9.638834862948107,24.67412179548888,1
213.03667347011125,29.50525514330319,50.01025086468383,0.9726015762998402,5.046053575163051,-13.001828208017862,1
237.10448115217181,62.6084951999931,50.00015930573253,0.8063119098122667,11.641308067159457,-28.36100563647378,0
216.10428305027693,56.166639764711185,49.721359345192724,0.9954028519199789,11.215407478642375,9.32211366670547,0
238.33268969513372,50.87973547129169,50.135042205673884,0.8397057380770828,7.909748521855718,6.173243340280351,1
216.21970232770857,45.59725363149197,50.54404623160429,0.8220644593758156,11.244192908501393,-28.354273874013238,1
223.73949779592374,44.71001585796873,49.64842176887209,0.915394330955359,9.253088075689051,-22.63934824784444,1
225.5736512864314,39.24263351558389,49.233303955540634,0.8159971915881393,9.397928865578756,5.082102272159133,0
244.63725079017064,45.685443554401154,50.351609127428375,0.920490652632719,12.37715860192725,24.709635842609515,1
243.77681665913622,28.799127848798257,50.1621829871219,0.9701253289627226,5.0,24.390016590804414,0
211.31423935330423,42.63936346531486,49.43990059927941,0.809579604293485,9.726813374268415,-20.91089672327551,0
259.7771791309252,43.739269613110686,52.0,0.9599737209057089,11.397086904658392,-6.9255632156850275,1
219.3563021787624,56.09880047190419,49.57044786297493,0.8788954881964237,8.733554939317788,-27.407828138869558,1
211.12242633986997,49.60073536626636,49.63773386548288,0.8318981267662421,9.609195425917104,-1.843689218224256,1
226.74474424363444,57.94923113875559,49.83815862297941,0.8352192960534919,8.928581511736539,15.185007580392337,1
180.0,25.553479161193117,50.19463412828255,0.9837529087388452,17.289654424547457,17.39836268193669,1
266.40074729518284,60.58170093824101,49.67460317246577,0.8221211503881329,14.895795287959006,-0.060632004205622536,1
236.49439738041045,54.70509847378557,49.620918090250036,0.9733565574231314,12.450453985370924,-24.247819517506898,0
209.33573748868645,50.11862679180784,49.88560782804031,0.9088489241967229,12.064904515117753,-7.118161489106015,1
202.1396207598662,40.55228838327954,49.45003177352467,0.8078112357632878,5.0,25.926117598461865,0
245.320749431441,57.39944051379317,49.84185173181758,0.8928952291434676,11.074419563710334,-16.22324660881712,0
261.32664159304886,66.7974738222153,50.579333511670654,0.9634899028952602,16.3138012809456,-10.814733005236409,1
206.21025031643063,53.42106039650418,50.25404385721039,0.9452405575278201,14.884111210940686,14.80963052778425,1
201.80113422291433,69.17259148426123,49.204577071570654,0.8977564835369436,10.390913387745847,14.01484733315629,0
258.06447763057673,34.744282919389164,50.261863882706926,0.9720099759392434,5.300687359454132,24.732137281495945,0
235.84421266056356,38.45836615220459,50.30277199129279,0.8240729523560459,5.0,-6.712878556777476,0
216.9756090218545,58.55201507748262,49.782632515937905,0.9819882106784737,14.287962629174137,0.8759234324574692,1
238.01943629183654,52.64290210153251,49.252401206348424,0.9692882416966697,10.956829969748984,-1.9564523267713412,1
190.46378391474684,63.13782176571807,50.00403337970557,0.9416553651314472,11.005673547545888,25.665130261347187,0
230.0506325989574,49.845283592732606,49.99614567425888,0.9635775484257498,12.574950274676644,16.159835329478085,1
234.91731759264627,41.32024577471668,49.4391768817334,0.9087631013685332,8.505049948060195,19.886506790030893,1
243.86405209306744,47.86406757794958,49.274390391870035,0.9350324858195334,11.322296707791049,-22.014103870235346,0
214.79156071561192,34.67316029076266,49.95622322677328,0.9121196141415558,7.863443140784917,17.51080157208959,0
231.2853074210504,38.714093269029654,49.883461403974586,0.8710857061015899,6.938349467590641,-4.021274036550182,1
216.1186306091062,59.724439979180104,49.7913673173388,0.9137721594722356,11.461938676432496,-28.599679030161173,0
233.83075633511476,58.7278741446961,49.95829463262672,0.8514930665063851,12.17693991092096,-26.394698835402924,0
216.56980516455462,53.63004284806077,49.44861181308984,0.888055834168157,12.05081440265934,10.674476384090674,1
223.87848741259668,32.78922479039531,49.78258969356694,0.8561550814520487,5.0,-7.679253531241809,0
215.06276907814657,46.41596424487111,50.266662515307175,0.8245775578922778,5.0,22.086934393408825,1
239.76704362735487,37.75000111339949,49.82501495982436,0.8643723712779813,9.18277883357804,14.056388032551986,1
242.87676674985,61.765332537877654,49.16401376410372,0.9703974436369541,16.412717370380697,-28.699199299982293,0
226.4806914506388,44.16277866437399,49.763653861138216,0.8762161541284612,9.16399688535292,11.213298710160117,0
230.57356992440043,39.1425228921845,49.46492076824657,0.9496007297937739,9.106952609118618,-18.458851636058625,0
208.27112878049684,50.297961651214244,50.133568148230864,0.8350395708476323,7.618931803076574,-4.6450458777652734,1
225.5048502798982,43.59845543165388,50.159418701690214,0.8848838318335284,9.700246617413336,7.484112127377763,1
229.24693074437383,64.83743910203707,49.17061268745699,0.8229712138670353,13.938799927645888,22.363070477741573,0
269.3118963654496,42.65189102465809,50.379506485291095,0.8277242126734979,9.62078065781897,-2.634126696483648,1
213.32049461338755,36.00771740775369,49.44390684936072,0.9234872759780138,12.075972429100364,18.509427251468068,0
251.96265858128658,28.470864842424845,50.77959114524118,0.9214963634898022,5.0,16.97793976803797,1
280.0,58.05022521561927,48.68638525566559,0.8426743814709725,10.583151122958308,-5.127689228924503,1
234.20954606735205,44.38069886142074,49.37680325073042,0.8948846388577597,6.953068051795276,0.05880980597417107,1
256.379307262927,35.71095393488273,49.42900696465366,0.9726612333955896,10.664940044925995,12.029100602988784,1
235.58158208910294,61.89226461255785,50.17404764589367,0.8348403017352966,9.009586444782737,-28.131093921183616,0
235.83738793501894,56.672451474292416,49.80435005505081,0.803842106614703,8.075894863770946,23.448684827954757,1
229.2031902047368,49.717821210627704,49.95167304519093,0.9303990281327145,9.335972642596115,16.188969566261605,1
248.35353323627942,63.643262441708664,50.80639011634852,0.810699641617737,13.34560646168272,-15.035047115860177,0
246.44703850716326,56.62536033398613,49.65037796788546,0.9959880477144891,12.708222175988453,28.870797191338532,0
220.6148406875568,41.771440984815676,50.029981428847854,0.9219240567597762,7.3250162413799025,-19.236578844622873,1
210.21129208101848,39.60779836009234,50.70992224368653,0.8940792705687944,7.082328881381427,24.845200422264107,0
226.95529043906515,58.17981544453861,50.1352567377332,0.8859985080048614,11.214436165198677,-10.531592500613332,1
217.9994215340353,53.96366956467351,49.196698632320995,0.9146141317033863,13.734464008476685,15.788802609848148,1
229.04713138076968,51.697477679706616,50.25269450586607,0.818124887344043,11.059369081276493,-2.6174044051232954,1
248.56157202026208,41.535021971310925,49.41849857110828,0.9860038117638992,9.530360083234655,14.188043247000131,1
223.14047517369815,56.07947567005754,50.703403764366485,0.9251284137103756,15.770711525212693,-20.653017123638023,1
229.35764928032637,42.44501116866051,49.58856619750101,0.8367956995221818,9.129602110298835,-13.82961249681103,1
230.87034102212593,48.98013345406322,51.484754753872835,0.9125162107529325,8.380864055428598,-24.008530531678463,1
242.72646323307927,64.4694414638698,50.73368799416384,0.8266513011666023,13.448830364745385,21.908638886268186,0
196.29665999023092,43.39165764189854,49.60169371518601,0.8035105435116625,7.91503659990891,-12.222420733830042,0
220.89949557852054,34.27010742927139,50.010006902500805,0.9261033970427996,5.635584288934351,11.668573764999806,0
233.1692553841921,39.4745280812989,50.376822140816735,0.9296966683740255,6.452139316389729,19.213271864491688,1
248.0011843464029,59.942988266876235,50.39183023711335,0.9167393165606831,13.801102598302387,24.085094182760756,0
222.62146328740693,52.547311373802096,50.2211681299881,0.8366966408720047,9.067367089796893,-23.622173081296932,1
201.8517094093719,48.71122621311246,50.62607951848305,0.9206859716989534,12.01084929167739,23.580896010756753,1
239.29567168949205,44.90906194688431,49.938515526682814,0.811302188184904,10.201006427237074,-18.164833336156832,0
220.46956416761557,54.8535990755319,49.816641165711985,0.9218476711143845,9.866859507845604,14.214120695457694,0
212.15500011364458,41.508951490097765,49.8265680060377,0.9108034038215238,8.872713025734782,13.730941161876672,1
220.63481915430162,53.05665568642596,50.42918661598606,0.9310509661678199,13.433274486509784,-29.489811495542746,0
227.23211963516226,42.68745431187043,50.18259052015132,0.9790951211504788,6.7095753295125125,-16.762565501384746,1
220.92883003192682,41.02340614724946,50.14564183284513,0.9700716210479073,6.7464481680259745,-0.48548912010796386,1
196.91650914351396,43.62512565174988,50.39761712462859,0.9961308383125078,8.534932157412435,-4.797917600203071,0
243.45599295330697,46.24592553516038,48.97447379607307,0.9952482065873149,11.276551938581177,25.114408793076578,0
249.12312561918083,49.51170164066297,50.15503441193758,0.9544639386747505,11.668449858779633,-8.41554782984861,1
237.25761005971322,40.33231501011939,50.49169132951513,0.9912839244355456,11.822231514682446,26.21902289015774,1
212.93471494362774,20.0,50.834404040650355,0.9734567771778224,5.0,-2.4342408964481344,1
226.97762699078723,41.92349442253235,49.23570600886816,0.9455164899789946,9.765763073730687,27.861173798409943,1
229.90218027155814,46.08430022643961,50.77859331618838,0.815076850928751,10.903527428883995,14.241288601491668,1
238.98191584342865,65.0506203860833,50.03770456446233,0.8098099776539776,11.627337196277685,19.760075497929357,1
240.02510733077122,39.19997391617868,50.244494765330025,0.9675199135011541,13.980172219364412,-23.70738669905994,1
218.98739301832256,51.627966180999124,50.83795939380469,0.8979311715743397,14.073279307283693,5.168485994542067,1
231.2299333462034,64.95030309735837,50.28038063400279,0.9629213368749842,17.120101309160702,-21.43797841023895,0
236.8592060692286,36.870314700527274,50.20018414473128,0.8625836541310439,8.77797309250508,-12.142739876941555,1
251.8373348322015,53.93975225864402,50.12114559290116,0.8795299716646026,15.963549563896382,7.413924370036085,1
240.56759809737085,41.977281660654796,49.758260932502814,0.9400373442023864,8.912617780051939,13.57354228163345,1
241.8358503106328,44.95366257710766,49.98575543774481,0.9830653473864186,9.022094885343249,-27.64897307932495,0
231.25739941894042,41.96889166046685,49.64224361693863,0.8175522948957772,6.882905121907019,1.8566238643418806,1
251.15688717805256,42.68142691584114,49.97771655028726,0.9722956289269212,8.416865220789274,3.918839177393181,1
236.14644193939247,77.21912147906494,48.832034651472455,0.958602544975873,17.72373997870116,-25.27032017338793,0
217.08368134739644,58.44455872071666,50.21451978378377,0.8631078541459709,11.550220959677084,0.041282052045815476,1
251.05054955187785,61.01737861786209,49.93913137310819,0.8710433228263119,13.744710159970156,12.830536802989592,0
240.4685490880854,54.91993486836496,49.83189813166662,0.809292295444382,10.66306979693795,-26.80636290746814,0
223.35433968307277,33.93743211598042,50.109879041970075,0.8031481222233436,6.354230244436248,15.616066579437721,0
222.80760548901134,53.94957970323307,49.283218038517276,0.8954012252715459,14.235707616973864,4.585590294248206,1
234.44863317711142,60.72929614507346,50.96463499831064,0.8191079290994622,12.902480908096454,19.993632496307455,1
236.94777192901378,41.466005259608885,49.9486162692562,0.8388003628830426,10.0864639734991,-16.916245628755803,0
232.9593839844681,59.65326667161126,49.92707778351391,0.9693534399053327,13.852479373428265,19.996421052787106,1
234.66963010164326,57.04336209854079,49.51730189493354,0.9142056782500905,9.006694923658095,-24.32634148395192,0
255.4993606186457,68.5204004481367,50.011973191224634,0.9267264874532227,12.596360150247493,-5.770218213319719,1
246.0731472835233,45.82216987486381,50.69347994513664,0.837495866166384,13.60889302248168,-18.03091250852109,1
232.85953386897538,39.023890177242734,50.517958104716016,0.9657323608908839,7.712047380865086,22.561249937452445,1
244.11965871151224,46.383718906274545,50.427218875570276,0.9735959544879496,9.790697243404946,12.295188978106431,1
214.51214144708692,64.35570993163623,50.273199475833636,0.9046655187426087,12.980307384215937,-28.478293370356308,0
235.96890574920212,31.71594119158037,49.8207287362187,0.982511554375732,8.453898788201867,-29.42859866316263,1
257.13959524599665,29.31624284568968,49.27491841648165,0.9689657249909164,8.658143345147908,-12.525044731099818,1
226.7293115691144,50.89395278931613,49.89948061406668,0.9462648353348876,14.467929772136568,-21.403013143166078,0
217.28549107071373,45.57410707225844,49.88206426773316,0.9468151831387257,12.377397446134275,7.818268653611746,1
220.2186666711041,50.077278931756844,50.52439721983562,0.8210786947901727,7.432949654088317,9.827816032953585,1
213.65550443986416,59.45311771235865,50.15469522122991,0.8541672075391332,12.787516018718874,26.517054219682045,0
218.22857137808444,44.474306538811476,50.80615576395177,0.8133694439635353,7.126027665874534,27.122395472750455,1
180.0,36.678679129671885,51.728685208026604,0.8017362418452618,5.351808048857633,9.533802324680735,0
208.91649471232037,70.44481557199944,49.77175219524795,0.831661906276782,10.051659672438165,-29.659493228837476,0
230.23427500924404,40.02771712561224,49.102435401690066,0.976097436529388,5.609326617575788,-8.46012500582314,1
243.5341576067997,39.40962877987903,50.69278761697074,0.8479748118072103,8.075391781805223,0.7884907948359725,1
216.3836572977962,61.037200137225966,50.67969261161537,0.9940307925183444,11.216650739832918,-0.049214609492047146,1
252.78925885462652,46.15510878958482,49.31689420454889,0.9194581999122412,12.58342037990234,6.200437770133597,1
237.66188132791393,49.366101479651896,50.75462000991375,0.8474516975269382,9.38052017444434,27.633088968285627,1
245.45870878436085,54.82790124060318,50.19105858529626,0.8994261606968426,12.721644976168616,23.111561517309227,0
220.13248169221794,60.83583103109996,50.08034274906283,0.8438189645400231,14.035426528185209,-23.465517992970703,0
242.81787840599924,46.66539306818228,50.807391627123664,0.9967947116364748,8.324281639205381,-14.041176516396405,1
213.6209914940703,65.199520059143,50.67234258661531,0.9694529967809928,12.053293106031218,19.986565045178175,1
243.35371251254765,28.642001512651944,50.3256654759976,0.8052477577564658,5.974454763261206,19.45841452915242,0
232.57759009690298,57.59787236953077,50.23660853290599,0.9895552062934942,13.88110579347326,-13.477756552699741,0
238.29876829977175,41.60472441982343,50.30819714526518,0.9442130214605775,11.568257700791385,13.835281841167173,1
212.36608091562724,63.72271316607991,49.79997128305874,0.8164762504042558,12.783306111168146,10.32224272307144,1
216.57395236585094,51.42044478830545,49.97244927513384,0.9341275492652892,10.596618930877625,-1.5885621018023102,1
238.95842327380078,43.27094667990598,49.54884142270273,0.9293853395931371,10.216613967641196,-17.912702839258237,0
215.774779936637,56.628410930216326,49.83348011213054,0.8437577491615167,10.972013296321206,23.318590853645176,0
236.94809438148684,58.93188347207251,49.81668306066553,0.9516893400015152,10.34977248498882,10.671071058410085,0
209.49293290309632,56.418941228586384,49.68234731518917,0.8174129406625935,9.348554599938826,-19.860424507297516,0
242.72261319000003,39.703037603669394,50.06837325132423,0.8978890362462496,9.149745982505287,12.288140690451648,1
211.51215027847238,45.15982876377915,49.83800957464971,0.8019846414326176,8.577540710203847,14.486023174618794,1
238.28449906519285,49.95927162878565,50.25111736017599,0.9937474977789493,9.9813600957724,23.21281710726244,0
239.38446400469002,49.58740347349939,49.18883969335312,0.9503127263553819,8.743047680552515,-16.629644685483903,1
219.54842272355637,57.497454754383476,49.94332260294635,0.8317704152319313,10.030768274885862,29.325246324804397,0
238.73039850627092,29.85098767493392,50.065775820088746,0.8683348079902566,10.122779720376387,-20.796394648384727,0
233.90663395000334,53.343270545535034,49.84468538008156,0.8321124755616353,8.744059292095653,6.041333511574983,1
221.91737215710893,47.100186455633605,49.91380365009538,0.9533234928258629,12.312326929666575,9.430590316408711,1
214.87167973885687,41.61499383616048,49.20737699463507,0.8117792650855431,10.428315006025711,-4.862826284048367,1
200.56061462491132,42.575132222304006,50.17823855233475,0.9680813311127429,8.357277586555222,-1.4977374737768088,1
235.2447507094954,47.85462335482036,50.323802991283536,0.988439267767146,9.767707563184818,23.454605803328242,0
206.52795842956917,20.0,50.24676864710188,0.93532558856126,5.0,8.716453779927711,1
231.43016299161962,42.9871042920845,50.51936352972109,0.8425930900002869,8.772528517015619,-0.17994250591882377,1
226.04827675876626,41.24185175353706,50.10076480289125,0.8720180191627102,6.411310406724388,-22.29902625398852,0
240.18714163157293,55.32783209322624,50.23934059032547,0.8954479749617863,10.582032791298046,-29.55974248661192,1
225.46931750765205,41.94473317489479,50.07804536922843,0.9209249544404507,9.616577563032806,-22.501882910889993,1
225.05828320479364,47.8488619982951,50.34377535979625,0.9337326179623375,11.92204451141955,27.371074048590323,0
240.97806056432444,65.42276627661302,49.21138518193394,0.9108429430637766,13.71426968924168,15.84520697947984,0
235.02587043626176,59.94351519815423,49.553209516010995,0.8702627841643712,12.122235893996061,28.02697965061487,0
234.74233935774168,59.02271399943453,50.79344982851654,0.9781834561129806,14.890136049671211,-27.85747741750969,1
237.0390138471279,45.00127569589148,48.7697820889519,0.8162784116035917,8.362315402837625,10.813224231518355,1
206.9664181518934,55.430322792896526,49.92991103508733,0.8932512108486991,9.648916319712647,-27.34238841579492,1
241.35183019980474,47.66102199546406,50.58613747980404,0.9551129676934962,9.47605435423121,16.92338813212939,1
239.18703191020404,48.03906789323062,49.95336966722912,0.8121745330582802,7.786777711175653,-7.142989635888345,0
214.74975307135253,54.0968534374655,49.79749446427465,0.9410670433622602,16.27041042684729,-24.25407839361031,0
226.33879289488698,44.03006411579068,50.06471083840765,0.963942324550665,9.213967849732144,4.082798507250921,1
229.41039068558553,64.93003104443204,49.823439909998775,0.9321662597054104,16.61531455651702,-13.192788203916713,1
227.982548233974,48.39869860402063,50.01542474637847,0.8025873784550712,12.223782871794722,9.574436512309113,1
235.00789949852802,56.18360566259665,49.658309481739934,0.8360274054264413,10.671399474984876,9.490485570827417,1
251.47050172746776,64.55600479257298,50.55433720997786,0.8684226157783902,14.834772366186925,12.300448447245167,0
280.0,67.42391485517103,48.72208669038054,0.8467380071276092,12.780311909925183,29.547904726665543,1
210.3167120985289,35.91080897309475,49.93330483894419,0.9925304280454854,5.0,-6.798137403155678,1
239.33104985459073,54.44895895009884,49.306755289654376,0.9303187828227587,9.019341791938015,-2.0810715308939436,1
249.93399979303115,58.50719394460647,49.7380784148433,0.859394191470314,12.664564053193557,18.276702061520453,1
235.80212781033805,58.918630221607486,49.908005669948516,0.9859394997330891,12.847966820893534,4.702201381313117,1
246.3647063777895,38.86705165885369,50.2527694384516,0.9481188398952374,12.861843966290726,-27.764567358732023,0
260.18405668551145,43.42964762982676,49.49599338841466,0.8569214423654085,9.209810973701144,20.58471121559139,1
245.3556431916047,59.945582357416214,49.61541884067893,0.8757763138803911,16.782764559855867,-26.91007908371754,0
233.73962893462593,42.38239629317354,50.255338068929404,0.8398857716607914,7.367499900560899,-19.75079181049294,0
245.6763271112713,47.00303943335686,50.46945441601978,0.9942147996531644,15.305130134042574,-23.87520198154877,1
232.17331749645336,65.75875809501969,49.68920297741466,0.9034592991780147,14.806349717789438,-25.32437202713279,1
230.35854564927433,49.5220074961521,49.333391473024506,0.979211337499597,12.297248145527696,-28.45890748171739,0
224.72878646429402,42.73225862166157,51.64205910064394,0.8692999542033696,7.32450613064809,-26.698337161657957,0
253.45120038248163,41.22382643137095,50.39165211854436,0.9721683206194951,11.311270914241469,-3.4536486492714005,1
217.72357001087,53.32719329585188,49.866498119116486,0.8107773696854328,12.79902797590741,-14.828863801043166,1
252.98551587017175,36.66851991522791,50.43451563776542,0.9964180635048576,8.953721230881433,-22.407786994870875,1
237.49796185610558,47.52664036103582,49.93777168514279,0.9824068734066606,10.410104520457411,9.522332563591561,1
209.01040737797086,53.33230534990022,50.43357844455009,0.872640588955331,9.233805560301791,-16.433285361944492,1
235.51473939487133,62.991498205476674,50.07969659888811,0.9549444330629155,17.407230951991284,-28.86305067931143,1
198.49960238522564,56.675480803699955,50.04563594908379,0.9504515852947653,12.403340160145712,-4.894812973960338,0
239.38262025246553,42.85934882017821,49.9432090658846,0.9802509594205864,12.9525223286261,-11.374020481301695,1
243.27847224483486,61.7841931756372,49.27630933326846,0.8614509962257623,13.575512150181668,-10.883734119210434,1
221.1146606652192,47.00484962452522,50.96904744969657,0.8931040010628299,9.361080651876549,-3.283798309106313,1
231.85321543933372,37.64296977950591,49.52923303986613,0.9729999225212106,9.339884607282388,10.134835634056657,1
259.3123615062543,48.27958640734528,49.3199882118447,0.9557158908270432,14.10539601288809,6.98874720227964,1
222.41379943607095,64.38169201145702,49.89357005862182,0.8786933437480559,12.088104537954496,26.235696587332534,1
180.0,34.970747860796514,49.53866667650788,0.9691450465824244,13.455735095686045,1.0629999781512858,1
252.224951036939,50.12521864329786,49.97414360471986,0.8093908078464803,10.964652163396686,-1.6458054164956692,1
259.43880785796193,66.37211644702853,50.343881924280886,0.956409260592598,11.65633563216764,-17.195133886986184,1
230.0554350777177,35.68645152945573,50.49765145026461,0.8413531718867402,8.674380400553373,15.322877330889412,1
245.17194553112535,37.14400885947228,50.40736536081084,0.8572241815647574,5.2618467825487185,-21.553453427142916,1
250.1221387329632,33.84153529033168,49.84718397260716,0.8986429687191188,9.324924373092939,-0.5320266107709557,1
218.86273651192425,53.72648186480055,50.02479591383079,0.8899469002139948,12.2676767219422,-4.720668096753332,0
222.72041246948197,51.66493127115125,50.203939525448746,0.9041140213739762,11.063275881714855,9.49805270426419,1
248.46311769732102,65.42736367279775,49.12110628802896,0.9089551191344047,15.863596867153728,25.05728819739953,0
255.27521418062764,52.4347507713677,50.28529235005993,0.8663055382062994,13.793494368224955,26.795735489893346,0
238.44321290261533,45.95842840520697,49.27135035620808,0.835045502603406,8.159570191160498,-19.932043970210493,0
216.80278469746918,50.01794872878107,51.02017329945325,0.9536962458574612,11.928770563266976,-14.29096690396931,1
259.80591667549163,51.17707418460958,49.79774245767915,0.8799952298174285,14.026557051803634,18.6981191978824,0
222.03543653282054,33.28238726671833,49.90756241140271,0.9011681724918118,10.179680284269494,1.0967857469515678,1
224.97293328242822,77.10331644334893,49.615146450381076,0.9289393436702236,13.901969231696778,-2.817925898656089,1
235.1350675173443,55.198710181019116,49.685014984072154,0.9819275844613312,13.561619938928882,12.637527142842352,0
253.3124063107216,52.10008308022589,51.13704678457162,0.941510566228044,10.502699016020141,6.115497156418307,1
242.80963964828337,56.151639842785805,50.470184844311646,0.809091845118077,9.023443179212865,28.24284326528008,0
236.22298250542866,57.09410980586605,49.22539877742608,0.9677120726796036,13.769531079033175,5.038479137296015,1
236.94932795177158,48.594465144975686,50.752106450342616,0.9978710030255038,11.64482331005472,-2.041570419164806,1
230.652720029652,43.687588637592995,50.596621137570715,0.8944970050742764,11.303546177580504,2.5690417246905426,1
238.3720927177776,55.99450686321704,49.85939376885585,0.9939180672909201,12.573996116695806,18.5123890018184,0
192.05659883458546,53.85710840531453,50.153348471014915,0.9094657484686299,9.13905892417211,6.760503407113248,1
225.55088811395302,41.90109900910592,49.992527960289465,0.89192319917439,8.852423137375844,8.82288548320306,1
233.61982902375172,64.19035611367264,50.986289952223466,0.866280952945491,11.267212764373216,28.286332802195517,1
212.7347887457074,52.93352036322983,49.601854905503956,0.9315109751666678,9.043420284042588,7.103729065527439,1
235.7948497671734,57.29819362267631,50.073005304887864,0.8459640841050089,13.661695723355585,-7.18288509992761,1
266.994933486424,35.124122169850935,49.843724331143484,0.8209868437028809,10.810810692253316,11.479561620767797,0
256.33213547473235,50.21888821164835,49.28347979769107,0.8054474205168428,12.73324810908286,9.567563818638682,1
253.59529587822286,53.169520069841155,51.09581912752749,0.8584760225430528,12.789921099552302,-29.169141869617086,1
223.01291646322755,58.10027238506116,49.409216710448796,0.8791541664334077,8.296236238322312,-1.9602421928500107,1
227.73743432649957,42.75138916199948,50.110064593743886,0.9104153392562496,9.924644595052616,14.574216172943956,1
228.8907865158741,50.54051662846001,49.129649696809835,0.8585499650374013,10.976887664484833,-0.05751253673226131,1
223.22510785760565,51.255485866511485,49.80046473037845,0.9968119144770822,12.250892061138765,16.777268156123363,1
232.9253747604219,40.439414483166054,50.210984410716726,0.8583490336482336,7.80135005656861,-2.9469782143431367,1
218.62576896668614,73.17636788673879,49.587633010248815,0.8881950776892817,12.329422841940954,28.99929585823414,0
213.0407699759371,35.92706556507598,50.29340092536783,0.8206552331063801,8.973663003352772,-12.426504647766677,1
239.34066835850402,37.01896096312842,49.86547945405596,0.8521253026674152,7.346792737830576,-24.47264351123559,0
239.44294376332715,63.14226575703579,50.58004125619931,0.8096664279577983,10.474510104522423,-4.1992919307541605,1
217.93526360510012,57.13266250796542,50.68088045667011,0.9119017266874656,12.269228089449141,2.5025414924351423,1
243.43033146143898,39.74035182519222,49.70662761963499,0.9502129366264863,7.706806675293041,-9.054376099052309,1
220.52633406252002,56.07289015101693,50.03836642969648,0.8391419628672137,8.478278923748816,-15.463130392922462,1
233.79747857056972,64.6785044499731,50.09172711323612,0.8735821875632142,12.459077432874576,10.32352148312934,1
242.30516018918684,49.69736942403014,50.30967464771735,0.8033232453454322,8.342766003476754,-7.3724940086248765,1
229.4958115294443,75.98822900074582,50.007190998122134,0.9679044111444424,15.054781436076325,7.882111746038213,1
236.82111368211702,32.75938189131965,50.095105479671425,0.9559927049863339,9.029523246687281,16.74428691592655,1
222.25355534168642,56.93823453859102,49.87829676260244,0.8126508061748585,10.056216893883585,15.660157665601425,1
227.05300124857854,61.66528336221003,50.05761993348601,0.8729735218640823,14.727313290418222,-7.481441361858522,0
226.9121085367949,58.913439016052465,50.64897009676756,0.9910573227698991,11.539606459497731,4.073893737010486,1
218.8013248018964,47.95644273354352,50.32304162060593,0.8784054112157954,5.761927229667928,-3.020506533435455,1
227.34838755326328,47.09558517988851,50.35062781972169,0.9052417353448032,9.990059327432967,22.248315162579615,1
206.7707255170438,54.44145171087257,50.36153516206779,0.8710485722020711,13.51726318198705,22.725508787999956,1
222.63269379286842,58.157544866520695,49.92309561105948,0.9192262776256523,12.96390488646982,-9.375505026717793,1
225.72686759945495,56.02473436282364,50.159413521789766,0.9956313751273644,19.0217893008261,-24.495753127276156,1
226.1573037125693,60.40057890793389,49.457413160832125,0.9995005006962394,14.317327133887229,-19.94505100055883,1
226.3775383119383,39.81130042933265,50.634403828158476,0.9549429956022383,9.077417576763953,-7.979895472146975,0
229.07353700209808,47.72229020876365,48.60851978382839,0.8808622196040878,5.318784522809673,3.85499728577944,1
237.19162277129095,40.59984067876246,49.95642580383229,0.8988864401657977,9.512119249820921,9.407220657865757,0
243.11775611198783,46.138872239138585,50.57044798857514,0.8713462656224611,10.111382629462016,-10.117737222839985,1
220.253521597276,60.15220891814305,49.31806603318533,0.9971149259808693,12.395669866091165,10.049947177439144,0
211.95198716916283,51.07983920725229,50.19988995880843,0.9415520611650807,9.92013063364136,26.26439902042536,1
214.36933381635345,76.0685916314977,49.659616776710486,0.8897862890867023,14.373342163927347,9.120847630137028,1
222.6919561820761,51.93406367189717,49.81559836740556,0.8024230540219205,8.92040362179403,-20.486086233338924,0
224.72118023275237,50.596918805797365,50.47297048031972,0.9040966828781097,14.459189406248205,4.780134778657654,1
218.45005900703813,51.061829194402165,50.09902846294258,0.9967856403403236,10.37688109994902,2.513731006018965,1
210.5582500362516,43.62191307140064,48.98282206605782,0.9046121817946104,8.647448435445712,22.242006653905243,0
223.15818758788717,49.421633876224064,49.5117872301342,0.8364853370978228,8.41766265503881,-8.981816687221539,0
232.72139930170957,61.27788027111646,50.48766786744438,0.804418749420955,13.03841595280689,-4.623263396599203,0
238.92544198753347,51.13970668127772,50.2244713590965,0.8709407516248419,10.995184055216333,5.919543329189622,0
221.63865420337518,42.06540270116528,50.874067786262145,0.9836456111393214,8.61102090849264,1.4655187045215285,1
223.80503266784848,40.749153795213644,50.84132379700665,0.9993108216351763,5.261644590382602,13.140995544310456,1
216.09952536729034,45.497981083341564,49.8288774349266,0.9890735949624005,10.211279147017176,-27.576660545250252,0
229.52841244437835,50.7386343441088,51.251618902534744,0.9458839986508514,10.396572954285014,3.8109611524175904,1
217.2735704871378,61.93586535476262,50.01223983492596,0.9116285456881311,12.146328281105733,-22.699686419767485,0
238.596917198618,36.59511358633563,49.51866573279549,0.9181372292764505,5.651782141130425,-11.08746044881672,0
203.21200262098833,46.80173722111244,49.68318006704471,0.9077984018183922,11.50033968083947,9.697611691943422,1
224.60555491321307,51.44310019435079,48.87163744735529,0.9414098609845977,12.59091815967153,-20.555147964469338,0
234.51661008787613,31.662942323705654,50.80350950412464,0.8837746453390705,9.423868162284656,-11.46948986972227,0
220.04027912218214,30.95139019497067,52.0,0.9338408009911531,11.349985494749633,12.18038897011872,1
270.39550495970747,43.201114602638135,49.49224628059334,0.8243224229914402,10.813864003048694,9.048314551610034,1
235.24700036851863,42.040296261495016,49.88605785580905,0.8531390613122968,6.15285539093861,-24.53761984741572,1
214.93918104736986,51.918895450216475,50.04780377205629,0.9672006077617259,14.480157499654752,4.636109609539432,1
228.5680362936639,48.39440390498203,49.519823473928945,0.9807497861486782,8.993208983929005,-21.164732284881634,0
203.35630499800322,44.44713897398964,49.12244898436442,0.9078016475120599,7.668446124003299,-14.863717277130439,0
228.7910037605486,54.279626265526346,49.89482119811154,0.8063271234425865,11.42733128862896,-2.4473232818532793,1
217.50415914498862,67.2307471764625,49.83946028527038,0.9853947141583537,15.922476092845674,-23.439190602108653,0
243.73085413340243,66.39256516741753,49.80579437950561,0.9404128516054573,16.36215580352408,29.618818075114007,0
221.75689588106698,30.772282279376636,50.11135803130048,0.8828055847510722,5.22365815348145,-20.077826336759934,0
228.2485112630713,55.77072183835139,50.714759829262995,0.9196757886398993,10.493227162608703,16.87875770571626,1
220.46663237893395,48.21976709936162,49.84845364015414,0.8859549668882732,14.487519201484087,19.7903307013935,1
256.08277027779997,51.55155342865356,50.08522149936068,0.8930678453464103,11.711175681361526,29.667838193760083,0
180.0,62.03022728683127,48.28334449900756,0.9773619731318803,9.804086049725429,-4.280806928863896,1
209.40396975089908,60.54826280599187,48.594515538143085,0.8322168493834223,9.539170568393136,22.4456712083604,1
242.212276431774,51.51407396072019,49.69278823777608,0.8207338270964474,10.729916629435742,27.452366341011057,0
237.2310009100308,44.210482426510765,50.04818856155702,0.8005457489026032,8.792247065987697,-19.62635130631997,0
235.5309972097628,41.03632452174819,50.273769910084525,0.8628000751224254,8.306791958026663,-1.2338346564280442,0
235.90695947324377,45.51304317380516,49.43582433124461,0.8294827532968855,9.669479910756202,-26.399350868634738,1
201.08491130981585,52.34259264456765,50.63176950539825,0.8439970990276222,12.410402397375844,7.243440721452096,0
225.81674908773866,55.98996341684264,50.71579445260706,0.8022477965330754,8.953091755133903,4.884369411393983,0
242.67736956776483,58.53348977340147,49.638609872277755,0.8454390829375407,12.09542111293031,-17.75242292020817,0
229.26654224788842,45.05809976933087,50.096835009174086,0.8665423163864748,7.655957953825418,17.874165533647563,0
208.92215229794638,52.838445673027366,50.32113912833552,0.8063134992819763,9.490389644441464,-27.763876634187607,1
229.21393324133797,59.62502591953299,49.72719292183562,0.9215808248594295,11.458201725296586,18.373639447653424,0
255.56158274383236,61.65594895144128,50.240806922844044,0.9137600697767516,13.34713265877783,-28.401282530167958,1
248.70337573302078,49.41167145868478,50.081627813146085,0.8194071557019851,7.150524461294428,9.409728728181015,1
229.06993985950953,47.79068275060387,49.266040911180596,0.9190019555036802,10.256279682157738,-25.273829165105923,1
244.2717391558713,51.91124233836392,50.22958065798928,0.9997307837217755,13.536574908137474,-14.926468841260622,1
224.50239469447922,38.502925271025944,49.44992879186448,0.9888937905623081,12.268949570020178,13.314800958710151,1
204.44192619759923,48.06390488964492,50.46960142583102,0.8005341986735327,8.805275983650866,-13.175712022476795,1
216.13301017805668,57.4458639847313,49.66439446243306,0.9590756622660719,11.008464829710965,0.6704309230640852,1
253.44333152762297,56.41947129443701,49.919357283169425,0.8707210552472973,9.731203021731847,24.914896171206863,1
225.89010377256045,47.29732395636111,50.68613945672329,0.8127302740669256,6.240634137246994,-27.021938757805298,1
226.34924030937472,52.17718201087167,50.24819082326442,0.8591966427432416,7.556083796849146,18.66478762414041,0
225.50242705587678,41.753496597093125,49.46026304021273,0.8643473032625925,11.8943589150117,-26.083680085890627,0
258.5620488435951,57.03492148225025,49.492541714600456,0.9046488478618114,13.916537399486927,-22.3923093397994,0
254.38938373043095,49.22178563863527,49.700348605688134,0.932216753453771,10.506819373908357,-22.84085376664735,1
263.281703501722,47.24048548303862,50.19732204167833,0.9498111224416816,9.89360933219229,29.64613699264357,1
227.61432184399922,46.38276163906613,50.17914990746638,0.8491806085126534,7.2529074015954,-19.188820840107997,0
234.43436733120643,49.37106133100142,49.57844884766857,0.8643541140496994,8.785672151707862,23.80571077537609,0
207.25036175868814,45.52122355068042,49.41639525719282,0.861676341371947,10.761814965009584,29.455929776793248,0
252.15401639177412,56.581430360025635,50.14079170254292,0.8725473736241753,12.388951462876308,-6.972913775262121,1
212.48330673098098,46.04716451983819,49.90906996710492,0.9999312617912677,6.888648396134016,7.8629126117211285,1
233.25163345643944,65.92964096027382,51.07860794372387,0.9555886605654852,19.316148694334807,16.745475225816755,0
213.54046208550733,64.65210503481381,50.01830182828154,0.9949980930537394,11.456462576287734,-6.441295089827502,0
221.16699759891955,41.084565101454956,50.907126413850136,0.9386222119094114,7.347166956377523,-20.29115157013156,1
217.44106353425448,50.697042694292804,49.41480820094783,0.8812541403294569,12.334898555993512,-3.97423537244633,1
220.88187108986273,43.49343378663805,49.21339353021914,0.877948836725395,9.264675632846703,16.313258700176675,1
221.9131594527653,46.73352436811388,49.439957433737234,0.897716228995009,8.370175145252691,16.845765764904186,0
221.77596807612383,70.02427467644797,50.59456489072673,0.8833739566728875,11.255799835732885,-16.1676724697452,0
221.70155918580778,77.60719722986529,49.95869922827542,0.9656652492185491,9.055059576376735,-19.50206160655521,1
213.4270581040622,53.60226037077429,49.60891027302368,0.8930004026053386,8.403086623347136,25.233642126020982,0
233.308121405208,55.413212940082786,49.76971698512022,0.8591228720421692,11.121107022560983,-27.360058166501368,0
248.2693872845834,39.9937062751676,49.41550954489375,0.9549720537393304,9.864244519516763,14.084308545905216,1
222.30205453229905,41.44904525590795,49.09418007644081,0.970884081876279,8.648618538189448,-27.21471687319476,0
219.23121663878598,37.93977628591881,50.359205848888315,0.8840857912280903,7.27502959756077,20.27400305165927,0
226.54213062229624,41.14029266102223,50.111510151481085,0.9335617143811064,6.599357706754462,24.32488880016612,0
247.69587812541064,21.49969890682818,50.00524399133694,0.811760906777661,5.0,-12.154852546254059,1
232.91161446430036,55.44582400793628,49.29997173141831,0.9058929703942934,14.259717700676067,-25.563861388998145,0
222.031785580886,70.5419384125607,50.81997834091433,0.8089962275491016,12.345362558449342,-1.158927819154286,1
237.25814976782058,51.47820739036527,49.74832163097526,0.8058381680988936,9.47763116958567,-12.092217795271392,1
213.46561775245365,35.837311406593926,50.26681321240824,0.9225849701045479,7.223808325379972,-4.971831431377257,1
240.2203926566442,43.57223617100052,49.27271929737764,0.8606670764789974,11.24496009524385,9.89912720932081,1
202.4038775088428,81.65298772257805,50.39394877437916,0.9485074324910931,8.38131731734213,-17.410437843076984,1
225.38287293291674,39.82415222786624,50.14568722811929,0.9792165121265184,11.690830537995058,-8.582905829154818,1
217.42121302329153,58.60182638395157,50.163537609026655,0.8278782347460701,11.390673020855314,16.953749417560417,0
216.69978616574815,58.10260044375334,50.07732427161831,0.9449045677157848,11.95448575236511,8.625716997169299,0
238.02226004518866,38.445482061823405,50.24726124602439,0.9029039996576687,10.688844303245649,-10.42347053092568,1
248.43470753733592,57.25081044447508,49.43473977198352,0.8224238500325398,9.33328293162462,9.858096015595713,1
220.44038379456808,65.26812663577266,50.09868630271983,0.9303185212961449,14.42926359436178,15.918775373517995,1
236.87580055327226,69.02558205229559,50.05687884174014,0.9218933606212946,15.934027309641566,5.549134857167246,1
198.69459472096898,78.65212023085962,50.11583634209753,0.9031283734801565,12.242955351368641,-15.63019004993949,1
221.230734040142,40.98007350556803,50.03617260865959,0.9852942409119316,9.854004815755973,-29.985282569280415,0
229.53411600693647,78.24220426395203,49.3633936130433,0.9042159392208033,16.80565515823793,18.170946419296882,1
216.3547487452725,46.457936114912115,49.341100123945516,0.9981030230900425,9.674851591577093,19.358013318969867,0
215.95240437815607,44.07534544619486,48.892865907057725,0.9018457627696223,10.309562547488294,11.85627008366172,0
219.98330665296672,53.27072374877845,50.40876725492265,0.8231704076602736,8.502953821891365,-25.405144117943173,0
234.3828909248956,44.17938665906988,50.4138287548676,0.8940942502150061,9.798892216329207,5.113337250482772,1
227.19006472390438,53.99044140646526,50.42177514561106,0.8364657525110143,9.996818207861152,19.261240276296434,0
196.4265315001254,36.799228122626985,50.153394981230726,0.9194266970434855,5.416539485222096,-6.619900793510062,0
198.189497710474,47.61247397936566,48.93344039114095,0.9386264350387202,9.862922774326211,-18.119955946784753,0
220.89702233214237,62.85582234361679,49.48664475410737,0.8936870557414187,11.993072988220213,5.257637834488243,0
236.86529879080328,49.42938708568844,50.08520770879655,0.8195405935366297,6.649255666462347,19.57839763805267,0
188.78742735912147,51.41595786739883,50.0677590013959,0.8937282797167106,5.073007938408773,-27.067802477576066,0
222.50404735772554,54.75258604717312,49.88862589342399,0.8162908429468801,11.5227185314107,5.817073029644142,1
222.1062821522387,61.7066162931766,50.184458601454125,0.9364251911013068,10.39290700401282,8.590427720360516,1
250.8250666731267,33.447752878105675,50.00582585384262,0.9580736449730175,8.596561216065558,6.142022360896775,1
224.22467282430705,55.84524051837435,50.06038523277568,0.9924760654454078,12.537570759764098,9.002021054222915,1
235.74483477111391,47.31860860758237,49.68046733358399,0.8297604214256913,8.51901150016368,7.882518456249272,1
232.11885710131196,51.66637895311838,50.4910054930608,0.9064840671066609,14.784565400630694,-22.175766901179056,1
198.04150280289198,60.599501697623765,49.784614195659806,0.9135074735070837,11.322548896071595,-15.903793383065079,0
241.52310824947605,38.058133485881555,49.334675458489684,0.9844953067561959,10.560667779380159,7.139640317340607,1
233.2309475818443,39.87355558556911,49.61450049359063,0.9254553281193029,9.176132983289293,-28.938410331793754,0
237.62402959511886,30.645700402861937,49.82576690431901,0.8291019291290642,5.57456976282304,8.084671123394664,1
280.0,44.50841058236224,50.49700139418442,0.8872702647926378,11.37051519084776,9.923197427101918,1
198.73830590752118,63.304323443788164,49.9788660007826,0.9309525057012501,14.629393417822724,-15.64951440830049,0
255.87044974641663,48.7941281152653,49.90692589051717,0.9400568864138594,13.912797786171481,5.887969785188375,1
225.68828720899467,36.59875104345214,49.37566828761869,0.9726147997181147,11.937683026120247,2.045403643425871,1
234.30993356604515,45.14321255424953,50.392741294914785,0.8361014239688794,9.287149618773343,-14.358507110813171,1
229.31731632048135,35.12138296509377,49.674023922988304,0.9903084293510998,6.222011814632437,-2.2215592875147223,1
223.63645499902935,38.74813898268838,49.949986070529334,0.8118278824031185,6.153857736054633,24.577471764730895,0
221.45250607641862,53.888189102637135,50.740091538440936,0.9967524269137804,9.519362660895647,-4.403833172407026,1
234.94263103359515,38.26126673693971,50.254381665524654,0.9715534185732817,10.267578845782262,7.790650612770101,1
207.24239454992482,61.12634305203302,49.18587297614241,0.9320545565524343,10.635406252897914,-27.87895073755835,1
241.2586875128265,49.28879709169664,49.11524488182376,0.9469991000528843,5.150462324945426,-25.33199320067407,0
223.75708392672118,50.855947039445255,49.967844774940374,0.8145384011837593,14.196492093106908,-25.121515601800894,0
213.04895991439463,47.21627032392106,49.3936296925626,0.8082959725788905,6.989751867967022,16.694445817586725,0
223.2498071300628,57.72847838543723,50.324273373816496,0.8203531593102732,9.41942438657455,-8.984586311792839,1
277.4473842996187,20.0,50.91270723014586,0.8174719629328276,15.108126175158684,-16.3432986980512,0
221.96997369475665,53.350543519121715,50.08269238451193,0.909476246693887,8.353713751989153,14.839474107103364,1
235.3768042731443,55.64789105907648,49.646628409178824,0.8430887974223579,13.316176649872567,-19.802396246629534,1
219.0356558642679,47.87910330079574,50.870691827643356,0.9720411274413453,9.019134757581009,-15.210448495783162,1
241.3688277488543,55.42203006909048,51.42129686400523,0.8891497246136144,9.246698731078254,-4.144113403798748,1
240.28261608185306,46.62122224526193,49.860707638121646,0.939102095291655,13.931510043719637,-10.113715859123204,1
180.0,55.89285287453005,48.27039096578951,0.930574618594032,13.843355590488315,5.123532662198656,1
227.36654081751178,47.253562506337026,50.048708671532154,0.863970607785942,11.122397680428895,-9.72956285550914,1
240.02982207136859,45.42781460680804,49.87015656827946,0.8486335147051458,9.988836615165255,-6.422901848466484,1
231.47101309308417,43.1088820227821,49.583964766133604,0.8684912570593271,9.864405577966203,21.773196494969156,0
249.4380767279452,54.67690103858885,49.45751600625976,0.9593316747699675,10.61952999121079,23.071886377680144,1
219.21751418586905,63.10605912813463,49.43220136723724,0.9172553696839237,12.91248976572844,19.662671448804453,0
241.1750796931592,61.711019716695596,50.202620012774574,0.8507077325038351,10.803693378661684,21.889855962277956,0
227.07954055824976,37.43434664054565,49.74016276089818,0.963569288612086,5.413011231475501,4.183720160347022,1
229.03717734337255,62.892030514068736,48.710853574929736,0.8109518772220614,12.50335473309447,8.77399288508304,1
231.3762872667256,46.81841498382071,50.22242911029916,0.9398366749980591,12.497240637890442,3.43038999329643,0
233.78360594640017,56.00733015145592,49.98086935876792,0.8878201611498622,10.858020509153857,17.1352850431752,0
228.25656435317063,40.937846679527894,50.67333650070057,0.9462580772131777,8.418124068944406,3.0600291456866557,1
233.2206977475579,51.41979913874005,50.186561198545505,0.9854922560486854,9.5418809355148,-23.335382126953167,1
253.67177086343276,53.13723182896907,49.26066320184485,0.9500068195893808,12.819971128249522,18.574807227411597,1
244.78174528422826,35.15395208080347,48.88516167963501,0.8883930710622765,9.164815239900106,15.635110240652182,1
243.03731888745344,56.08267166344189,49.64026380783103,0.8301951363027762,12.898766407224324,19.218035716957523,1
223.16690710964193,63.45935007838315,49.687446289653174,0.9612701951610867,14.70388669809488,-18.57423219661429,1
216.66138757657512,48.25352054318372,50.471579600500085,0.8921411053842744,8.090182723480376,-13.702976837101978,1
244.32950837356628,63.60168130828013,49.995564533855216,0.815062464691426,11.36562313344325,-12.254898164188198,1
243.1407018879469,48.103065065475924,50.566844249049254,0.9438110795553732,12.629446843103509,0.4848321711404182,1
252.09006013626473,58.49584531046617,49.33758347214868,0.858370393183318,14.281717521259374,-21.967374950192415,1
220.94029061046155,27.814300340489005,50.48263219219022,0.8097776459010371,5.0,-6.877094803507958,1
226.55677016959478,74.18777779313464,50.36049457671546,0.9805502029948155,15.628492311995695,-19.070510335258223,1
205.40773756211848,64.95458245242958,48.9908829442844,0.896620218418782,14.297356996802476,-14.114237218035813,0
224.1129334090869,47.15374495746321,50.66130892063039,0.8561922106346044,8.32813997973493,12.383258073505644,0
244.9485576586917,30.27910973356182,50.04672924588318,0.9432773115769824,8.487986494087297,21.288669379036868,1
223.00256931157702,52.88028368305489,50.19602225193425,0.9771804755365128,11.249654924381725,-28.62564800416897,0
239.60719692801234,35.56074452926243,49.56755194378579,0.8000614150067511,5.0,3.9538178013000262,1
227.14245341003283,54.44853537557488,50.63762350646098,0.9375704370084308,14.82009595538426,-27.836414276263973,1
234.86085542332341,54.11565719164282,49.407073835380565,0.9534023388036843,12.357537388106852,-24.88504529930698,1
230.8340704048354,40.749856962136434,48.0,0.8419854854558986,5.849957813174841,12.305042076846547,0
231.2781417445085,61.20967023614378,50.41030373795434,0.8979247662820349,9.929823613952191,14.136486390126997,1
185.13296043648916,58.05574702806173,49.51291628591389,0.8178571797835872,6.210353803068119,18.838840390367928,0
228.5944406833384,55.33177468245422,51.741520468413945,0.9493499765030695,12.14337357721657,-1.5455092937817057,1
205.5429013442729,50.08857703668895,50.11576424010876,0.9694912037126705,13.831510435350879,21.588448920971288,0
248.08991774820225,35.844759330862935,50.326946305135515,0.8216373314649321,6.137269761633879,-19.989702501502542,1
241.66111029146768,59.778722722111375,49.23643960233212,0.963292050686567,16.810812067284193,-15.017015181899842,1
237.0000647294912,47.296286008642085,51.05886500150428,0.9543140340969067,10.435591335586269,-21.92987114388172,0
252.8150934073907,36.102198568073305,49.38772152988746,0.8693826640741795,5.572711893030764,17.852235634912596,1
215.76625218762743,63.52039365974326,50.51244321638296,0.9380579059867167,11.910183983160774,-16.279492896802864,1
256.2104479687334,70.9940752050251,49.50261414103415,0.8000096247788624,11.989738270831275,-20.669325434502262,0
243.98287346390578,49.587518710207966,49.69050559857616,0.9863595308931997,10.221539111111877,7.386641255283372,1
226.4516706917158,71.59121154603292,50.394377021942724,0.9100766470616746,12.982620484451724,-25.375078418359536,0
247.03430220774416,50.9131472861135,50.51377635683758,0.9240677728123999,7.8146641468467966,-27.305983366789647,1
213.4055973138255,46.19544095833649,49.36435787544295,0.9329318827078197,12.222775783394399,-23.596941086852468,0
180.0,35.79844806679549,52.0,0.9122738034436734,9.097332102570672,-29.985546960769945,0
220.87115415140448,66.37082407992742,50.522490247566594,0.9713527775078926,12.86689259707972,11.819409253307548,1
222.06533437903977,42.198561186122284,49.531023295577555,0.9219403664303087,9.082868943671672,3.73411930286872,1
214.1516353585962,57.35269309974987,50.799323796795555,0.9815519982480945,10.38463068286547,-17.407493457736567,0
248.34624600642988,44.408361649407915,49.27157118587598,0.9164663244468018,5.0,-16.01970312134425,1
226.11718399445252,45.396932374256366,49.687613708611195,0.8342244843961134,14.476719714448558,18.658115908202376,1
180.0,58.167712768589304,52.0,0.9827125111678606,14.322345701325261,0.10920695161802385,1
216.12864694360096,71.28988644434625,48.0,0.9363254996719553,8.401206354181523,11.911701424904379,1
238.5844992121235,20.0,48.671266474885336,0.9398477988871112,5.0,-2.8346729235050674,1
234.05086037587134,61.32804697174807,50.120538039401644,0.9970963501143204,11.323903920334592,-15.736918438752463,1
201.31617536870334,65.97397293221623,49.90646286503864,0.8150393108419158,14.134032713327338,28.224168040974412,0
228.97048930871796,56.446898032842334,50.41620026929528,0.8857185214190343,14.45150012094841,3.9388538025238446,1
209.47527441750785,43.452302243760506,49.88581960367118,0.8478190785973231,9.223434422517009,-22.141085773925255,1
259.8091399884621,44.893915007024205,50.115770534406906,0.9260852929427315,8.571565356710433,-5.634597468965595,1
243.6704408326208,50.799152637400375,50.57323593874395,0.9613623367496144,14.919933163832425,-10.239755283185957,1
280.0,61.48106642729663,52.0,0.9932621417784826,13.1390830934103,-17.15475188468872,1
248.95560016482003,40.121340898602284,50.39300864540711,0.890919221390944,10.208735405039366,26.00639935441557,1
217.30526033801397,57.230379395798636,49.42541019889161,0.9572436461285209,12.797066591437511,22.855199727585152,0
238.1521906800514,50.85513329639599,50.26239628775066,0.9834103184080759,8.89636506227706,-18.051173008793015,0
232.9971565057807,32.84291681361871,49.56075060451525,0.936665086507177,5.0,-8.871126656668995,1
233.96030122000505,40.7107351753927,49.35929251011099,0.8485465104899543,7.061711106502139,15.7389235002493,1
249.08530250160152,44.95871326348336,49.964146826857515,0.9215708302215583,11.60754076106838,-17.489637111587058,1
240.98738154169703,49.27142311158945,49.5478524066742,0.9939904095634373,9.041570453724084,5.493891756254669,0
234.33085494237534,68.89278795503996,50.39530885941999,0.997510765772313,15.75282760568976,11.987636527488995,1
205.17668845657556,52.38171306139628,50.40726772984766,0.9284719647433557,9.625539383047105,9.238339542645981,1
215.59930557080804,41.592281101013754,49.04868688178428,0.9773975515743979,10.350064113005502,12.384518416530035,1
228.15936599606414,52.20630804307163,49.58584873021155,0.8400698727697206,11.355716191846042,12.40197534172578,1
233.45330403570202,35.148379291800815,48.00834533377506,0.8492157209904434,7.113114734407089,27.888355190935705,1
213.04694412989113,53.24758239533542,49.768685361703554,0.990577522576972,14.13071625515353,-9.210066628780822,1
266.1751501336763,55.80567687035615,50.22758783493441,0.8270470750989616,9.958547414736742,22.71542546255037,1
280.0,69.09120310074464,49.24997619488278,0.8382212876186959,15.339168830897936,-28.691576249093593,0
239.03177480588727,49.75713504329974,49.70512037966643,0.8841097198240103,9.414901248024785,-12.707822200603008,1
231.08055291925618,66.38960527599833,50.65008826340657,0.9179168575506701,14.409932655983297,-27.080653080052105,0
226.81686545148273,59.08022662536192,48.84757141370186,0.9207634437936544,12.790565834432627,9.072237597350416,1
215.72122309966647,42.92560455187812,50.618435946759114,0.8583952017331129,8.344123475325832,-23.952577756102826,0
231.16220777778292,72.09855665748464,49.727855853422255,0.9841227795900697,17.75084284816741,20.74241181912278,1
233.86628810214125,53.269945132700975,49.96094549494361,0.9830199815215726,13.029425508433192,8.79550102741559,0
266.944889209978,43.169348693256794,48.846494432808925,0.8784136106104745,9.300365847485013,-28.27107593678366,0
235.01264625867347,66.52913051230422,50.77144405276956,0.8868583538860595,14.7954361395008,12.886641926077381,1
227.67111426762878,70.77777585198444,49.38451075159737,0.9404994233647823,12.626349005752871,21.722096835417666,0
201.38288663183914,49.669747362804394,50.005868184860965,0.9325991792797802,9.86804930125719,9.667260459728965,1
217.09422483830747,44.96349739624404,50.26371932593,0.8764594029921925,7.427657049802805,-28.16854704389807,0
223.79591699867532,48.27625042546338,49.194498616057416,0.8828488503042007,7.319798507117177,21.47517290762439,1
258.31531486010283,57.147317275176995,49.54005091477692,0.8696077886843079,12.257494092665656,13.9478347760421,1
238.34829686800637,62.77856655030514,49.92591073325089,0.8470770013906617,13.041423643805777,-7.292921250960948,1
209.96777646350162,55.70487330863573,49.556667482657815,0.891627672584828,10.928030950514463,-10.282184501069842,0
237.29054434126456,51.0172320847177,49.59220411439043,0.9372868263805081,13.458756429223516,-1.2107891155535953,1
206.7904401659245,64.98011770304427,49.82506866846178,0.9483933410628587,15.358432917352756,22.026105056272257,0
246.2403658083061,46.87163526948478,50.32479066582309,0.9557747296511925,11.70381597703524,-14.876438887826549,0
222.93313022273182,60.30919338366907,49.82864111156093,0.8749464026906243,12.79779474707952,-23.94217132552793,1
228.59545716891245,47.11937201648721,50.53921309723647,0.9529271988569947,10.454858396667037,21.878182377662995,1
249.88694971313285,54.31022958010893,49.501121108670326,0.8013032631383751,12.409272141997866,-28.422609067156625,0
210.69254647123626,48.86437435209549,49.374038869763275,0.8954099875433764,10.192543967059192,24.659821334643873,1
209.04322722330514,49.44147817347189,50.96317270286057,0.9587808800265382,9.800413622035922,-11.65528834191596,1
221.24601010480993,46.2261348253779,49.671020936167245,0.9260089441282706,13.774580757343426,0.49336210129606073,1
245.57568276528974,63.448540311806944,49.34454399646392,0.8948126248309015,12.850083355912016,-22.062268514866318,1
207.20980886784736,42.67073961891465,49.128973029114086,0.9289284013212699,11.122309151356099,24.135298162601117,1
187.51766602834147,42.59767747451291,50.53755172690447,0.9813892006297328,5.130571544917377,14.990173403064283,0
223.23261712386503,71.20993565845109,49.829347742669974,0.9132763601220415,16.145021414464882,25.449335196482053,1
238.2761119986638,59.77847564654331,49.8731451324668,0.9599572382920213,16.5465590629094,10.993743067089746,1
248.00392624608244,26.148863013069636,49.920399144206684,0.9961485450450396,5.0,-18.918373395460435,1
223.052579568719,44.34741260789596,50.50647144233489,0.9411136404151134,9.587213552317083,-11.503979820825041,1
188.59772641869716,44.019600887809176,52.0,0.9146651527778127,7.957585610762292,-0.7890854937915996,1
247.3085110138362,40.49309306584745,51.172026889416315,0.8074971894250681,8.590435453464377,6.435492321612415,1
201.9538745045687,20.0,50.06688028702712,0.8748955796509176,5.0,25.58756624017642,1
224.17218837225485,48.63010422306058,50.53089238347916,0.9130885467030236,10.226496533638198,-6.96291205265166,0
232.85635834887586,38.58058180838688,50.402619928952205,0.9594413143412065,6.430869695616483,12.184321314428757,1
236.7382808192755,50.599052567964385,49.98177633987098,0.8876209579295152,15.368665392489763,27.66053093464931,0
222.35289960213677,33.74878741117475,49.70651450698977,0.9920116551529548,6.437119348295859,-20.857556195072817,0
230.51661517558762,50.8291185317204,50.165981964283276,0.854358750524735,10.878806670071373,21.76257532677289,0
192.67508969880515,45.85083721879673,50.25504936560364,0.9489134390420633,7.089320090159766,-4.757635776408083,1
220.12627381499226,65.01952965188596,49.71370697593674,0.8838062834168255,8.097757050173254,13.945306555760205,1
236.802630688317,64.11356861745625,50.083169432975325,0.8971976989131812,11.772464524294364,-12.387699675774979,1
219.5168190003312,82.82888840130246,49.29360351039474,0.960500406773088,9.06672259398975,-9.960946904039908,0
230.88476332384397,46.73386219338787,51.03497386953484,0.8592430523303412,11.454485081697102,-28.372006507916034,0
236.70308751204047,69.85380395260293,50.42718466017471,0.8193624113190286,12.334102764482918,28.284249190017576,0
224.86176198713352,34.46964722160179,50.93137984319014,0.9040511169226855,5.979032194911998,18.807154513847067,0
232.55695656494856,35.96441370436337,49.68531289439677,0.9057589223607497,5.446902039488672,-24.36492252442677,0
215.55901152073082,49.162169001109355,50.350941126029646,0.9594335544450747,10.355522588378221,29.970527739826466,0
226.9008308045593,72.5403810892112,50.669259754290636,0.9936638412464204,14.922265871043153,6.301475832176486,1
239.15324254383833,47.97661093129913,49.551833333514004,0.8110601372656697,11.290620502334244,21.22371827786298,0
280.0,20.0,52.0,0.9183378947486218,10.882071346439625,-26.000354203327863,1
221.20203095654097,35.58089643888191,50.86895238091763,0.9362557060629599,6.225211276119076,-6.632929290484579,1
233.3632460643619,59.45929585270378,49.51245057210653,0.9971602701497043,15.5366773964749,10.179067338216598,1
240.71914685954926,59.53176254329354,49.329434983672144,0.9885180428553824,14.181774694940898,-23.61397687801791,0
199.25088082133783,57.8907520139991,50.763990786819754,0.9424901529423955,10.914413516416513,-0.6658296807599626,1
247.38611097433846,43.70779327152638,50.59838161249022,0.9043578822488932,6.853281567314258,-3.4393275273515087,1
224.95617891978392,42.93293231626994,50.21606012199189,0.8323047844598523,7.896250983269539,-17.037586531585216,1
236.38234899860345,37.0687774959503,49.97714462267709,0.8768353110408835,8.326275128349149,-11.983809848891866,1
247.95870385467842,50.838725017609335,49.780737747197506,0.9170244650114309,14.227056347019563,28.027101269698946,0
247.14491600749523,43.50653354610344,49.02609004921075,0.9450400793191508,6.253671397580581,-12.68109083940384,1
219.3583849635868,38.22583494750711,50.78990347870077,0.9270799114958225,12.329928243700998,-17.19443196189534,1
225.67176956186444,45.76309283089324,50.11928306307104,0.9428245603655483,10.85069895749048,2.1725502641000034,1
218.24369718313358,45.10843824815784,51.08347963362348,0.8858305009103795,5.681851842680988,10.257482044217873,1
256.02404863755214,44.62021471178045,49.551029007179885,0.9455254581142019,9.111142905866856,13.50558666417389,0
217.14841859259812,54.66444596840261,49.99015962283587,0.8287482512039439,12.679487033290917,15.25483106981497,1
221.666798307697,50.79047802150279,49.813470666168044,0.8325172623526228,11.859406039283597,-27.790050509114813,0
233.06583547404466,47.11843969488882,49.45742922841883,0.8325664291658926,9.179180480867466,-6.3743759772262045,1
211.96775710885868,51.83012928311482,49.923458133495174,0.9781729914071552,11.046353241622413,16.437484786985408,0
224.06478932365604,40.08472958895368,50.20866465083022,0.8152068126617269,5.0,24.291126108007767,0
234.76179891875262,51.05278623909678,50.262115089976014,0.9603016745466952,14.152335303315207,6.132007399966994,0
225.00709393426234,51.50602492844634,51.08522608947228,0.8467141796093475,7.837223568679866,-26.86158878941886,0
228.5991971165008,34.96953140642519,50.23223373486178,0.8936859880990502,8.83361409090026,-6.2012516486921285,1
222.06001831327444,59.95693754370362,50.57506840183981,0.9831913190931356,15.794331959060877,-25.546373047892722,0
207.2829453622885,41.185662947730044,50.03304712314949,0.9171874459375013,7.92641877457444,14.912271761075075,0
244.33202285294766,57.603367592212095,52.0,0.8420235372464717,12.000152282483471,-26.189671843100086,1
256.32399607470865,61.6441174053527,51.199224642794036,0.8568180120637614,17.233746446182444,-18.856135995889364,0
230.27602446175158,59.256767577138696,50.265542565487976,0.9840893247791571,13.964242726267353,-4.982494562113548,1
233.37896175871325,50.34333388568835,49.50367049227421,0.8854287850219957,10.05236556395278,-2.241097973107678,1
240.39084132675288,46.37500997117932,49.72559748861141,0.9173970966013579,10.093554235940807,-5.611097981099263,0
210.96004255179952,59.47511908575567,50.14096715160258,0.8919864393250778,9.705665349150012,-2.196201203640001,1
255.5377198719441,56.7469497780862,50.22824901762532,0.8756876176096899,11.167166434447363,12.794349121211987,1
233.03493194634203,43.8163497995587,50.34921256719218,0.8446558253864804,9.509374629283217,-7.8438706226675095,0
254.47785348633664,42.0510635299831,50.23009884061502,0.9372383000969204,9.701547748121504,2.8650275490371513,1
219.00450506714017,29.276448183040017,50.00349245812797,0.9436484052544241,6.7055043407593855,-11.797844548276068,0
180.0,93.19722368821813,52.0,0.85497701832148,8.356973848170389,-8.782350294571042,1
241.62733241052175,49.17302254981601,50.20056913063212,0.9578021686109661,11.194933128957139,6.82793754252485,1
238.2956012877854,61.36191374642542,50.927493678740326,0.9709070400603359,16.25710459699466,-0.5703209017787998,1
233.51036681529723,53.590550934803666,50.509964302713875,0.9841350192479261,10.077567089372385,13.382177691556869,0
226.27207072888325,63.342291941726906,50.2673519748181,0.8322424827836741,11.961244414858587,3.6323152831049867,1
248.0079748771081,43.02635772083829,50.51478346191138,0.8607847367226533,5.476111875907813,18.21444512303237,0
232.1053980477207,61.381503309676184,49.81446798554958,0.9720706695007392,11.238145649517218,-3.3955072203170076,1
200.49395444619273,44.71083620895345,49.74586742695834,0.8397080405655788,9.142676558136053,-0.5379828079919093,1
213.24220307439498,57.77596061792272,49.626107447817006,0.8006936918486991,9.246196387940241,10.19828093405637,0
227.2123137171088,35.41241607469306,49.93735668861528,0.974165462050327,11.482414490287972,-16.725363335277066,0
234.64998474748333,52.351352993661884,49.78899705164546,0.8652898883502739,11.494318497102793,-6.8442277841243495,1
229.15117266650157,30.1531205855409,50.60413737032607,0.88289950502779,7.161694004961722,7.490474640702466,1
248.28456184690495,47.32862514058245,49.762338291158905,0.8892668051441276,8.29678074238952,-28.267423844055816,1
200.73347203942063,54.40353993877913,49.59863914188754,0.9696549201334457,9.819013882416732,-3.7817139819635024,0
232.1538190475774,44.790314487689045,50.971288589415316,0.8675784289186921,7.556018583667142,5.93099617836701,1
202.7303116191927,39.49562371244033,49.77431238445933,0.9784559771712964,5.703574492472615,28.04253191869187,1
241.39568443226253,58.461184692959336,50.07676422862517,0.9233878276096096,14.358891692534216,22.62099369706027,1
229.85026325681253,53.66131831084112,48.0,0.9054573448067369,11.863505665428953,-13.155482823440511,1
236.29414958036176,45.10429352969329,49.43165344053959,0.8651229014254925,10.018251047012381,0.4326062417354848,1
217.0417555911535,50.41895921154276,50.61774188475153,0.8487423392562372,7.6316695166015,-26.615137640394522,1
249.19197397486627,76.36669141945589,50.31855952020561,0.9248116885554698,18.26059559688666,-15.554735110931572,1
245.62586996088277,61.53502849781544,50.77919200594039,0.8893788320113153,9.617243962530829,16.491352084085406,0
238.75316454517832,61.6257366818784,49.66038903139095,0.9821032019864013,17.096036519816852,-22.601159263479325,0
228.0572412970484,54.35546318992364,50.04956289623808,0.89832774322281,8.539511377262178,-14.538568509962603,0
238.69785927942698,51.66485272577147,50.019677877497095,0.9023589833402382,8.887234472245666,26.642550104148476,1
219.39661148018976,26.03917711669584,50.131944247175014,0.8833446562272002,5.2770506079856485,19.43134802954748,1
242.83333488531068,43.21019653536868,49.27269262571142,0.957852599398257,10.45894779268162,16.909662758934722,0
254.7422134148588,45.19425586797526,50.05541818934611,0.8849678396218541,10.043035568867824,21.873449418129404,1
246.0591583996878,31.25107935952467,49.28676804428813,0.853868399949951,5.0,14.976341194941234,1
219.05596295288885,38.42584209784566,50.17916703559846,0.972406174858702,10.451837294874906,-22.764827032905902,1
235.42125975909653,30.19163529077366,48.93567543774074,0.919365644273048,5.0,0.9936795891138814,1
210.6028768436203,49.61676164302627,49.07420658285471,0.9183020439538003,6.6291974639506925,-3.3453647518606786,1
238.58585466763515,58.18765970848816,50.409274358219996,0.9221644414327853,12.588215181698619,-11.330905303777193,1
236.75905119293807,61.067745186243286,49.726580772402606,0.9437679496411333,11.116851262893693,20.042424583176327,0
201.95275490701755,54.14784462079241,49.50607096318388,0.8626135978625133,11.878194544331386,-2.1516478575459814,1
212.57324234131454,40.36603658801431,50.635422810537776,0.8067688741666006,5.0,-26.38214391854702,0
225.7529165488435,30.679348414800405,50.16381310866421,0.9621186321754019,9.777642137144362,-13.502064976783906,1
225.4871037928876,32.43131300598498,50.43604509776689,0.8257810107763275,8.109051085192409,-16.282736518233293,0
211.85784596871792,37.310174227455015,49.916878963839586,0.9443639474421088,9.934792044970001,23.248733088677014,1
259.1558926485309,82.74643526937672,51.08999513687162,0.8164630596574658,11.690225163463754,8.84628603833999,0
233.77210413410768,48.40251502008413,49.697743069720104,0.8750615684056985,10.063915563340714,3.6225759529245067,1
227.0859630203222,39.85835781873032,50.87224777467994,0.8126052139663077,5.329162904113395,0.3989545007223043,1
218.66312749762454,53.38975893668261,49.969316979950044,0.9044427359255449,10.35278489776427,9.00678165248793,1
245.73060689624845,47.677264972005275,49.172744802543626,0.9306271545563151,9.769676212242654,15.292532806627484,1
254.83110669632444,50.10545711741025,50.24142437287406,0.8342866282356377,9.234147107295701,3.2630823498905954,1
222.74657774230195,61.40250552671205,50.157381280727584,0.8743255236876805,12.260030152081557,26.297124909156636,0
220.8174962426777,38.197682657996296,49.474339092880385,0.9860478982086107,7.693626193157764,28.610050239023074,0
237.36811498117996,54.18704578292368,49.53889036143264,0.8884778234214914,9.923428428064817,29.720538996529378,0
224.62955930379522,49.86026771523927,49.987651178457504,0.9605087137953113,10.266979220196426,10.163466605318682,1
227.9090419900515,46.66513719030305,50.17487390762399,0.9854369490120418,11.578479669568255,25.957228005352704,0
241.09479727587006,58.8525632086596,48.7646683585603,0.9948691649954573,16.02907955116072,-5.731218281522718,1
201.3596586873906,58.79014154557007,50.5265607262619,0.9796644039382738,8.391382978994848,21.575543474843116,0
249.77453487279004,40.53509204011572,49.752751013092514,0.8634810658317938,8.13602737788273,24.550457924380858,1
231.0902078649401,48.17839416142076,49.33412625780091,0.9925145772322386,10.767529343420765,24.24842833993653,0
223.8276028315673,52.812116825840654,50.47053327572596,0.9624790483492094,9.01224144305085,19.850776974502892,1
228.66148768667827,47.26993251977416,49.98819101029077,0.9674351167278976,10.217413890061385,-5.604050301524975,0
229.43644032530779,55.850213322877984,50.608082888391124,0.803034596834367,10.586136076857306,-20.46555108115594,1
204.03198044832612,52.811920179102756,50.218976131489875,0.9908477726636588,11.714371571631323,-9.962618619333249,1
252.42407341179853,68.32561240356013,49.99924274852598,0.9556180447697482,16.63588856578403,16.037314157885575,1
230.61988448405927,34.69720864070212,49.923635027509924,0.95359349930158,5.86862881698683,-16.026869320201484,1
236.64503195671062,48.775640102526026,50.24135638027807,0.8163049461857173,13.446270435618796,-1.303676110441657,1
244.27324655861065,40.91497488487809,49.793234370595336,0.8465137082146663,10.118678716762718,3.9239710790803244,1
214.6825631365955,56.04107455439044,49.57371370562675,0.9924523330275798,13.045674720793704,6.231513746272519,1
237.10207848552844,33.828281099544554,50.30495456132732,0.9001354149610953,9.229428828616365,26.14353290272792,0
225.9853836365181,53.46312710224887,49.927756079277785,0.8795716036474512,11.116101562007884,9.689581224859054,0
242.70156162824742,43.69951568651659,50.016783824034505,0.9679881634293828,12.839026830209027,17.177928964638134,1
198.09158869472756,42.65838133878986,50.5446899180773,0.8174680828227889,7.021567080638876,4.912700873498004,0
228.51358549638095,35.53501796459312,49.943061696132126,0.8833884032542119,7.176815790973683,20.014819131717793,1
220.95769016324058,45.34924053798994,50.00751696277089,0.8751401548844168,10.039591856386677,-14.18018321581423,1
236.48394425951233,60.84500530290926,49.70017524427453,0.8699702774060786,15.670601571130641,-17.407339699872644,0
237.05066281052302,49.7481131647052,50.21536996699093,0.8615384487306147,13.184067835828884,25.579202925478185,1
219.3856115776696,56.27680417874475,50.17491395634004,0.8420149913580156,11.581482652852756,11.608852581442704,0
219.31739203735935,66.64641821966275,50.45038756589528,0.8345821605981045,13.232076334376426,10.29153462349327,0
228.34001947164006,52.63755584822576,49.71043558149656,0.9280812233839348,12.54693483656152,-1.9622856822930075,1
216.5503665902719,44.412004279376596,49.77109151520491,0.9838789682417357,11.433634646291797,-7.398164442389369,0
242.62975543178192,54.6725221518279,50.39606869957274,0.9017703290499763,14.559610224217899,3.3414716687183272,1
224.4618919932883,44.55703853685708,50.126106501681434,0.8595949104693289,8.12394755448627,-22.766019034699973,0
186.39517671017538,44.955773167028305,49.54689093690365,0.8318320395444453,9.606491832403556,-2.7172463350135345,1
224.37766915067292,34.80107200381015,50.65327703386725,0.9660286730105189,8.229305707611386,-2.6779377320711433,1
214.42184268734042,59.262574910843924,49.150774715799876,0.9942984112946427,13.936602585863712,2.30019077665591,1
205.53086276808583,46.139974243505606,50.392142376631874,0.8698310802935704,11.012670927111863,8.081136862032139,0
211.43860042666142,51.82098245815862,49.3673939820009,0.8581900851104258,10.897275505537234,27.43910195912173,1
231.64112707749456,39.64038071393361,50.94289425824277,0.9202985905949883,10.282487956454132,9.130147625505415,1
249.92961242372346,54.35947629715472,49.22770013654719,0.9550657961906852,12.196727757892441,23.02350911720469,1
234.6977671079747,42.38058761864916,50.576125325936374,0.8910805607099329,11.85987108600919,3.3782316881498247,1
220.9024491767639,48.58291278298176,49.959182819994375,0.9260146299721899,11.32944060692993,7.615672957649387,1
236.83856292756053,58.77826031239126,49.816698715080626,0.9433098136046584,13.383908395731298,-25.809782813425823,0
223.11364534671512,57.907593122325295,50.09269832823388,0.9921184575712358,15.020293643767904,-22.004176626935067,1
256.1687050130709,38.79485420897034,51.70620731266957,0.8330074661040168,14.280995605472187,4.780226111852372,1
212.68455997650523,32.31868967293282,49.547799748834564,0.9994764987650739,5.0,-6.257227802518244,1
203.7225678987242,79.92810570060641,49.59210613741571,0.8784313310482458,12.696171736022036,17.92863119193011,0
224.15114440160832,67.45858970273136,50.324802432556446,0.9446400285453107,19.654436995172325,2.590672492450558,1
232.370802348802,57.226748248882984,49.1463285231752,0.9144828755945995,13.014023301413683,22.93746233708027,1
228.55064494977665,42.46796218409029,49.70788545340396,0.8973337234017681,9.091332395095861,28.339900707737478,0
223.7604960807896,48.86407838298035,51.52034347707972,0.9396150737463174,10.042839184931257,-21.141888892710902,1
215.81380908954827,44.56579570223483,49.51599351770536,0.8791507700447191,10.872468611693304,-6.310334900662408,1
239.12369287527451,62.638559390963884,50.57390139587988,0.8252219962673614,17.582969759751833,9.898861514281847,0
210.24302120080122,52.62502890851834,49.70702461564309,0.8977786766242479,8.60268665824802,-11.670674675979019,0
241.64041870765215,42.158361416401675,50.25452257239857,0.9043831741364637,9.019346354067958,-13.978059736710293,1
214.96674471609913,45.29244900875218,50.32717784529811,0.8403804306799879,7.4808008286974506,18.8243136377302,0
218.71347143970448,61.21188142569905,50.56447836759148,0.9871238712657314,14.681209185114305,28.82270814352458,0
207.99822214076485,66.00097846820478,49.899873086593615,0.8454951293292583,14.051816876296101,16.42819987484888,1
222.47896779671544,65.28331563486246,50.99444231937743,0.8818455188168196,16.04993510545225,1.4205973682468134,1
244.6296868771697,57.57032065053978,49.70533171770741,0.8309859373689447,13.236551821715356,-3.449326083281118,1
237.73442132665934,47.47375131197363,50.11711020679978,0.9071593292373888,15.276997125627208,2.378863231821896,1
244.67633168042053,20.0,50.1226384661088,0.861527521620018,5.0,-2.2296178687358505,1
237.83213818900904,52.97160023808222,49.43901594002529,0.8978545039952168,9.642403240924835,0.17328340714008306,1
213.44495257204446,49.981712411558995,49.85706387251044,0.8449233832916404,11.952622091919258,-17.79281696824634,1
225.03816163508665,51.399820963213536,50.080756749619205,0.8107550255897432,9.62360414723343,24.224516958559654,1
218.29701306323807,50.53897347033207,49.78393947843529,0.9558453302164511,7.793489603681261,15.27210009139609,0
249.9586235605856,36.73737838050843,51.22046198272827,0.9282172567919317,7.891530254548787,10.858645361593204,0
212.04817030360533,55.574085568511855,49.580688163200236,0.8681478711422026,10.741904462226609,26.995498258468388,0
243.40546534083666,56.3221631403185,50.58971223407021,0.8094988449364645,9.805022213933011,-12.93634008522972,1
243.39430805163153,56.823387820596594,50.428229906574394,0.9731150125394242,11.429335257921101,-25.130435346383145,0
257.4443030257413,59.46577003573387,49.99306893274787,0.8339590009871359,12.351923251083807,19.5683196213199,0
223.85470111055753,56.040516449216234,49.56739547307388,0.9861484436562856,10.24209937199093,29.905017818955294,1
240.68483239370244,45.899705884610896,49.61587233980411,0.8957190757191917,11.165595869360871,4.705946281211965,0
264.22477754808267,49.2916315208391,49.741016350391746,0.8680773419816967,7.4182906978905265,-26.471436725239087,1
220.73537484599456,50.911248672533766,49.10712935902687,0.9483518953781928,10.838346480282697,16.82808240929647,1
206.9743962870146,51.07699449106619,49.498267287100354,0.9753678812150371,11.350248226812333,-25.575057069249507,0
201.79984949138355,59.982176559717296,49.25876174231818,0.8741427127291421,10.399885504109474,2.400839175556875,1
240.69068043291998,56.43668753022491,50.672937501588855,0.8814687504340375,14.160127540115901,-13.348051547368375,0
201.75274687912125,70.77343439569952,50.30923119619411,0.8866316438694395,9.918855635614468,24.901606835543724,0
224.41521420593116,72.06468979884673,50.39298704943273,0.9844646122957338,14.51898909221125,-2.9201272044309015,1
236.55969780558442,50.79649582613925,50.294415975770974,0.9385127983028665,10.61747937160013,23.9078009087132,0
232.77763305244872,20.0,50.08348381166708,0.8495292234091312,5.0,-12.055134884725945,1
236.3816729627626,62.368324661272666,50.73034016606457,0.836999939500396,12.77667838897877,-6.758244970718927,0
233.3343478370128,44.59623661012945,49.69461867213413,0.8460735326849632,13.090832516838937,26.82715129482483,0
249.1829871997009,41.98516078168993,50.05333482768352,0.8527127778371035,7.30949886903334,-17.921132944101878,0
215.71525428891803,46.01554725010633,50.37352941391206,0.8460366982668004,5.607998612160642,4.710069099068704,1
219.84507292312202,45.533569531853935,49.339395384071935,0.9317012894384793,12.90481618631394,-6.68938028639332,1
218.41010832093764,56.12269810105393,51.548294448071275,0.8231867021315014,7.228711625264587,16.45001310412364,1
242.45287717793914,34.405642208737746,50.014282881388795,0.8774716979415922,8.685772278130807,-22.242217729718554,1
243.50597882592595,39.22279254208398,50.0709947252878,0.9250107145940734,6.877422904355784,-3.76710185971989,1
236.7683797897776,53.431585541974165,50.62843901583746,0.8581719947885862,6.718019916008188,11.93595761071579,1
247.7524050033489,56.22944030413308,50.45747766650511,0.8130548769403316,10.577082883628979,-5.5790258996304125,1
212.3293869893543,56.41541644936012,50.01903900969823,0.8163647845691937,11.577948597739283,-26.488095643477397,0
255.00836167326705,42.12963721066701,50.06506471904902,0.8251933552609373,6.421848172311506,12.306735680120632,1
252.8485793256839,40.2173435073376,49.247925734526014,0.967168604973631,10.987228513568066,0.19189966109898293,1
241.03432995868621,44.93365166212081,49.72176711107501,0.931572701120994,11.615174282128852,-29.32147879919397,0
269.49672367453775,77.00077118431187,51.79390771779249,0.812904482219529,8.391946780680154,6.759353713702382,0
205.1506518848334,64.8547736927255,50.221946419521444,0.878213775830284,11.229110920400434,25.19286135172719,0
222.13327795606023,29.525628142292497,50.610582875002045,0.8557170345694132,8.76647640652383,-23.33844310729866,1
218.9704480897707,47.79271243041634,49.93974947088834,0.9156080223257601,10.88319867562503,5.440274100550141,1
240.82218985636015,36.67321558974796,49.30635674328457,0.9045611899344627,7.465849920517107,13.720132905757822,0
214.2478889059678,33.477573226465104,50.528365215387836,0.896224804673943,7.258762826855172,-25.75357979158167,1
241.3624272400623,59.66956645344817,50.71804467309101,0.8629024740745227,11.056987386441769,-28.643072510148823,1
250.5580421599507,55.446245744993384,50.449122286428114,0.8275599544087981,13.724270323171009,-2.1482480013031626,1
240.42804350126,54.49433515947262,49.91818316457125,0.9484752765745276,14.653411319217621,17.47120123406183,1
234.2562653549225,59.210258397309936,50.52219302593829,0.9759713537685308,13.778899523013134,-20.3568353940403,1
215.18189988648876,45.20281103233864,51.71445523900411,0.9888301818465635,10.079592184965447,20.198236332895377,0
217.29723550811954,45.673624836664715,50.05757615722024,0.8117237941227161,6.058563934107186,9.39463532541577,0
248.74428357944998,71.85730616722574,49.34413165387744,0.9479817423177765,14.240242053438395,-10.06960273269086,1
241.69023505858,47.534289457404256,49.70685747522393,0.9453006918813925,10.106947077650895,0.9495479095469683,1
229.41470720933683,57.35132113054091,50.312738000152024,0.9894219228291179,12.843254862318327,27.934498783604305,0
223.73135681351164,50.06381540963315,49.19759784455097,0.8505829188995531,11.652502725750452,-17.013781762059672,1
199.61288190332934,31.51741469921585,50.084701537456034,0.9484358076590313,7.811732605491551,-0.027876135357587373,0
213.93721371973342,29.553709961987316,50.19016832515794,0.8109252577532969,5.496852922008536,7.46919336645724,0
258.67128630709584,44.21015780060095,50.767560869906326,0.9262491441523238,12.973569061503218,-21.719123671460025,1
210.79316643496298,60.56101251669989,50.65509742802715,0.870169564810436,9.221479684983258,-27.388674682601422,0
232.8421973183162,57.88291656636004,50.43229239587588,0.953781887909495,15.009350698613481,-29.192402824111724,0
245.11165959792797,59.14077164224034,48.91866049474274,0.9726608572870787,12.518924511679446,-10.518428603999027,1
211.1761599799656,40.129538210636845,50.460526564023965,0.8729642084435033,9.877238502991318,-25.563162330908078,0
232.77065712171625,66.15872490122314,50.35275669303012,0.9051172185398602,13.911940145668344,18.226197152466874,0
244.06873306265982,40.351066998136154,50.127972188539175,0.82348081247272,5.0,29.839171629704758,1
230.18748982860876,52.12824398669969,49.134888936927254,0.8833813930446953,12.060245851514619,-26.32177069593216,0
273.0260458350015,49.89647710092263,49.61161304540647,0.8721600786518339,13.500561276468023,-4.036423443993623,1
204.97101111682707,48.261261796854136,49.41658861523297,0.8366246919569036,7.362864892817001,-28.456072621045514,0
278.3899656076567,76.64787403067805,48.0,0.9788957249533552,14.513951671987595,-21.960546554564207,1
227.40797393905302,42.9488947983404,49.9985424242926,0.8296175676080321,7.783718806893676,-10.624646345359558,0
241.57880232255013,36.503947442880715,49.60108893927861,0.9271478715060375,5.0,-6.378107216541011,1
236.61960727548868,50.199954862064196,51.31265279013446,0.9780285286959776,6.887853671441987,26.38697678571841,0
219.00265704335004,46.00173265713474,49.91561403028105,0.9823937159726451,12.500378418750003,-6.2497914745862495,1
180.0,88.8692961702643,52.0,0.9586479399681137,17.098933844241323,-0.22334045655587076,1
202.1314782290257,56.76507476439975,49.215450487653385,0.8352282267748353,13.293943970815414,-15.264997903568016,1
239.0487125085709,45.90659424781376,49.73495520699757,0.963486281842774,13.31401751387078,-29.99249167460547,0
234.47237698985788,39.43888430812913,50.04844893801716,0.8553129624831249,11.043750947439365,23.960067403988113,1
239.57990252964655,31.19711589431215,49.54592302569616,0.9844796054865018,6.057601516747744,-25.09711457782171,0
245.87177487630726,39.74780914262567,49.788899657597625,0.9418173362847699,5.987450725646747,27.854930462173748,1
235.51429760314565,51.14941771759132,49.89102454687823,0.9570535122017774,9.355303178771468,-22.149353753984386,1
232.22134129697415,64.27328651594769,49.88304600727755,0.8170064907003874,11.301426156590383,6.292708845026418,1
216.78397495008062,61.21689142387919,50.92755928651767,0.9165530226887089,7.41697001867319,29.964635271398215,1
219.31668854526424,52.2909483164638,50.189113142715755,0.964228425379736,10.107187898557921,-21.69212423581945,1
247.80101930265997,46.76832334297515,50.23975528147065,0.9723180705544998,10.86506966638943,-4.563414903610546,1
251.54503108558967,52.68812356412154,50.26982738717253,0.8057263409467283,8.08980029206723,16.825420138288592,1
226.42834345531918,44.81362002515424,50.306313188668554,0.9878318465110238,7.942632399228369,-28.068591009001903,0
230.6900412087991,67.18363995763876,49.958556508062564,0.808667746660496,12.092018203478347,11.386965068402674,0
216.4307843750935,48.1080981872492,49.839626814260576,0.92290373593497,10.321914559807185,-25.17759972655203,0
247.59135267901166,49.13662141753273,50.08340802975914,0.9386775055230624,9.638119866375456,-15.808791463606418,0
239.98125235537668,27.841775749793317,50.57840197445674,0.821469058233582,6.073154191959257,-20.395430250398373,1
259.11826154695626,48.04565153477236,50.563119094218195,0.8096023731218386,10.352841375359999,24.440185898816175,0
216.8251538423039,58.36484137964941,49.879800762155796,0.9569824308901458,12.204351567099812,-19.172596993099148,0
224.32988151472674,39.32277422961455,50.38392184733406,0.8769341249594869,6.4316473204092315,-27.573954269090567,0
233.4716888378836,42.49279665507187,49.90270766848017,0.8214225030630248,5.482462567551071,5.257540706865726,1
239.69734306588657,57.927110177336644,50.016935274717625,0.9525335632775285,16.618808101996102,-9.229144475417879,1
226.7649854367855,35.23342776481947,49.7632383092229,0.9698326140287241,9.00929096988359,-5.657626761518017,1
216.9055836431945,60.578010075419186,49.90917743054688,0.9174772381517615,14.066846891333276,-22.856235308247182,0
243.22111293385356,44.67856109826898,50.67066503477484,0.8322473616869291,8.876580755751837,14.894069485991672,1
240.81703043818374,46.11431779508797,50.04621057366962,0.8030444942982982,8.589849026586299,6.093218978611077,1
216.2558884915441,38.76121594874406,50.06764125427616,0.9401604962603888,8.862065418233477,-8.1469773151032,1
250.33164201658244,53.78046260427883,49.27639111037102,0.9100279349650634,8.58228526222353,-19.70550337421184,0
247.55298063794905,74.5987198502938,49.84537804618363,0.9301594283440159,14.948093215282812,5.6071043502336195,1
232.0144474587169,57.81497239460632,49.87934254812764,0.9626369340399191,11.317174356840583,16.715836770442642,0
180.0,65.66295083334573,49.003639367831354,0.8868455553985944,7.570461335113512,-11.256162967968308,1
238.3108665667386,61.35620585491476,50.01083270585178,0.8249030937667241,10.302218426484679,-28.448376987684174,0
217.07445394615613,46.833204540657505,49.78540885488617,0.9879966570781653,10.709877059966303,-17.139360914820962,1
230.45047218746123,63.7448498142756,50.03999792762179,0.9090524254493715,13.516902542338174,10.943869133569756,1
197.7142468308623,58.06676402164363,50.06075150490947,0.9230588238177081,13.383022986616457,29.345782647415362,0
243.14683468254404,20.568584345282666,49.52212282108868,0.9866822859103502,9.88210012406106,-29.197425635473408,1
206.57760166337212,39.959203670449725,49.80064910875841,0.9863167312620527,5.616025021994753,-11.630786272073955,1
252.55129742643499,59.4438522283539,50.038687141380414,0.9144189213456347,14.02243604767503,-26.278747773069668,0
225.04819859050323,51.516572721450174,50.592149715578365,0.8595222849442853,10.256105489819541,-11.019042734218068,1
226.82499527103235,39.762440522921494,50.12835958639787,0.9994227268025478,8.985512750471383,-5.645139412354723,1
251.0437595513,54.58876868082862,52.0,0.9361634179907072,6.847104801421693,25.251725516775302,1
225.67941689116884,30.937633799106194,50.199502379621926,0.8816873353784114,5.0,-25.166352035701276,0
251.27797017722054,49.11626712473604,50.85377444466088,0.9119673605707179,11.73616273942865,16.628043183946197,0
192.68287015197382,72.10689726015764,50.458353236294506,0.883166810053606,10.37981101587543,-6.267936236222198,1
249.1544807913228,58.04933390732326,50.27376326521781,0.9776610304593295,14.458701456227736,18.675770980015663,1
235.07035221652563,71.90417001188423,50.36279508774116,0.8964998749731492,14.661224146118276,0.8041311195372778,1
211.89467528214178,58.8239708978998,50.71997702071432,0.9647056751962495,12.307876393573357,-27.643077669395396,0
213.87031410426144,60.274793433526916,50.53781339700883,0.9680352595646008,10.572330945854237,26.772353082890326,0
255.14589540812304,69.74078687745023,50.28338019055883,0.9648664675470497,17.48384526943079,-25.03595619392869,1
215.81739680085903,53.772632593422266,50.534321109795044,0.9444377224951349,9.198360321718672,5.861010152025365,1
212.6997423410606,48.1277267849312,49.459174451867966,0.9709755433615164,10.261030049799405,22.660065776010946,1
247.05971813547094,60.326575166220124,49.24886737382986,0.8774459159245939,15.756480152602261,-25.213812134988366,0
235.07829314428872,64.53840237121885,50.078549325321916,0.8229326412283922,13.007154020407414,3.2336033049607735,1
215.93111635195402,45.20035357287791,50.03434035482527,0.9684908408745029,10.09636904830008,19.457392531467136,1
233.2493746310693,42.784309176599706,49.72804497324337,0.899633683137469,10.612229431121136,29.179482518747747,0
214.61370974539585,51.3885603243088,50.412926334913855,0.8254752065055703,6.296793111066753,13.459644048841277,1
246.51232097633908,58.31498866931662,49.06856820677438,0.8230625044364016,15.269665588792309,-13.29993747220238,0
245.920564473097,57.98091048661561,49.7326138719711,0.8318484788019785,9.749896451699527,11.974219790724568,1
237.98009298232915,35.75832399812401,49.75752222756119,0.9501946519334212,9.845259244246755,12.346006158458366,1
235.42491591870524,69.11606067063322,49.18184910745027,0.9421713346932562,16.824495362674792,11.997960726277043,1
256.4178218730106,43.5883507060315,50.747365503634654,0.8407637360369766,7.592740580345323,21.25562622558634,1
229.9952949108234,47.349350031114206,49.32039936566834,0.9693846836219591,12.5744952921005,-24.757196248830546,1
212.27188811868797,40.973456400121805,49.705829971346155,0.856258959105649,8.442948920601268,-23.494809275073997,0
236.7421086924846,76.98328835937087,50.45398987890257,0.9585971166629895,21.25056805849065,8.437027453533481,1
261.2907057430567,52.42070670287967,50.32302267171436,0.8977611815469884,12.683431414005838,27.23286576589127,1
214.77860760221222,41.490249193184354,49.445912651757624,0.9463097365077132,8.215685647921125,-2.049681664845245,1
224.5780584995902,58.63923549962446,50.34124460463032,0.8762775326147132,10.510248833455883,27.63376209754051,0
236.24669057152178,57.69135779310033,50.14489223932911,0.8694281194189553,8.363066419761267,26.28511557096924,0
229.19142726491393,48.12272976420116,51.16651778105573,0.9682719197918664,10.042922930860689,24.174584294059173,0
215.26544629434028,58.406067127833836,50.201970208034155,0.807060450902814,9.595219391085466,24.591058491845118,1
246.82786784345706,41.747080391691355,49.92937908946573,0.9949473894515015,10.776395375547766,23.89912759967916,0
264.8006108302589,45.070817250507474,49.57174902144029,0.9296359116530747,8.248793806790939,19.19336301235093,0
232.9419718853586,29.89783345433937,49.627878316522214,0.8864966776398885,5.6959464773603035,11.698737516319817,1
216.43897565396,36.76048915780437,49.58711545226592,0.925610906230085,8.517035821487196,-28.535509284443506,0
206.76559212419787,68.07630805670686,50.685549406955964,0.8245481892917966,12.957226206187991,-22.06478447063685,0
233.8696397183177,66.41428627722314,50.00898495750823,0.9028104910587096,10.30307967983501,-21.946076728111972,1
246.55816014974386,50.65788648648962,50.282623561987364,0.9970191046679595,13.865696780127726,-28.587582943224607,0
237.12751619743074,66.62931447189837,50.757123799990445,0.8470538875693414,12.890001916280365,-22.9978938945818,0
229.96394238621718,48.39925513391695,48.82076792889627,0.9444556198072699,10.141848173590182,25.18478601402638,0
221.1609252231604,47.56589697432092,50.63943688235019,0.8869942751663401,5.0,9.82825721464716,0
213.61754550922865,50.565106484655566,50.02769845589167,0.9304916296975907,13.037935069644206,-11.275618902274655,1
242.52126989487323,48.750784046764345,50.217524185820224,0.8409774457383551,10.296559937270063,17.6016007342008,1
243.70657432078377,47.848036764398195,49.58579838912588,0.8940929965235205,7.362991296637466,-0.6978307827089445,1
206.814053199639,61.43398107149552,49.62243780077574,0.9960185427718551,13.40522773043111,-21.472377785047406,0
253.84758467271027,51.50135653956203,50.244422944906496,0.8390574302032019,11.658369970747676,23.070124873589556,0
238.61106831341002,57.124817644338044,51.19229890016573,0.9272890055697515,15.084606589618854,-9.68028322581165,1
250.9939196771869,60.31380525277331,50.50165665640745,0.9151195497533591,13.234066781013814,11.93155383179365,0
209.86808377272328,53.881857956547336,50.63276146070927,0.9130103172580807,10.348387927422547,-12.564350370023554,0
209.5126376687684,40.29728674091761,49.90399936486929,0.9230246579303234,6.507288522885896,0.004275040427998533,1
227.76546035349054,36.47134111035961,49.69989788770719,0.9004475947376457,8.675835975931435,18.975162691824927,1
237.5417664034279,51.48780634807305,49.6095975242105,0.8033861500515317,8.258837214512136,-20.59335921453794,0
256.9454123439045,48.28743695175066,49.75586313765166,0.9800193622926235,10.373349888987883,28.635083714356703,1
240.59118370722697,50.87391428920122,48.97360878341474,0.9653957654968062,11.680670745612685,-25.787044628356426,1
226.3597808478195,49.83945960751414,49.6375403285542,0.8348335361842243,6.966571514891965,2.0405345844302474,1
214.60446188501163,75.83573660166567,49.71982342197008,0.8826546354757738,17.56919075137471,24.96153116111688,0
248.45000859078726,36.69773744358662,49.91232091280258,0.9541097961387136,12.553680264315732,26.741633092951524,0
215.52941861373927,30.10053730178875,50.06587505487364,0.9960124630774569,5.554501783408023,-16.07346222721344,1
254.42702832158483,53.3237683351961,50.18122543431281,0.9902274092883573,10.661233087769324,-21.360901127111482,1
225.73423025590236,46.235774454118044,49.99253731377852,0.9798718399352349,10.900103489150334,13.46418001907346,0
253.85873108926776,53.16067869729951,49.70927845682862,0.8316747794598279,10.25949764288018,-27.481585903425774,1
240.18396935088919,55.83883022284001,49.01832067836724,0.982895021201801,15.531549157013812,-0.8856618581811446,1
227.94506765836312,62.841046951788975,49.7123456957991,0.9756889825902159,12.40177503854203,17.781313607590917,1
222.2090544226081,34.92774179616062,49.5137746811565,0.8753899822332779,7.883156116487633,3.615283471010031,1
224.8863818398088,44.43282102142837,50.2330333741393,0.8789045189072524,9.010296755146163,-18.7192040535597,0
236.42475038562856,54.28761258880764,50.45464369834685,0.8919817843910322,10.096005430375216,-0.7773420318022097,1
231.15734744326576,57.704635956872266,50.46928553352997,0.9312351261932834,12.9017058628892,25.276482986933573,0
221.0928288789694,71.93449550288386,50.37847636806391,0.8521671231966031,15.310102419094148,7.032778682656605,1
227.5155288452355,59.55703971113867,49.93323713227375,0.804589685887989,11.076009085777901,13.289437654141189,1
231.17865544578726,49.432114041137226,49.739022217262054,0.8282459049194485,9.659473363896394,-9.824167220249105,1
198.0689885837778,41.09564247057338,49.62644862316647,0.8880231815153548,5.482739673890267,-18.690973489942937,1
236.87252172183048,44.35710147280981,49.246250541699126,0.8564005138852404,11.286591367290347,-14.661466206023784,1
215.3041816292479,44.072971770428936,50.49592685025393,0.9529033122072263,11.131283325031985,1.9906556256176984,1
212.70001395191383,56.552336285137606,49.91264448103501,0.8213380141098543,9.058495997652043,-13.186790783357775,1
204.68983479333934,52.56997445585831,49.37682985318956,0.9834930451109608,10.334338729259695,2.5178872455660652,1
203.09161253198164,36.763504291578215,49.58675431214488,0.9790654359887823,10.138495736144645,12.467515642570618,0
209.66828745331566,45.64098530909567,49.56651327178373,0.9817513633866577,7.127695855328275,14.063752570218085,0
219.36468563554266,58.77547553451421,50.02151224250756,0.9479219997206654,13.430385105141768,-20.118903620334393,0
259.29888706289853,53.516623549740586,50.533733925535344,0.82139999429672,10.281176655056306,15.025850930031787,1
222.11180486157195,55.6864461601277,49.82600522520221,0.8876275142739134,14.534880572097913,10.361288375541541,1
232.66625159402048,53.82921710057263,48.873733242608175,0.8262810743610928,10.475437732316095,-29.2796919978776,0
236.00722079759493,66.2643073460886,49.90540983242054,0.9975398385522165,18.12113794291315,-26.46766949461495,1
231.96597779323773,52.3604306382437,49.9219030499514,0.8666076846797347,9.003022275975782,8.774970111622821,1
228.8383480891101,46.13977202129302,49.88753988453224,0.9170661083780124,7.185830269998226,-6.97776602617742,1
198.8019144895693,65.64805512723137,48.0,0.9558786108488444,7.810806970577075,-21.233760025460047,1
280.0,52.33533589540398,50.78684950320058,0.984123216845129,13.532151672144797,-27.336206449822004,1
257.1079496545683,25.59295985224916,50.033070557574504,0.9511095451682721,5.236983374958764,-20.43609955965415,1
204.7601195881597,48.15710998167288,49.98758484293668,0.9349007557532475,10.735349224153651,27.450837859296996,0
214.63957113670432,47.94160140078656,50.20632068072148,0.8931963564076303,8.771230538660761,13.653938494258185,1
225.8028448643449,36.35529146382719,49.785083588426076,0.9210800267501048,5.0,1.6623252560576312,1
215.53193307634712,40.71734161344004,49.75670716514967,0.818832761770566,8.291608032269862,26.49243000327551,1
237.589483301838,58.09657530148241,50.6900616447927,0.9767845083922525,11.717614617299681,7.146626260896234,1
219.0759169639008,52.307117490749626,50.27967770485772,0.9087554617679771,9.690442839643168,13.538711296840034,0
262.475841017099,51.01788333707327,50.4134730304714,0.8080270100869886,13.926521261457681,-13.040890889647677,0
247.85822891515394,53.06347533932023,50.613052292667035,0.9839804251319795,16.4871495086946,5.33891061535175,1
233.18861045948321,50.92627587948923,50.2629720903124,0.8978603947673738,9.511489160371081,-21.391365342129586,0
245.404793949796,62.42862562858315,50.46419433956809,0.9737178283122003,16.07320693558597,-5.731011288133477,1
246.58850636535965,51.234291817036485,49.21032741896487,0.9713775908410713,11.167629078128776,-28.005580500803394,1
221.54078767912634,35.417868861812494,50.102076935998014,0.963150317491423,6.983615479421043,-17.002314745039172,0
217.75674133187053,66.3012996487441,49.908640769092834,0.8122806038590713,10.515795029393214,-25.507882234639517,0
231.17214594454472,53.70340267328846,50.8388420454499,0.8494133290848418,7.096550492135267,-6.733270829566116,1
242.92454186746917,44.107462692049324,50.46382276590165,0.9751095744930862,10.63820005283817,20.58210987830941,0
232.08590597980125,37.46598281704981,49.68477740460341,0.9797982112104188,9.095996188677962,-7.323953619296816,0
206.34505276713503,53.959142209580456,50.1863970792646,0.8916137724737613,8.585404399547318,19.8983775596786,0
217.95763334073737,48.828279950256245,50.08384066672462,0.8880082935308404,11.626208434940281,9.389898754733238,1
228.89040704608433,65.7414678603241,50.22716571657612,0.8350281267772299,11.693001573586786,0.5717667978496657,1
228.86501593511255,46.54092719333172,49.49057876531268,0.9936821577382302,9.30987132828538,-15.786498404320168,0
259.5881326518471,41.62619210317533,50.180008232619116,0.8426276950718087,10.158159231214066,25.329365570649138,1
209.21018086401503,58.95796218235928,49.88592432535588,0.8381873568701531,7.253346763851679,-26.747951469478004,0
237.5838386275381,59.25281892716831,50.1412248820278,0.9321457940298349,14.935651823279152,11.334781061928915,0
252.33669662492434,51.68651367610195,49.637807417438914,0.8485688606000896,10.263039689727593,7.274393568562132,1
264.07174618134195,56.76357047674908,49.7074684143017,0.987754322202878,16.7846688405045,-3.537508664608392,1
223.9340386522406,49.623128792577624,50.58692101018335,0.802181399063559,11.490347542006301,-15.580742682443681,0
237.371441790803,52.33865101009247,49.47422622082992,0.8011506524646603,11.233563088270623,-4.15824378928399,1
238.5464053579797,61.64990882563923,49.511122799478976,0.9009753602871199,11.62612514499752,22.366363533205238,0
232.93222597329935,56.25318334021503,49.97420937139221,0.8976124919826944,9.259913933775085,20.20596661529725,1
228.51732198141042,48.30725561667375,49.61405481240702,0.8326728043801821,6.32376696952754,26.482874998621753,0
236.53963084250069,63.52362545926151,49.5574856838686,0.8989039125940569,15.712621177385659,-11.532407602485119,0
192.01630872170472,26.35144627208488,50.05253798560415,0.8823322210339973,5.0,-6.773750497867624,1
240.23104235093948,70.52073311421935,49.24746707154815,0.9780659050684738,15.371234226913444,-28.8764308404082,0
231.89266855492951,32.940409051092644,49.49601888254318,0.8018507840433927,5.860884655278571,26.57699968320049,0
226.662876548326,43.72907175227704,51.02704779146182,0.9952539610065905,12.025958023940401,-10.236594490963867,0
260.70293293579334,49.590824648049306,50.2297375294845,0.9248785528591685,13.514747369602668,-5.750170708020406,1
219.8759897181417,48.53519329271839,49.62671832386504,0.8303686891290551,9.738477498880098,24.468276686843673,0
223.95386016402455,60.06411040026555,50.2091075391331,0.8093520027622333,12.162842921070713,1.5959058100087908,1
259.873299533071,39.42163381389766,50.28366523849331,0.9076211317118464,9.658587432942731,3.9704725053286793,1
217.51908042725216,52.607668174830636,50.49720721004512,0.846978033194364,10.296341093941416,-19.426029710944988,0
221.74827075595192,44.21787901780246,49.936421985271636,0.8602331074002518,8.876840995366255,-0.08039875088073245,1
227.79461864853724,52.95140979337417,50.488248851386444,0.8490264329669027,10.240873568878587,25.092516054526456,0
242.61101723194324,49.35227740202124,48.98077673755891,0.9300344627145022,12.642428191335052,3.5230852864755633,1
233.1170376102997,50.92935652682978,49.47184593476212,0.9107057924232267,11.534919389503715,-14.693018121614516,1
210.61061979271605,44.50075167535654,50.08193570086823,0.8155948847043624,5.882595070722412,-28.12914815191423,0
222.01747155309215,44.899360499039176,50.164816766403895,0.9053053066350351,10.08223265825364,-9.82189359275592,1
220.88968350181682,52.87272514027427,49.54410885616568,0.95823795311266,11.685793058750736,4.355454843867477,1
228.84168432165433,59.437155057560446,50.12970999563158,0.8162389181640649,12.325062749227838,-27.443202697750195,0
236.38765487944744,44.01720665802152,49.68807987565637,0.977947795246084,9.967254498415246,6.587554637469374,1
236.2730863383196,41.3123245542709,49.86152045288642,0.9156613298895458,10.561242102271617,1.4048296270867695,1
203.35982368927398,56.134601656718374,50.51238690033251,0.9901248938540633,11.179976095713407,17.006128149994254,1
245.95911481341284,49.674961069423105,50.4544687484443,0.8296282435444752,11.584165095324886,-28.266709663682292,0
233.78853268994936,58.30498133985952,49.50146983631837,0.998712999870663,12.700549858918336,16.850840689124247,1
250.7679807139086,40.94202786628853,49.47137426898995,0.9288545731939354,8.761995031007901,1.2526227454864127,1
236.6629749093601,32.205610745765696,49.79441330222334,0.9134988398962126,8.166679608578818,-7.768240033217314,1
246.51984436603644,44.66995918173666,49.98662684941354,0.9030559248224171,9.280933399353174,27.922978581529442,0
236.9981796717519,42.33647390734984,49.67105075571263,0.8047308746196626,12.485967211040391,-20.392827165836817,0
250.19338634304123,49.212115999197,50.52032122139983,0.9879278383099156,13.2967968789673,2.4795071454663855,1
237.83375954026667,43.631547857296106,50.17369492085428,0.9287988945708396,9.688044242294856,-10.741111584451296,0
228.53127130335645,57.410169513364494,50.20304255493721,0.8183252968998583,12.376245017180148,1.6491827277201452,1
264.0865208067032,47.11849737577484,49.36673058552751,0.804190434058905,9.045470289842298,3.1365271548247264,1
243.33555683419837,51.50474498773901,50.58364535869189,0.8101567278473503,11.999671897482973,-24.633105094509254,0
238.6061663150662,51.57634558440944,48.589915588879656,0.9218791526864482,13.13551546705444,9.668108815100986,1
210.85543375192498,51.94955092412187,50.41702772592468,0.9228030829789171,12.615310138151447,8.06888975514071,1
210.67538573804694,49.75870889545027,50.467155868835384,0.8999334583562882,8.552325056902909,16.16803647806784,1
234.3907322321278,55.10600690410313,49.78379940636102,0.8613531641305904,8.680061501500795,-24.56049038044974,0
232.1828179665236,42.04344866174193,50.636455108623714,0.9063485463229283,7.627253496281066,-12.164487185778732,1
220.78816152487525,63.99417926653883,49.96845122352283,0.9032603641752516,12.199046635675717,9.006635983686074,1
232.1147404941809,47.634626166314646,50.031215851663724,0.8038831119753131,12.22271671448025,-21.79615044506349,0
253.82940392065393,36.88450862101318,50.16976439370211,0.8564938460654996,12.408838777869246,10.655892647306537,1
240.4310371182545,51.88073356991773,51.593287455905525,0.81063706829343,10.800999481360611,-26.45839735077462,0
212.88487235370891,41.48819517552515,50.6722169540415,0.9800309502895311,8.674619526911986,-9.904106822422335,1
228.32736759285584,56.65334534508875,50.35056560035646,0.9450446325570271,11.524817885438544,20.80266733995115,0
217.9255027872116,72.09605576042378,49.543597756699405,0.9992230340385825,17.348742546517634,16.45747742286961,0
181.05379221202986,56.16038480855747,49.35729765261166,0.8604342526610576,12.504697684818527,8.685642913625273,1
223.79576501555536,53.32372333223985,49.59343795307681,0.9756971695513821,15.215304411489182,22.227504997506067,0
222.83531626093992,32.44494411295372,50.41105542364141,0.9206108535864963,8.931858654842669,12.55617265033203,1
211.17296942039908,54.53905229441347,50.07023348786743,0.890625081380721,12.50408875694089,1.1625063126481798,1
228.08517977722715,41.1428620020031,49.437739160193054,0.8445146222577271,9.589610079817295,28.783050023147197,1
221.59088544729036,43.751653815655175,50.04056229170925,0.9476784330572285,9.093130515393588,11.69136478735917,1
186.05826964996598,38.98713510160172,49.57529126514185,0.98082814978086,5.641712170837392,6.082030608780187,0
260.79458036752493,57.32151226054735,50.075608110668774,0.8470616796150742,12.621215234938836,-5.4677663427861205,1
246.33154481325008,60.07304357473262,49.57046134181737,0.8350780669947225,13.202068927928702,24.144749914743024,1
224.35548912612506,50.23385214658508,50.0137438166804,0.9392443830009733,7.678242258176239,-12.257454263700431,1
230.28228574610898,41.3557329466428,50.37523493096755,0.9953946325451039,9.17373206953494,-29.44682434734584,0
212.42518479023659,65.89523036103863,49.97347400403745,0.9499910202208156,11.645925755533037,-18.195568654058402,0
255.43584316716297,42.49589872245344,49.80455586641381,0.8569161478095298,11.329486301812583,-23.42895048345845,0
258.4593304215967,28.37967700072561,50.10163811052873,0.8839910848295571,5.384651009606728,-10.860373549615677,1
232.35040592369788,54.58389009957068,50.34859131039643,0.8768635270916744,11.777340406034709,19.5527206475073,0
245.35295966278017,38.952253263584836,49.44640836505912,0.9704190036094091,7.874302957877591,9.091781121900446,1
232.62930168400885,59.88608793499175,50.1303280773526,0.9542741557744447,16.489638898298452,-19.861164645977247,1
209.94911841686104,46.18862303326581,50.6587704095087,0.917795086952304,5.498584342100814,17.32930326554031,1
223.82264946554514,56.03713240544196,50.28682848163836,0.8549918220793806,11.675312607243594,0.25319196596416305,1
231.97891950157936,64.01500346552157,50.02887707333361,0.9875977055444112,12.111440297410663,0.7628774470978144,1
219.08988365565537,49.83733349262347,49.9993281565969,0.9306630449538293,6.855801691063259,-8.273269141147605,1
226.72020083847445,44.34062869107595,50.22624822805134,0.9940953292883565,10.405930489412373,21.876981889321407,0
228.6290066373633,49.24328927342937,50.37680055457991,0.9160234066084062,10.823712572719586,-10.900361768652441,1
228.78682253201808,65.37551319034344,48.98803419450853,0.9642385516727228,14.88070363348978,-24.351614359818683,0
230.78387735746225,43.41617282059555,49.22327193316837,0.9626210758789053,9.948723409491254,-11.836260361683294,1
214.09092400405098,44.054963040509925,50.50241457474162,0.8674657553667184,6.898047007011909,12.92121277607314,1
219.24475776308097,54.78140575555808,49.24736041191928,0.9928041445914456,11.596003307935119,9.454913208199734,1
210.73123601450047,44.22771274289429,50.2007693178596,0.8043882935195128,7.560296090522039,-18.718970786785327,0
244.667233245293,51.52525882897616,49.823975171983854,0.9537421817534828,12.414112160846908,-23.292942053703477,0
198.41529587239512,34.48462579031873,49.501905377202,0.9931114171528088,6.663782690063908,9.65194550410478,1
280.0,54.33747167396192,48.97587999128463,0.8677816406567446,16.941547373680443,10.582610139294736,0
250.79524095894266,36.52290769690597,50.10051675185829,0.9296221175581945,8.70190005932621,-8.031021767365758,0
225.46729119526069,46.78247296009792,51.05517132604819,0.9124446499688421,10.02704278421105,20.568083011744783,1
259.16801002719535,65.96578036484934,51.13921957592911,0.9523014619353047,8.267868610780168,28.69231222799501,1
224.58034157049065,69.12688134356796,50.72005506003459,0.9732355843290105,13.004149565783605,-17.661286593036277,1
229.03723758066772,36.751542190672595,50.17621145719216,0.9206089138599096,8.057257340815111,4.624122942361701,1
214.8410267010663,69.83704135478752,49.669489059228646,0.9631809172762914,16.866325330481985,-29.67922025976365,0
222.27172409287635,57.57176821102023,50.39962322875862,0.8624571151778511,11.924220637247076,12.783263761577246,0
252.95292798295026,54.170953244232464,50.28286925222697,0.8457174117409634,9.953625139688047,-5.143073186200933,1
280.0,32.46829974396915,52.0,0.886133537906568,10.168113455414014,-18.40384638581011,1
216.1315382843285,55.71141242038074,50.13314767822031,0.9355473199161567,10.594684843930015,15.133315305862574,0
206.03601245606853,42.765133775802,49.701506484477235,0.8374493897877447,8.80820654598007,18.63892785336484,0
225.09474023585344,62.66661253198412,49.587106437372746,0.9360704384303783,12.46654754712409,-23.33000992944376,0
226.79814830974342,40.28937970892267,50.37972108691129,0.8788187297144134,8.736868864212996,-27.54025428971796,0
237.44298781044975,48.86841505543916,49.888030287843364,0.9591150547785264,10.092060879188448,-9.955293499852964,1
221.9702493114851,44.44726911986828,49.95995850087545,0.8073671634206607,6.9793563569252735,7.5594279456621365,1
237.6724936304279,40.12477037573005,50.139910797972135,0.9335965275658789,5.7707631813255,17.605171631317987,1
259.02731060090343,57.413198169079145,50.132644172391906,0.9299644673299936,14.85419648385528,2.763749797827458,1
242.23251533666394,55.354587474096334,49.28533676451297,0.9881870952250629,13.990624757585008,4.844926578418836,1
229.27867239003842,62.09010198900997,50.64312604322743,0.9426735107128141,14.272725343778959,17.991493305173464,0
227.25274293420057,32.20124891791833,50.06059107595034,0.9592603792846562,7.570357966219567,1.730602453125563,1
224.64990298730194,60.64170702341044,49.89867336858892,0.9809182031706337,11.838699283980425,6.669269413578029,0
247.70961368678218,75.05448905356894,50.21542300258487,0.9350103836583976,19.315248366179663,0.9730403985935574,1
220.59029831073045,45.48358910823053,50.11827109680743,0.8580307269919949,10.594385515523486,22.827494002062238,0
230.67834063499973,68.9514861210897,50.38353134474485,0.9739547599167044,13.914873926597588,-15.869002884894668,0
180.0,50.172298753940076,52.0,0.9495156238951951,11.443504395588924,-14.160384927569439,1
222.47323710782703,36.27590262438693,50.35892311449813,0.8848875208001787,8.891394091617197,-22.322312303890456,0
209.4130167817385,46.94367557593205,50.67549695286376,0.9421058345299924,8.321284823363534,19.1680050896653,0
234.84461755426503,60.48203967675276,50.441812274485486,0.9735377754362284,13.235943796984198,-5.293362566258558,1
229.08494042216924,41.618235176684685,49.91975688983572,0.9951304262782543,10.55591068632511,-9.126363547125372,1
224.41087153345416,23.525196206514735,49.91896717165292,0.9904703007918111,7.329115639458824,28.88092302522937,0
221.9959954034125,55.935394322931906,50.83389896650226,0.8650655653528283,8.564859723309773,25.60820198638713,0
248.31231948219573,50.030601167385726,49.881138313326446,0.8843387427436363,9.006779982996948,28.319260927485686,0
197.75424993853977,51.26205102635848,49.05984134225037,0.8219073209954743,6.3608006601041165,-21.46206019447843,0
255.68060426026838,52.37829540758336,49.13163659111778,0.8495088574036093,13.546599197569511,23.475108788889976,0
203.78545235257607,54.79625319551573,50.16923655265605,0.97648424169739,6.927822686130597,-10.277424036752912,1
236.52155096835338,45.67698814190459,50.074443301976885,0.8721699852558719,10.108790071015502,-29.240593787288248,0
237.13146023789935,52.31730942030393,49.24244253187526,0.9241105317189762,13.08795595504075,-6.522099841015876,1
218.06664398088677,40.72626994304066,50.22663702106659,0.9331931236614066,7.700534491109954,0.5517811882835808,1
236.3659090679152,62.884336225033884,49.75090403964928,0.9563658550286624,12.878412627644376,-23.50677458595568,0
249.1927800464024,43.65725283182687,51.345157503644344,0.8365600060491263,9.566681608881423,2.2606570124553755,0
196.74771740968902,61.2884748754939,49.71531940395457,0.8609626269228872,10.385469790760554,19.167815050603892,1
237.54117211236223,47.663930390171345,49.7824033339011,0.8896672682916361,12.079952332091096,-7.340942949648362,0
186.61498196350033,60.11523877619977,48.0,0.8729682122476548,5.0,-8.841311607941869,0
215.51502794715188,45.050354491092996,50.63893826052099,0.996581046571938,7.83841873892488,-9.671374786159355,1
254.43749547351416,39.840045688319705,49.81361210276762,0.9669881606427425,10.925320751436752,25.385666753021518,1
221.27326949911918,32.552396123946984,49.63754292311725,0.8959373509240972,6.554309333670957,-27.074514072588055,0
212.39180053386542,39.446758414075404,50.353477504960274,0.9758537252172936,9.67993481539843,-3.295431480422682,1
227.03093406522976,46.760911467840785,49.30982353229341,0.8695305895166594,9.755127474596819,-14.124032751016989,1
261.0185950724533,52.11879178828884,50.312555273124474,0.9571656647780529,12.751782508465551,23.628421523249656,1
202.5247662919096,60.103793132832635,50.89069985830043,0.8447351196212908,9.677966981213876,-24.236864184971765,0
214.23035132540983,45.54242540203151,50.283303916417545,0.9544644090452732,13.962408654574798,-5.313433999175352,1
252.4614752476944,41.18039235732826,50.31894915812996,0.8912906806391457,12.336162780234819,-5.591030878134859,1
257.865535153066,35.57285213997287,50.435030108453745,0.8214998641984486,8.526638763587995,23.30366505282136,0
228.44853163564574,54.800636179041035,50.85485401433776,0.8546524909111165,10.8564290391904,-17.070393297541834,0
211.41420946210036,63.83194515329343,50.60494698000955,0.880454924804713,12.957986896199706,8.693724618096667,0
261.4376525271374,62.66330267956289,50.21983486113651,0.9498585823328874,17.214772068738046,-21.935632386732657,0
253.91663587623796,57.09932748147237,50.451945700318,0.8145965429461902,12.648056214849305,27.238542844832565,1
240.1842048164335,56.38543317267599,49.557032537267446,0.9319093990185279,11.117986634644272,5.580897556337149,1
217.8139647659387,66.9762377970934,50.38814679537366,0.9432027281865687,17.32880239260533,7.575403819240222,1
229.26455988742944,53.32081461416811,49.49722201440812,0.9307842739851503,11.870856848847808,-3.97359590037167,1
227.59459878432753,56.461296760241716,49.81648879068419,0.9521339276335111,16.2630535154046,-9.463037240020665,0
234.96276956923367,46.79216138148001,48.45871891242838,0.8356337232045676,9.56159961017805,-17.23941423030742,0
251.76502157197004,36.37956629145243,50.20071482968373,0.9174206710126075,7.911443066483024,6.239265229935533,1
243.19125561706105,43.161510995004235,49.67806399444582,0.988228989440776,13.141227864794402,27.27370472089428,0
213.83935884522862,49.90840961465345,50.55557260760223,0.9221568539609075,10.443984414163545,-8.412542754455817,1
250.64744675029306,50.60785372501303,50.1950963053027,0.9222672693905907,11.965555943489447,22.989413319723255,0
234.69698210019732,69.26285854855394,50.56204794735081,0.9472879284226539,12.998179418634964,-21.07342122916502,1
240.30598693788374,50.81277167591069,49.458201727663734,0.8666408464251718,11.902651809700684,26.167561252908044,1
251.99811288917905,61.78843444025644,50.51919301857981,0.9400951802643082,13.651195989631454,-8.970822966115406,1
213.32629625729675,45.64922758423684,51.052928172181666,0.983246766662643,8.679452216733957,-7.2163673043992596,1
229.46261631940305,46.88324114234766,50.382079149965946,0.8021790946050686,7.6487058417998925,-2.2294645779403055,1
222.0281817296118,36.70992362776552,50.395174504346144,0.9740226082217731,8.816972957861479,13.094656196859013,0
206.48210861951816,42.57671987123428,50.084798838197464,0.8437236662517719,5.0,13.179206021342111,1
235.2006496640738,55.269813913637535,49.73766560971732,0.891184654740075,11.163260793245408,-1.2246849168200846,1
267.67334827376635,50.07560180394133,50.38059618635076,0.9704695601905275,14.968638803569887,1.3891739588361567,1
202.39883383241371,59.42938619897234,49.246958544798964,0.9647824254913258,9.113488295607945,-28.19937073355153,0
229.51579083425796,51.8125394834505,49.79112243753959,0.9783854956252112,11.98051862042581,-11.742197906500461,1
239.6081440261216,46.47546268362258,49.11447159883141,0.9880833585265052,9.740397995721533,-9.23897554616343,1
180.0,72.79181053129392,49.486094070601055,0.8894313913543518,13.933207096489097,3.5236361235455647,1
228.3030792122639,49.06096431286953,50.32102254594678,0.9312727621602014,13.741275812238934,3.4979860422782707,1
210.51175454831264,61.63000969705304,50.252696688110234,0.8780956881052213,8.091295889527192,12.593987863672389,1
233.49180114410245,45.98790793455322,50.025456847767735,0.8701433434984331,10.874685395487063,13.021637773084855,1
218.6485403447611,57.095994793835665,50.085200497031,0.8863190821195339,10.108911815748046,-15.88735654727502,0
197.1511744253217,59.28015659151687,49.05706769106789,0.9486152269565352,10.031282843510494,16.211229066289484,0
206.70996931768138,42.230067912442166,50.48349691135038,0.9002881494283106,9.402147758644482,-28.823785917223077,0
244.37578729763064,26.455170773033977,49.65932419678239,0.9628119348896684,7.732381500890417,12.969713076403231,1
230.7749146527662,50.18252460856113,49.67047015474273,0.9490436954392312,10.607940372626016,-23.876333788834614,1
233.43612032308553,62.304600477599756,50.29978931390688,0.8040956922248799,11.059544881801166,13.778892505273141,0
246.11477019073342,55.2748083302773,49.56974633674734,0.9260476314212324,12.817576523803051,1.6270854341042593,1
233.36509485167124,54.458388752292464,49.697659574936296,0.8873142246617183,10.936024550654361,-3.764729959014474,1
243.5602633214197,32.77743066042481,48.95646537714524,0.8913257978302284,5.0,11.439983385685743,1
225.53776698689225,42.79544929324941,49.85293840981191,0.963674610773979,8.319729408718022,-27.817749975166038,0
249.6797560786092,54.11357631151439,49.45608122614319,0.9095215972169354,14.079486776961524,-16.591780459465298,1
234.81178588899027,54.10383276786892,50.03960146434482,0.9771243646917894,9.400367618843429,6.986408548059238,1
232.91077915408812,62.14666780132902,49.52444597662877,0.9425611184783381,11.463346529895391,20.832924397849077,0
210.94908366931952,48.55133244853906,50.052271122774606,0.9105680017528106,8.472326375877515,-7.1335417832929835,1
234.30433781452564,54.058240866738146,49.927657119628826,0.9509075952302207,10.593025150032794,-14.474311641986574,1
217.52067623758325,50.16374241931294,50.83602088652116,0.8076698101850815,8.757240267950067,1.1241861473396568,1
220.4257591020726,40.13057263498443,50.2486089902266,0.8054167309656416,5.0,7.338915143210485,1
217.76936557525818,27.442086689052523,49.08018106371885,0.8166698653841704,5.0,-4.793818115655213,1
214.00647602151162,54.31009692130077,49.36755557794864,0.8875130650294285,10.219320091263052,22.6026409595853,0
261.8715710452544,51.73947208412811,50.02760400449617,0.8470900291253887,12.775185668999365,1.4063225316008072,1
249.97008592982604,43.81824957899831,49.535076025803676,0.996852258883157,13.408352384291991,-27.8505847457649,0
258.8055125321639,33.80826943484135,48.51581578488207,0.9084580278022734,7.425701309622944,-16.616762717628575,0
211.65657470666653,56.29739514408738,50.67477315691687,0.9324831492162318,14.88732283155526,-2.961178144931125,1
231.06880624866338,47.34079925804448,50.3601120084527,0.8557640272493394,8.99337810477607,11.863531141016004,0
210.59738562193857,55.568747223681456,50.26048843674589,0.8643593817175218,11.773030823700665,-16.81486537244467,0
219.56457684204403,68.64048530411759,49.69633847726454,0.8670923828282312,16.93098134122025,28.57544638304526,1
216.22809524875137,28.58569119680295,50.213838385504964,0.9397471410300602,6.087221675026931,-10.886504508714992,1
248.5937600966234,43.00399191297636,49.64781983788956,0.8947412415378617,6.818199516968969,1.948812411635302,1
224.0565548284736,47.90624386688087,50.10242865010885,0.9035367305060149,9.880107106811856,-28.86201691613753,0
246.02569000541024,64.5482617414665,49.53970838708176,0.9184005964318691,13.361403029137588,23.093443285848267,0
239.06181334382777,33.635969807935155,50.75814422527801,0.9537623312476434,7.120411276383328,17.330079211511006,1
264.5545812815718,69.35861025680605,49.21488167295908,0.8180739497024957,18.98090563980813,-18.27251974226444,1
207.80833665290413,51.358559015662905,50.61614191475542,0.9553747824437644,7.750936677350399,25.99420147439057,0
248.88849859680198,49.039993382661415,50.01945791400866,0.912647013775036,11.740237940659974,-11.04961417215572,1
247.1966130560109,48.01940236781093,49.75526650232901,0.9338190889710515,9.329208190138432,11.531177302807023,1
215.39931742959448,45.63736967819971,50.08350146084787,0.8655103529681525,7.892874429528877,19.138579080995996,0
245.1070000470974,60.48116759269155,50.36667400358909,0.8818773673632898,14.562950077682814,14.454867674230854,0
235.04217444539344,39.314792459175614,50.6833733683472,0.8462331639307841,8.456059093687113,25.05496704179047,1
226.58785610069887,53.454141816438536,50.15657151156677,0.995859999483481,11.611850923819537,21.856485620442513,0
217.64096769542002,46.15818334293024,49.55465195736886,0.8994005945020633,7.73569829560824,29.67669084549661,0
219.21335822826222,42.37866551485902,50.0278150618829,0.9992153831593196,9.914836902466122,-19.043315245431266,1
260.7471814367889,75.85975175683896,50.90839661833119,0.8979571956122533,21.17716113092293,-11.714291926397998,1
230.01024228436225,54.1905073475346,50.67383904275631,0.8439502528768135,8.71660578361112,8.1735520458978,1
248.8146610774011,87.57784215364185,49.067959251604385,0.9014904793473714,16.05570280400528,13.98283115349502,0
218.1365092749867,61.37776780668662,50.39784351006119,0.8079191143598156,13.216007414574447,2.0763032733425533,1
218.30220580667543,35.78650054681453,50.34972504530327,0.9809539602843903,10.402185899703497,-25.564298106803104,0
246.22977213874913,67.52291909122032,50.57937741725493,0.9637100502388882,16.639655487397164,20.495713608022918,1
209.75635682672703,24.910428215049244,49.77168560713905,0.945164104138857,7.280856047514066,27.652461361276323,1
223.77179348142093,42.312335899614794,49.322456967112494,0.921965343088492,6.711788614785641,-5.668989370416316,1
230.5104111660835,45.409683268211,50.034501750368534,0.9159668467340727,8.251707916795839,-16.511251098069238,1
231.67058902760078,55.81723364970506,49.591209206611154,0.9993456428158926,14.454377394281995,-28.84117470227475,1
227.31360072475766,52.18718266141488,49.47248962231141,0.8555994868039876,10.741543960410564,-15.762057834384883,0
235.93729671643885,48.331852593016066,49.639860711706035,0.9559368730731156,10.604063662227608,11.995126490305331,1
240.39283633726717,49.880026553722765,51.24265696226684,0.9162809540427315,5.9817248536206,24.695363260363827,0
241.01956318188996,40.21976976477432,50.06806231703792,0.995176108751777,8.77604164165436,-24.38921601409405,0
215.2129428699826,35.02767605515827,50.18095391818049,0.9655606366596505,5.0,3.1955512297157966,0
225.73767353106805,57.2651162233606,49.38881859649787,0.9997050225979185,13.910149591728878,11.73187491070994,1
247.92144292815408,56.93706112536185,49.07812352060368,0.9176649988924893,12.571347140149237,-13.417150733623885,0
243.41970781360808,65.84494375157058,49.590473678440596,0.840908791508987,12.221448836835885,4.19382235021812,1
209.40710822778405,42.09982903184792,50.71909779260437,0.9007374071389468,13.226725058131937,12.91490556034637,1
235.27219850528303,56.928152103009225,50.16713773303826,0.9422222268101149,14.696107407943785,20.26315458812261,1
200.32662125937784,47.162932716352685,50.2992975457222,0.9548720772363176,11.133367036158841,-2.850008950801147,1
230.70402353090554,61.904749851934824,50.36928301960103,0.8001019978031888,15.831226882039061,14.871433135137636,1
258.46650525118963,60.219627766781414,49.70432531010086,0.9010054177004588,15.628313710059082,-11.893021695609018,1
215.7816092409652,52.11209399224457,50.693982791986684,0.8470469159941294,7.982991826173862,-17.217195193670484,1
217.48515431762627,46.60469843334013,49.68359620038891,0.9749823666509577,8.106462847921641,-18.761175234559957,1
241.4604467235929,59.60932178608262,50.70311617963127,0.8305810888100458,13.884602877189119,-8.467636090456427,1
206.8579772718553,56.469045232565655,50.22115107806767,0.9332912499149667,6.78313417125237,-27.847219092669057,0
220.50867455172443,43.15559597913818,49.10547742287684,0.853212438064985,7.9637666658691595,-13.020489740085019,0
238.94661706372628,36.72201326520569,49.62599525669973,0.8713084286428545,5.0,9.133369466593692,1
220.48571228465894,47.11467099318204,49.10753073356395,0.988111852151369,10.46230340090495,8.875142829608201,1
226.46045019183543,65.1541381534821,50.581641066397104,0.8480896250816159,14.221563373223677,-25.586771610510525,0
241.16278565472552,61.46487158733038,49.9876322895988,0.8190005523645861,12.698908731844197,-12.755062975162794,1
236.3231912530484,38.876725303294194,48.88582878002511,0.8138569802888452,9.353506764741763,4.173459880675303,1
234.00227594443103,38.32242584100079,50.18787344085983,0.9009230220198925,12.008712495321046,-10.886871749813828,1
224.9131658109494,62.746838496794865,49.73141786880584,0.9283422964568576,12.814237419455825,-4.92071854866759,1
235.55091672903433,38.643640952421705,49.25809707248334,0.8654587287141775,13.493178635403606,12.768645426945838,0
228.14400979850365,55.09295323642008,50.83898291848435,0.9380519483586162,12.215834230563289,-29.443990232602196,1
236.86708414888676,43.839287846636765,50.05364293304829,0.8122067437146476,10.332353407656704,-13.41638735469417,0
222.54601962323034,66.17044924521683,49.85328429884334,0.9714669289845754,13.08366751654785,-21.457665372899,0
227.2614653843069,42.295752008621214,49.80028760950699,0.9633134419478475,12.498184205767036,-22.343449034130494,1
215.1506331117198,61.433615302058286,49.24336026542112,0.9970992542784172,15.262561071546834,27.54241298683482,1
229.47488584990646,51.84858654060365,49.34772555020795,0.9873009961803692,14.689758989853592,-7.406380106254936,1
217.83498704556732,52.52194854234287,50.64245839243754,0.8712394327837857,10.076961983142304,1.62531509457839,1
213.2893032475701,30.296914186485992,49.76305856510714,0.8798550768031155,5.0,14.029313224177955,0
233.8799172178308,27.970866467942813,50.01103385046843,0.9491929694956519,7.130248165113764,-27.153151508396988,0
233.19109663786492,47.79434059732686,48.977834761899466,0.8268165543909967,5.821008387053136,-15.5386416865381,0
241.74310602422858,52.46906063416612,49.34095398210225,0.862802942048967,10.271449975704494,19.92886724062275,0
223.5331164563735,38.74802172262277,50.304906259937376,0.8237081873951297,7.516681375287772,21.719436790672866,1
236.12079270255134,39.11306589523658,50.18885588005692,0.8909772898145663,12.982987485861933,-7.622944761551878,1
238.26196358410496,55.61472629826133,50.87668759936216,0.9104008559770636,12.700704157619649,-7.508304020893906,1
236.6716071174739,55.628544804571305,50.671478165815614,0.8422320939925505,11.36764757599546,15.41381262653291,1
217.61519475796786,48.62258939612073,49.884644513757586,0.805326337382821,8.395104612595144,-12.295786395007852,0
232.24045223406785,57.80201721186075,50.23647678235663,0.9438711663501046,9.986313218608357,-22.974355131600113,1
235.46210444081993,38.25797704279854,49.84169827854846,0.8040010328852337,7.414337228631297,-14.547872985564993,0
230.10767700361913,46.44065082913029,51.02740490931932,0.9946805217856712,10.835269825591366,-6.759316101853507,1
198.70283512443373,66.47877605783674,50.5745073480262,0.8443214513484791,9.215865186400785,-26.867717424294103,0
232.4073443596022,50.68322129939818,50.08484254542888,0.9327800184232582,8.613867198298859,-1.279184747989511,1
263.18796559095864,51.26312514586999,50.100197392438176,0.8869503452479979,11.003448666871533,14.400450766366703,1
224.59941096864526,73.0594658596774,50.722425143629906,0.8119347720674215,13.452995378816215,0.8247086688276966,1
219.0788435321702,36.006578341512295,50.28978892355693,0.8944367213268936,6.140458528238285,-25.68627956912958,0
235.60022839567097,57.9643036664211,50.779314008535046,0.90335212685936,10.234789960951971,-3.5910221192424885,1
234.68567315699858,66.639862798081,48.90317603687056,0.9709366416185737,15.76343146472561,12.534276482569965,1
247.89102748124623,46.75142073501454,50.2306141307494,0.9464698139295796,12.046616248261252,-26.514200760588604,1
211.13197766136668,58.596307868548465,49.74228256765931,0.8158604949506774,10.336057885118537,-26.40916861638669,0
240.9707037886249,40.17980502789095,50.87818899381399,0.8418325366864531,7.024788430483802,-7.763915809141039,0
238.85633091877196,43.13267604432649,50.77319934359492,0.8623775368429896,10.074337604769568,-18.302162152577456,1
227.8678019458918,53.849664160476344,50.01641790455065,0.8232815372929639,9.721087645546872,26.086847478505227,0
235.08030976882534,57.9856667311059,50.767815489405514,0.8913798141828981,9.77248799310667,4.880616224384589,1
245.44186222397536,61.20936512406246,50.891557259996254,0.9968618381725072,17.04868359772811,-12.760476035646228,1
243.08473070042675,65.69628586939493,50.03720333596307,0.9029225582475523,15.126476166623698,12.28660374689705,1
212.85471031889406,49.32553441444818,51.23596688621593,0.9483764336646339,9.718587008005938,-7.504256918440269,1
242.30237280133227,61.93611755172588,49.98432942366514,0.9365875595398693,10.913516331167965,-22.073061337259396,0
229.02967092451223,46.57695156550851,49.892739524832045,0.9699822870184276,8.857569261453651,-15.766066209385176,0
231.09311147023274,59.02091311588268,50.43293629429217,0.8431446980931219,15.537057209817892,8.564837067562543,1
231.09795486502543,52.074887978521815,49.823104634428844,0.9507652523386056,8.425205335146376,-26.8874336401805,0
227.7463551680261,54.45677907081924,50.042669887897446,0.97627104806115,11.60534002584365,-13.638657597116179,1
247.87561245660598,54.235078740220374,50.70471721202546,0.8343019645960486,11.183311454162268,-17.501311341469524,0
228.7442306022618,33.95294990202188,50.00960942610863,0.8693604439576008,7.392877460094073,-17.93189335940808,0
213.20680807425248,38.75878141139226,49.15249110351235,0.9940203528663123,5.219880570180541,10.965744718558263,1
224.09705216045407,51.02541439817522,50.1836596939246,0.9561575691959585,11.281674834633545,19.54901500526187,0
232.68042075215715,33.127209203588315,49.6518532104738,0.8565181665075066,5.0,12.951996483855524,0
248.43822176445576,58.31211103199756,50.43263557864727,0.9127883539288975,13.418383382969765,8.74366894803073,1
280.0,78.00639112561484,50.303340189692776,0.8808652245698958,11.058803262443531,24.98710630907184,0
217.24197081879433,53.2717055287779,50.73570017408326,0.897993035265426,8.660600431893045,-26.49645717454219,1
267.27784875018335,38.78865987242078,50.45376615039635,0.8710332382781417,10.699940382695038,-19.951014841425554,1
233.9716296646697,63.80138938868515,50.54512214182903,0.8558662037060681,12.304914323242206,-5.1355886597680716,0
249.13086106998523,70.37210639718359,49.66545161993114,0.9349526082782837,17.338883081627216,-7.652901389767937,0
227.72428349634157,51.470768274459736,50.40199324794525,0.9557083630172235,12.21564900168548,-4.916903822218654,1
238.00038867058174,55.10535378451236,50.984225644680144,0.974791424549469,15.324389719013066,-17.61270569743764,1
242.59202756777609,52.01738654796044,49.65567504568162,0.8310659934636376,8.070709007063517,-21.029801065186298,1
248.27292067631384,55.303691889987995,50.89986914586355,0.9645711047290482,15.081987208374555,0.551594847475684,1
245.86052458067337,48.80441243373604,49.72532495439933,0.8509601648954127,10.243661015162584,25.683151444127624,0
243.08295500109466,49.65435760156197,49.57401437747501,0.8854672779820102,9.93145420170817,-6.481832259004978,1
225.27369903208836,59.057176004973655,50.14810022167742,0.9802887371698493,10.743288252323023,-27.398807152828315,0
221.4238093706591,73.45624161896441,50.3579552080644,0.8909007201965204,15.703647050588275,12.370040573371469,0
180.0,56.60471110532828,52.0,0.8394127068088633,5.256512941918999,-12.533705668369503,1
243.99692108511604,48.96187515597033,49.5191187896134,0.8319737310474236,10.974826278807258,-15.294299561706474,1
226.6591894883509,38.19539514767918,50.21727004862714,0.8945967533304268,11.60048739269053,-10.544519958122276,1
245.9775794857158,65.92024898576084,49.657222714258246,0.9525344847953108,17.405208626933447,13.428931434472574,1
251.7892511822927,44.12262030680102,49.25553887196471,0.9994410287948603,13.886260230197038,19.129163212218245,0
216.2551862138987,35.56799206214206,49.535631842233606,0.9574817256861804,5.926712713783928,5.2833640403378155,0
217.4461894430558,56.38186998848573,49.62454981702209,0.9754023917885707,13.483921637862686,-10.651274776826906,1
227.89437411641995,67.44311114743111,50.26079758017625,0.9495664721869777,12.306317131402174,-11.37130601296331,0
234.61419002283796,56.635978685607625,50.57610683153433,0.9790870201512212,12.542755060082904,-22.541499005672218,0
222.13149479349423,52.04797877281917,49.26339668506237,0.8152587086627827,12.908153861949643,25.998062894111676,1
250.28304018300716,54.09140922775994,50.175980537104024,0.9859863197963291,12.132758458745393,8.288363938129173,1
236.36100292277678,64.14840662825554,49.41165090711455,0.8792812307451312,15.55453417765068,-28.381522808648157,0
230.59170572361108,41.258007299858505,50.314542704507,0.984322844656089,11.395899140310501,9.742025711200839,1
208.4613571419721,48.88152895913687,49.688634709498125,0.8151465674918952,10.455752550760343,-3.1707945483895266,1
210.2627627535874,45.47309851490466,49.47433549098836,0.9430485914242271,6.482765908110546,28.35347778281517,0
234.2151387542271,38.3213469270829,50.399832257673786,0.947137749734041,9.551379586070967,19.144129488384415,0
198.01106560767747,46.71624740583198,49.70653869727745,0.9993821778595545,8.93142173707848,-19.72105477003211,1
245.18956114466107,61.077210959824484,49.84201802432365,0.9537710541379627,16.46018693937377,13.206667132491987,0
227.6276923344152,55.66602148392725,48.890005456221814,0.8765147411631213,7.796429690075297,-0.8660397698841962,1
278.646394543921,56.443105001082,50.47327568071174,0.9114497103237091,15.07055395229968,-18.77729017980431,1
264.6187437592417,51.46475611653318,50.41045426058455,0.873310187633318,12.345959352377156,11.924394439796941,0
227.27826396128725,55.23323782728588,50.002728922140655,0.8392037290609716,6.554554787382877,2.8432547216547235,1
228.40494496203027,41.99409657651894,49.23620952932212,0.8497004655004547,6.379196674633125,-28.17756727370577,0
244.93372271003045,46.90490114072771,50.604684589167384,0.8444021068548642,6.040686905366503,8.795277031729555,0
255.54758914877056,51.92004236968677,49.6668683068196,0.9097630660326426,10.618063653434229,8.099225391746444,1
205.42956413845974,52.775158588818904,49.7733232749497,0.9812321269063786,11.736538638791977,-21.35489033691224,1
203.2043680196797,53.20187854921873,51.15602202817976,0.9825453252176796,11.01288531677577,-9.060736380198428,0
220.6694779166843,48.61664717983622,49.64818177794538,0.8109527555051651,9.038871744968874,5.153938245062392,0
238.74106374760797,46.2257659886967,50.37110498121325,0.8159798801903787,6.925648392615322,-21.673019153596208,1
237.45310385761397,81.57771283044298,50.28104613104131,0.8490238114344687,18.68724029998491,21.16340267008539,1
246.04657182475776,59.06787272932399,50.19508609644004,0.851011890493895,12.330497352263768,-28.350837222737773,0
212.00453707452039,54.13147475952623,50.14100027127726,0.8189778350478503,9.466094101650283,-23.829755101838703,0
195.25784205546685,47.66791501793606,50.1881942809446,0.8776926682346882,10.049953683609145,-23.033584808706955,1
242.8702129295322,45.48781173056123,50.13597029547027,0.9175450785382575,8.154011188572458,1.6864275585033113,1
217.5770559055215,48.691994062730444,49.97404082061197,0.9156324401198928,10.157544328879489,7.20684073011752,1
199.72268203417042,52.92828843586683,50.755641562055374,0.9086859362517186,10.452625588885923,-5.775552209910806,0
232.17595618939072,31.195644559369185,49.34366971960036,0.8677343849774994,5.1937585107686015,-12.679990339910027,0
241.89763532328016,34.30610404625316,50.51072905200769,0.9412911370633161,9.116112866125635,18.559042537533443,1
228.16914301818085,43.631176110610426,50.41117114934377,0.9652967881962142,10.564053933107997,-25.902840976414794,1
223.13227420726267,52.071394367785686,50.3491995606647,0.8692548532954817,9.89735238086356,-13.182488332032499,1
227.6095665178114,47.607268528481484,50.558489713820066,0.8171070718598924,8.58976402454874,-27.653065271761754,1
224.44125856398827,64.78121226099483,49.9537003023658,0.8592660502183713,13.540460054113439,-29.16659190202392,0
209.7792933208975,35.176032130042316,49.065512962086565,0.8274737309149806,7.68303885172693,-8.797206784067924,1
219.2797898451435,42.486545303966295,49.963853670142754,0.8934717454454362,8.449776391164622,-18.31058025330408,1
237.81919857520722,65.20091740991101,49.50440289118772,0.8311870302632157,15.128789885175202,-13.898048709705225,1
234.8251781206475,51.31119324675147,49.63407039507097,0.8925689515315954,12.071758116577175,19.256829447298088,0
232.5208970895023,58.848425828011585,49.37879016308379,0.8442005784649296,7.9746812320820455,-20.221194225046716,0
215.0727727721993,70.51246943269463,49.761327570778086,0.9477462210924806,11.563074044001539,16.814002029108053,1
227.27745256796499,43.06195582098177,49.70168815300828,0.8055136481671692,10.24804187400234,10.503037388781813,0
197.34402430335717,49.00685662207968,48.81121508503645,0.9109492607663852,8.316435614439037,-10.413268491550038,1
232.67714995828084,47.27573099069129,50.35011095564114,0.8338976549840114,9.501211131381977,2.793368710577269,1
251.4328656172035,30.454069955167245,51.11016092900244,0.8001983728939255,8.405823269959667,-3.3338634135276735,1
207.88801801936842,46.89603196244031,50.30311859674814,0.9738400176129615,9.481263813331132,-22.29628107014008,0
194.90468869592206,36.22830075145865,50.12257561012667,0.9343055575628135,12.229440800524522,24.43111930405054,0
234.93660168065193,55.40589541812241,49.97262680216189,0.8197885644101047,8.933624985979131,4.177078055145607,1
248.79263951641227,56.1908316938801,49.78950706599341,0.9328144735367712,13.780609735865387,22.814402747727293,1
223.27663075549776,46.24491019360501,50.04502079193348,0.9223294665475197,10.696452248457135,19.429590708797413,1
219.61624506101157,43.43902763994359,49.981495952963385,0.8946713374086407,7.379325857184954,-25.213444481434607,1
200.46615286375877,62.692556718986204,49.579475784800856,0.8838516196851228,9.263970761058912,-17.563760038892852,1
231.5515719396216,45.0268285364233,50.841444194473915,0.977413952583147,15.443128563394732,-21.284333137510153,1
260.63114060215617,52.94082038793214,49.25642288214512,0.8490296039794902,11.52911595219447,19.846771967215126,1
234.16037692947015,51.633346806775386,50.35916577159713,0.8796620114026767,9.268154751426088,21.746797587312138,0
229.6658153122443,64.61717016257118,49.949401186341234,0.8658230825789655,14.262294862608863,1.6782905885019552,1
234.8312346615048,59.714123576723594,50.95041590753287,0.9542402058073267,13.279475536859126,-23.749315649519584,0
229.83361994077097,37.04741379332879,50.17043229962411,0.9832930612465078,6.200953314949687,-21.86300288741903,0
217.80478441609804,38.1244683322496,49.820047231408374,0.9699563397480461,9.020325459936684,18.812928746296045,1
242.34919873516557,55.78909818069134,49.87614640078275,0.9595407860599537,11.267174798394027,25.751408191759815,0
233.3864228466763,49.35662352620834,50.01995334725988,0.9973579891140165,14.641648051419443,-18.031458893360597,1
230.26419877900486,45.44828216046236,49.4286046525018,0.9394289100820771,10.820238280300504,-29.331745411669615,0
215.36950959082625,60.156278839944704,49.616565237441044,0.9502107582427067,11.757006557486863,-10.142825690953327,1
249.5526189790214,51.87459382088911,49.10752801540407,0.9965605079410038,13.119609041872355,-28.170036621127117,1
239.97054117999664,50.52457386889444,49.538511550812956,0.8013981570798349,11.523055538311677,19.67849496468228,1
221.70618743949046,57.7982864075505,50.04695324083023,0.926809675287273,12.248282007405853,-0.5092645664249034,1
245.02737280522905,46.248910050564355,50.15008752464226,0.947794306390658,14.984859923989582,8.51164672578119,1
222.5364374242219,65.68518985472554,49.010335152501796,0.983565410751439,16.648853061981544,-5.310907431807472,0
218.26994761233445,42.11952376766992,49.9313941484779,0.9767688608368685,9.955067216835975,-9.269547179251088,0
218.6044532377957,56.56929066342088,50.28170497541107,0.9683921362467589,10.101454819152732,-16.667975215434907,0
203.43397170367862,64.33832838659845,49.918543903311885,0.9891582543883408,12.652922178868742,16.23195282228874,1
237.0731357062731,36.227045107279,49.6831056771111,0.9074758375827415,8.75156912888744,11.732855064931762,1
202.53282682492474,46.566648241475505,49.79391942747589,0.8013840191169654,5.912350156534719,-8.356260930234832,1
211.57334253101357,61.42207392885558,49.72961832251139,0.802210879739402,13.01180352583678,-10.733031942049024,0
198.866179863822,61.572445477310254,49.68163472044597,0.9089278111235717,9.181212795371893,-29.92542728107926,0
228.7089546081366,48.28504399611761,50.08691176262242,0.8870544477727883,8.521487739588663,-26.186872197271654,0
227.7451930959219,42.653289063231405,51.15384411386773,0.8902490106730897,7.523353123151227,7.395331493558089,1
225.09955680220455,59.559358223307626,49.62815004154741,0.8800809474420075,13.286705088980302,0.8764386141277001,0
214.36133457994134,61.83549102581605,49.84092868366929,0.9835451618182471,11.42715448922721,-3.911807730898648,1
212.4164936984504,38.35336651487605,49.974151030312385,0.871834070233958,5.0,19.650134448099507,0
236.9655479531986,37.960863510336196,49.65632278282085,0.9712453883526166,10.912834776689401,0.23389226417079811,1
221.74172102437268,52.252566819836,50.54911790176171,0.9805729587583282,10.472708671575415,-6.930385115560803,1
234.74537482304217,56.293606334288924,48.81455731334678,0.899900353999791,9.754865294487502,-20.3246191485009,1
216.72126970813667,47.009309147699454,49.73447041481066,0.8893876074730177,7.551290167523242,19.241280492877152,0
232.71594114156625,56.792938199823496,50.40915686815998,0.9522041208430894,16.0184474907322,4.574895007271266,1
249.54917055974096,42.89863393162618,49.85295284580568,0.9415943015279765,8.765979515957643,-24.45240204463456,1
238.79248700589176,28.853064009262646,49.589580520574856,0.8657070233192412,5.717894204939356,8.933903879824548,1
223.8137927267528,45.76098927667404,50.22037837721938,0.8205096251849293,7.509774092815808,-4.495755270695405,1
233.8579845553389,50.632321465131014,50.45317161769857,0.8529704800364961,7.634504445424077,18.683173415279754,1
226.3900223820468,47.241600401035434,50.10531772260753,0.8262057011624598,7.350855133986089,25.13487581975977,0
230.11820277042094,38.41396736340515,49.599389820093556,0.8589464551553383,5.0,6.0279487905747615,1
225.11583421777246,31.843510241211824,50.22810165957587,0.8523643131161598,8.02191769531683,13.896769158801987,1
227.53497191171914,44.85911195632102,49.7989753498626,0.9275422847773427,9.669197793150145,-26.60454914387006,0
233.18140029611263,58.97655771649744,50.372593440946915,0.9908992056909559,18.592435563352247,3.6153273000694384,1
215.09961950627073,62.561974394136826,50.7416294424283,0.9371487464660967,11.193442543487206,15.320398701328443,0
214.76181759515032,61.87713384138455,48.697211622155734,0.9853298816129139,11.376176298956203,-0.19427103131377876,1
209.17186169253182,41.84090464851447,50.055533736597816,0.9568264517216887,11.44160715626523,5.6130053702602325,1
205.99593343244436,38.46293676369636,49.13213303152619,0.9455755244142346,9.60794615442753,23.936891134862655,0
211.7407596166928,54.96634614979895,51.22089429266489,0.8828123880426683,11.044244328355175,-18.114025678128034,1
232.39193760206194,56.351000115979254,49.76593773310191,0.8649589005726738,9.09970191042186,-24.105209546885288,1
216.60818726762173,54.001696052004974,50.37318662091268,0.9692554744945838,14.827576871113298,11.438616788370055,1
237.70421696346645,29.859367257622367,49.98234157020255,0.981078646585801,6.8191931503864875,19.370934331346646,0
230.52070623128841,41.331154151165336,49.59845770964047,0.8903764987301864,7.621878196418399,21.029411314953812,0
200.4724367984292,49.70311209714021,49.538973476411286,0.801812619637329,10.275263803276118,8.498669825473215,0
239.82463376332535,54.87218194630427,50.79283958655038,0.9585062117812941,12.569064852772366,19.992805090248204,1
242.16197968387564,57.673073626024866,50.477969030089156,0.8570137680944584,9.637907528009086,12.039852343397413,0
215.0920598774772,51.4425352228204,50.97179204368878,0.8019775730033842,8.954391501801103,-24.757385045592557,0
236.30287314342488,53.30783806538236,50.02772666757885,0.9609977117952244,10.542793852184946,15.722610473099287,1
217.15252643886203,50.848654583611044,50.143959810623,0.9034828377633797,5.0,-19.23841862698022,1
231.46505565122504,56.85619374218483,49.86640421717236,0.9370421492676938,10.568262369008364,-15.803439444541635,1
211.03252389567552,53.12865651490911,49.8564588984425,0.9829379642288956,9.965105930429406,-6.320962380080111,1
203.10340321198134,50.65737660047287,49.479056533761316,0.9082347660276211,7.033251726753322,-11.125976020419785,0
224.25774215580546,47.31631200862619,50.04200509546217,0.9006388145157932,10.70721592492228,-10.700895701825278,0
228.14406580587746,50.81291425042481,49.6053767025569,0.8581324242696527,8.393146078995889,-19.844428547757254,0
224.03480459578094,54.84591378839275,50.2209544610821,0.8610387668879905,11.536774616733195,-12.367737173427336,1
212.2395416266616,52.67475388898061,50.085005109490105,0.9593084132059292,8.25810781402465,-28.820244601447094,1
224.00151406803295,53.808264183452536,50.14384102183786,0.8898058491171874,12.543385771175917,-1.6253431987004383,1
234.039421288711,63.427218613511855,50.83756496984511,0.8327052417216241,9.808102541752158,16.115457526188408,0
229.32660454816195,52.65163922746587,49.9811410251172,0.8189057528000991,5.204752530441422,21.734842153490384,0
232.7375154589882,43.510014795268425,50.37836350142671,0.8945840233723559,11.533452222530267,19.225713537566307,0
219.9482719931865,58.83606785994169,51.02575473204279,0.8929910047235461,9.844312056446,-5.01253686029321,1
247.5757687207424,36.33801662331082,50.65330853464752,0.9306916556410793,11.88674406713633,13.825588869831371,1
212.3573999516783,39.18586619260713,50.57658484922742,0.8942134955490282,8.570299727734271,-12.726553554287253,1
245.92739184211513,82.8847630502996,49.56179321865153,0.828695140826843,12.074028685974568,-26.666251636942924,1
247.72836639439942,55.16396667786579,50.114821527783896,0.9015605769597027,14.41138275931129,10.558291523475994,1
237.21362139123343,37.54948776496005,49.34086185398503,0.981357880777205,8.96655865064549,8.927769884184357,1
226.96213659402756,46.1718251901325,50.249457200482205,0.8318882823240425,8.965681189078197,18.097763727772538,1
222.0755443000553,43.93916167780341,50.13723008880692,0.9379509281955498,11.715030039338936,6.966372402172794,1
245.54131476569384,45.13323677118403,50.01169256257809,0.9187718529931053,10.404614927732506,-20.586502501565015,1
208.6553761210749,59.43597776272946,50.51359739412143,0.9497171453423605,10.32169292626418,21.18974352301189,0
215.44813609430534,57.06505463547253,49.3961125887878,0.8301200546855186,11.37747765540347,7.635167281122044,1
224.03663351762418,49.80877820146293,50.817431425580175,0.9883210673811988,6.801379055270593,18.456581942100243,1
248.56480636267997,44.54038072885072,50.45088234397014,0.9241932855534317,12.871019607292414,16.44642722256245,0
235.69651454061344,36.503503297798595,49.964683010174014,0.9694142275382274,11.021474473931848,-12.128130766494696,1
215.47931362234633,64.2018493878195,49.9256352060913,0.8493213527360471,14.145989687795131,-25.526821508876857,0
225.34538441922643,55.92113900284919,50.2403056076243,0.9478825778795923,14.264353117957718,-19.409735454624908,1
220.78515283855558,42.933308959268594,50.76042561603189,0.9562061408667838,8.895562910756219,-24.428259941204956,1
219.35316511649697,57.19599497624891,50.050803859345,0.8794870544774152,10.82078758006054,-15.395254075191815,1
244.68334337835168,49.29776379425374,50.07201545098961,0.8767906905766845,8.116868699985273,-2.4280636184404223,1
209.42385306104742,47.12890495137657,50.00905923881294,0.9315592530051499,12.690494885837747,24.40863629887697,0
254.1317128360156,54.35211528289602,50.89101205635074,0.8186815363520432,10.338081093580087,22.321125355238074,1
242.42344535276933,42.58501750087275,49.81555844853149,0.9471248300435018,10.457514825604761,13.115988905743677,1
246.36292505905547,46.5624348048989,49.98524620069046,0.8085773519678823,9.783489689296443,-28.55325842713044,0
223.05590731962113,51.214610641995456,50.731717827130495,0.8381180602241652,6.893588894624708,-9.51664792076679,1
227.75088921381337,45.005488071147866,50.073505416806434,0.9328287514482735,6.072181899810152,10.940905589071185,0
208.50272278212933,56.69085210267524,50.568529430022764,0.8196647334183929,9.699771881288159,-22.2582661896559,0
222.13006389399794,68.6906650367826,49.54435997154852,0.994368418295358,14.264821430244933,18.065271000954517,0
237.40482271464725,42.45701867392857,49.897353739185746,0.9736792418923801,9.635327165352905,24.874420799255617,1
249.44094592672093,33.34874703695955,50.742217019220114,0.9252604664813473,9.827650242925634,-8.753733201730473,1
213.39264774796322,29.982598325237383,49.66183014211823,0.96381149113387,6.6164178743374125,12.350583711830005,1
224.517410945221,48.49531858505018,49.924350480115145,0.9775160097179136,12.160281791848819,-21.107752039877198,0
227.73051169651217,43.36835409873817,50.12834261544574,0.8518951299143638,9.304226040920353,11.448986946781616,1
209.06316196711273,52.078605010670806,49.50542274100351,0.9698823175898639,9.927136619980853,-28.712675262777402,0
238.870238626376,51.32597672026101,49.79309494068905,0.8389587567275204,8.282236342341859,-20.95370959133394,0
219.14014502386087,33.96783153385904,50.05631834091282,0.8826684528297631,7.099768605051682,12.592886796520204,0
227.06914473234465,31.85116170518594,50.02334086708098,0.9116519262497199,6.761231259495974,12.711013372578371,1
223.22075942132184,52.959332403460955,50.64017601041857,0.9427781926148064,12.975480472743357,8.469762350710624,1
218.15992241420489,51.35428834719957,50.770728597416124,0.8060282635445056,8.728495244231967,-1.3581585369478049,1
229.89432521779167,45.741820016334486,49.57195756399955,0.8581018825556378,8.428931683434364,10.494485470316704,1
226.76585632147967,33.428564148676955,50.05563425958375,0.921703819642078,6.527937380716811,16.428047897327296,0
224.42213176582,54.713912627649904,50.33712415421238,0.8714737358298238,8.863383982225214,27.988899542204628,0
219.07307567479486,62.71899545423943,50.7581737328996,0.9550050111258988,16.015630034438427,23.318461892916297,1
234.79287006174434,52.77982440218922,50.359245148658566,0.9303304322301432,13.80821593435072,17.672052153967478,0
254.80425902738426,41.525261094349354,50.14545670079617,0.8468802907447472,6.534622657096241,11.685451002862372,1
232.0983084925869,50.44552165571152,50.333271265991314,0.8291857959184666,11.316269127084782,4.449332725942035,1
244.94177322366693,36.33885919066315,50.33688441716813,0.9258093987174101,5.0,-22.763470598885025,0
209.14667112269805,60.57960713838793,49.53614285385782,0.8900934655409516,13.248083298905643,-20.066589474096425,0
232.36642158940654,50.818443345295385,50.09639939625313,0.8337914082202638,8.453124800751402,19.21677364025397,1
213.539475215434,32.31843088246768,50.72958049709435,0.8652748410636755,6.691288431627936,18.198774732433236,1
207.84612608702147,46.99325639556317,49.896321615653,0.8606093496637174,5.0,6.8675355584017765,0
218.90942888811446,54.633015102342306,50.064723321273725,0.8216263944678751,7.428982047786557,-3.669592037030796,1
247.87849001620359,46.669523790244774,49.87874177523699,0.9093818038530457,11.457472101146418,-28.43804101058366,0
244.25023743004468,47.24104278559826,48.84307025219656,0.9527297267825108,9.59138507771425,-10.369383448287365,1
233.645070830816,37.75597792952728,50.01029508861734,0.9150933777705974,6.392568787017507,-4.76162054608093,1
207.00949160165104,55.66540987081656,50.150895965326434,0.9652582729874705,13.914653354061727,-0.8510228295947684,1
227.05579022918096,43.51530799980863,49.74375330455955,0.8255137094430863,12.578326260780228,25.759475913672553,1
234.52550013352604,28.435546229949672,49.422681525557635,0.8871223715644448,7.790123394475147,-23.47743601199143,0
232.63304344367896,46.287426293296065,49.55969677010918,0.9218830207316199,7.743061258885229,1.132015186786223,1
202.34309624778882,59.811497155703535,50.38209380806778,0.9352003121883815,14.845247629113105,-7.924662182503216,1
216.64523227970193,46.130705534000526,50.98626238652345,0.9391572612846855,6.263070722861992,29.405887152963096,0
272.93017478163216,85.06419327078066,50.02269434090365,0.9457930854195762,13.987065555765005,21.711840976974322,0
238.04436364275784,54.28967948548517,49.32782699758472,0.9302859624392034,12.131968678401302,-3.6728487456647443,1
197.0580826835008,53.38758162280366,50.42731365527535,0.8188456177881736,12.462703730605575,29.98173656128563,0
227.56814036780213,48.71601734082391,49.668418812095354,0.9390611355204593,12.235950487095915,0.8437947882897809,1
232.14573154818427,49.31713792235709,49.70886646874561,0.9449565313548776,9.89106804068401,-19.972932204515956,1
242.7441798277432,47.36576364880496,49.769012201014355,0.9986959868667254,9.592857672743817,3.3524815096028746,1
240.39286376356154,46.97730607917474,50.35303347492771,0.9386724873402252,12.604822286859822,-16.427654051781204,1
216.36325841398968,50.982277479915886,50.85618946554441,0.9373660791503098,11.310557339535839,8.178770404575118,1
218.00089239947098,40.641687702094345,49.950984464360104,0.9029626580363944,8.433660870235872,26.24641049303554,0
201.37996794315038,39.2410617127574,49.95946462949599,0.9735845817170228,5.0,17.171914610101695,1
180.0,28.216721393301025,48.0,0.9993669523922317,9.82109879216652,-13.61017857485669,1
245.0244773781284,70.45654547677154,50.28399726976212,0.9558089740394864,17.478073290929487,-12.188482502039573,0
250.90181791286648,55.3034290167058,50.588112853379265,0.9225000755715617,10.317122659425198,-25.842707814581278,0
240.65823653446677,53.04492201680145,49.3578140122454,0.8157909653863137,12.477386823093141,-12.847929861223356,1
236.44011234202603,39.42485329706568,50.010013669902015,0.9453478263459255,9.921661742156939,-24.442512019330966,0
235.69459472578947,56.23342300674828,49.46598781205441,0.9417123137163901,13.961422378916158,-0.03307684046142967,1
221.65821879858828,48.83428653546672,49.9745288604683,0.9551136295618864,9.581290126187781,12.500824769895459,1
228.0490955966957,52.1416894113175,49.88691235615962,0.8249110776798979,10.166819177595183,15.070869689949511,1
255.03604288739496,40.23379684136444,49.97662527304865,0.9307465000252287,9.677211178686882,-26.428246065109256,1
215.86162991312185,51.602688574175765,49.600128555944735,0.859144780990335,9.273707669965605,-9.602646105707876,1
257.4829309441117,58.22406658432891,48.0,0.9520542486805668,11.416831855586818,-12.709694007153978,1
225.16957768261912,42.343888429698126,48.95278123664255,0.8480747908062933,10.598902087615901,-23.741980620759925,1
249.88148163642617,57.34106335807249,49.93440992286758,0.9367957353640821,15.57275074640686,-8.251721344079659,1
208.89777485753692,34.62292191469997,49.78449944708353,0.858998589396796,5.0,-12.040793451645833,0
238.78856301746973,55.647762643141505,49.66203116759809,0.8017988585634863,12.625146376401682,8.069953760356604,1
218.94844796078567,56.84486133552996,50.66127423141583,0.9266715823946191,13.91572851904565,22.99815982402278,0
208.7709921211372,41.2035632444876,49.57028090660234,0.8226538166317845,6.77420227016907,-2.709496747607048,1
233.2780106361642,41.796715388675324,50.7084170410694,0.9318582945576428,10.10274984649235,14.799910366009115,1
180.0,47.29709422732581,51.456959861751514,0.9851218896713875,12.524149151962066,-21.239377973359545,1
217.32587842109754,52.820362104622205,49.02454976660531,0.9938491868422181,9.70869175083599,23.697982718631877,0
207.51476059312398,48.471450081857746,50.046190729499486,0.8471846174655225,7.757528938715472,-20.844315707094463,1
228.62232853497568,54.335624601918795,49.800151754582004,0.961850645530131,13.450053358318275,-18.47392916403664,1
228.6884700683423,67.62979652537399,48.54409802764137,0.8707106553744881,12.474901219922526,-23.61217178473941,1
238.22479441331748,44.92283230850286,49.277679373465794,0.9800914145495965,12.439675253914086,-11.41922990876781,1
244.24391857046732,32.8482002929658,50.38746805355424,0.9574979137258748,10.29192494192424,3.144626802931562,1
229.10877228091258,58.25923583030653,51.00959962635563,0.8147843433291527,13.162842288996345,29.279646684379607,0
257.83254972191395,66.8331457592753,50.45133907134962,0.8814273987754555,19.148154931804296,17.602082079452636,1
280.0,52.670994135681795,51.90626999661993,0.8674635652019349,10.735351129283734,-7.17385182648108,1
224.8036024098965,39.12251324646332,49.98933380918446,0.9570362041446554,8.77142254998423,4.550763474214229,0
205.82648961345757,48.76107636764799,50.84133145732406,0.8820571421306318,9.493934871761684,7.398481856352461,1
226.06010719525747,38.81476515788368,51.07411960097882,0.9369176795306168,8.100160195623694,19.363633274840822,1
224.95419581883294,56.42855493962948,49.70657866023791,0.920487051118088,12.76887347911452,14.187107125188028,0
244.40457194422206,36.487095973015656,49.000006719844855,0.9951277438195267,5.451756119339775,4.15746761826842,1
236.9372543610028,46.998712131718,48.9509062683644,0.987556991360323,11.40699440704203,10.150981622379405,1
212.30946317551076,39.956621737060935,50.6609404960799,0.8855399029477438,5.0,14.755056657773977,0
232.58381579616557,51.268246851349616,49.97647072961281,0.9447156423282299,9.339698152498958,-22.01135645199574,1
240.0729675759358,46.33658322862242,50.09162095522936,0.9658920187962443,12.210517989321511,-17.9726723216772,1
252.92047039081748,51.76762103250264,49.10467450352164,0.9797771507724291,12.430078979175216,11.315057334451005,1
243.31255951121088,50.223505549663656,49.62340554360577,0.8136268527552968,11.337756968380317,21.025533719257922,1
280.0,77.28735517902828,52.0,0.8604157598546994,7.894769694240784,-5.444263038013929,0
230.90128991922745,56.26877063529022,50.10391919168204,0.8640460081937044,13.438957803383499,28.79341934827236,0
235.82468008135174,49.51234348156885,49.80070398054312,0.8868891902439757,9.877363030431988,-17.035696039597628,0
248.74257351059236,40.114709921340996,49.48133690084933,0.8338529501430838,5.0,-4.9980430773936675,0
210.00833903780526,72.40926556205793,49.60771650369874,0.8992411759900016,14.1251407015548,-7.288617392204809,0
224.75841009174567,54.764301667171246,50.604161642973615,0.9326428654596912,7.141936401872359,25.817756443585743,0
218.4114687686564,48.467394466006944,50.12239230980175,0.8994727840433435,6.616228505346779,-12.877288945647628,1
235.68729678089187,64.15204526701824,50.30607840347778,0.9331586190395231,12.343299282775549,-1.7525533174670649,1
248.4533326347618,68.41815609386607,49.55056309456133,0.8132883263635801,11.809440684286214,-18.76596962308023,1
221.0453856991839,48.546505776861146,48.52308825729969,0.9751974663414821,9.374723965193617,1.2759743137466302,1
194.14543448795843,53.47397486434762,49.738447846557754,0.9878138384202138,8.171079020867682,21.44425016781547,0
223.81668882463293,40.11997181997059,49.56671472278725,0.9235814848237297,5.481412393346215,-11.75763228656615,0
243.7021059802611,48.528072492319886,50.174506134314036,0.9762781997273794,14.62952161148769,18.647524329769695,0
238.0644485442482,48.009374462401304,51.64286185684092,0.8262892033296425,8.087638967877607,24.67869493053756,0
236.42279371715864,51.84827033621654,50.34758300880913,0.9594897840152621,7.299998813948697,-25.622526617126184,0
225.8001004718828,53.3276047863701,51.36798007969175,0.8238296386945189,9.198207768415525,15.385472179155059,0
210.81453895670322,55.5982844882806,50.28438484766973,0.8816020462995073,8.083730857048174,-14.67939383097055,1
237.729414824367,52.37642656299959,49.68505688121364,0.864763706911655,8.997598471943599,-19.480340247802253,1
217.48577284948064,37.89257373370835,50.173958039060444,0.9171183650440908,8.97874516234071,6.06734352150216,0
262.76145100070687,40.61532894258915,50.890319299738856,0.8603029070479067,8.284960208299728,12.336156973721984,1
238.55760812531773,44.53592380536327,50.91478129816062,0.9274627259334265,7.548526441493982,-6.314340855887174,1
221.29027546169073,47.17759408076771,49.71233131597846,0.8734774578303917,10.011561707802596,-27.649577575068566,0
220.8292212891706,60.507742904721134,50.126591847849646,0.9721580762060928,15.289739026840477,24.52227145180759,1
228.60583690079616,38.37061013147087,49.28536656016443,0.9267767680439223,9.203194215656202,13.8448150108497,0
226.40747116967376,46.425849518293,50.41233431234571,0.8430596594642893,5.0,-13.699991599019118,0
246.75250663294932,59.5300949821405,50.776677349527944,0.8672258844056174,10.508875592520027,-0.18816865531560723,1
232.7962425461607,47.00122525503388,50.01989972705801,0.9694841775253311,10.70271045745196,-28.33243260197532,0
219.02552391637207,54.60415649842824,49.666307972819936,0.8772959499974917,10.003601058751356,-9.643033091643488,1
258.35661027733676,48.604579570720965,50.180065475638784,0.9071598131131291,10.736940696246732,1.3521141351070973,1
230.73962497280334,52.56783257324723,50.20872951568158,0.9297883871904665,9.312338095993004,1.0334169069750097,1
241.53259513953344,47.71527456190459,50.04057191592481,0.8695619299171834,7.210354027019471,-17.508907319487534,1
220.87660238832862,56.67065472728354,50.089357562167976,0.8587957261516137,14.765299910217495,16.604841971033444,0
235.44673441616786,34.54943592593565,49.913092574765315,0.8950509805216057,7.335060528865463,-12.068270488401392,0
234.66664986714792,46.36687991611455,50.497977464113205,0.8429761944185579,10.45646555078554,4.82460139067836,1
201.6552606185577,52.96572676694308,50.368113722582564,0.8568421173838128,9.16427657359657,-13.708666467721514,0
260.2291266569096,55.33695248006193,49.508448426427925,0.8124156968064072,11.791716444898668,-4.4899276207937895,1
249.3596669138382,64.92952622753828,49.494704698420705,0.8607940551942012,13.812741921572304,-17.549122484986185,0
224.0420702578102,46.089753331344234,49.872812791486716,0.8641408186727139,6.682264185105572,7.9804675519223025,0
213.46595389316218,64.79481761860873,50.36841856205259,0.9923666332582639,10.69692781716617,-4.464938391518956,1
237.3009986065263,37.30450679677865,51.308247169674104,0.917945765093176,10.145189866607543,-29.032961730734144,0
231.30046549121596,63.286464115446435,49.67842479493867,0.9574764850831612,14.391406192059588,-28.310100358994035,1
235.33503422844845,58.17467126698372,50.13075929836292,0.8090754505560646,12.953240203003569,-1.7319408917146681,1
232.87366094291136,40.86541420367777,49.83459474023886,0.8213073387216744,9.286675375745222,-19.00644798567874,0
237.5936148395889,53.07039237251822,50.44024323011207,0.9629073921725184,10.524454374391608,5.10252288868454,1
279.5395061945334,40.30810603970846,48.0,0.9247099098835272,13.783844339219984,-5.508493093678723,1
238.5215480769297,56.255845936750006,49.842360906273925,0.8381964061080406,12.777167777421823,9.26519013238336,0
214.2551675163509,47.767284115666904,50.11575938602323,0.8809590811723477,10.39775971284101,27.143710443837094,0
250.4384427906868,46.927537743382686,50.6575240297621,0.9077344999963246,15.1667665105436,1.724168087715217,1
254.6092184523243,63.69094582762851,49.71518496172681,0.9687219658274884,19.797005418457687,17.242716215405977,1
277.28085101768124,49.01279105544327,50.20132849082358,0.8120823983388988,12.416277784607605,15.182459778956229,1
213.14758950140603,58.26422324191766,49.964769829767,0.9193444578734725,12.547621752629563,25.307466259431912,0
233.64323019725413,47.746485149558005,50.21349184193105,0.9434071843173368,12.687624135143487,-17.158927965719627,1
198.76851945216518,66.66663259227523,49.67271752920213,0.9955783715820918,12.024728312221571,19.63961824709645,0
238.29723734568813,43.21665370664507,50.05516771657969,0.9614320156584368,8.761561786222757,24.33122271028121,1
221.7769955274984,43.85856468752815,50.5539116412084,0.8552454627130547,9.66566208837227,-6.43422114314534,0
258.8516869223743,65.24517181115903,49.53149650937694,0.941915838775653,14.194897502962188,-11.171028324061911,1
218.38077544972128,45.55053609104747,49.33529744833746,0.9526555769853955,10.661948279056856,27.12215458069727,0
204.6622544304911,66.01074306164392,49.35427221775652,0.945947099983679,13.09332214582561,7.657969328332079,1
222.93104388946222,58.91840579594813,49.414668734899905,0.9640288135903741,10.949889256774505,-7.1594108855119,1
200.36768343174293,48.453502934391665,50.297661643946334,0.9807459952427275,9.573321341803704,17.509663255897813,0
241.26649181760965,31.867065279828417,49.29707015706727,0.8196859737978681,8.912281944500222,-11.731565903057096,1
199.02375430615518,49.80681695728164,49.85105232762823,0.8209527715362238,8.302632032260352,-19.415544835808277,0
230.42686371774738,51.016300535334246,50.30914465165535,0.9592799977541292,11.449936375625901,2.638178147862334,1
198.83282270215705,61.67217733304373,50.2083295302743,0.8504744953042942,11.086874170344407,3.9727226946362038,1
225.19553293195037,65.88447176240112,49.80722051001876,0.8117082843900156,12.961602542881787,19.544788936040284,1
254.65067233706802,43.15012820856252,50.09546186587755,0.8802458361961212,9.010644427951823,-2.578358698774199,1
235.4097183715369,58.011817639881826,50.05357266486878,0.9639753823652156,13.865095913404618,18.87519237032049,1
217.047595925526,57.65402156013349,49.88787952222591,0.8253130047627961,8.229551207548141,-11.320639239099691,0
229.53194766591375,60.73412702410445,49.89458264067271,0.9343683943608935,11.427348042257044,4.522092130667517,1
230.2702530806667,54.98689912135544,51.11771371737848,0.8007231723543136,8.796336223118042,-17.491633265957052,0
237.08945518765108,30.575023090382302,50.40465545196565,0.8219474894424901,6.897835525368945,-6.873242945004215,1
209.4971245507876,48.445775674722405,51.24032545875607,0.8701700691536974,9.152039839013396,21.452381869971063,0
238.88850910770995,38.44292425083085,49.75151843353975,0.8167204562048829,7.231692661339725,-17.040708393854697,1
189.43412552595836,47.973942270819265,49.957516701555924,0.9691803334874226,10.189355678436089,18.61436777395606,1
220.55173171454285,59.80004236133894,49.33393711736168,0.9728141006290938,13.588172159255416,-13.027700529155627,1
222.67589236322684,53.05150835874973,49.59521659895521,0.9511141406199048,10.655835475217053,-27.930616819232778,0
239.4999023910686,61.480908663974326,50.95095657433125,0.8484959262791235,10.423362203067924,-23.403925796589224,0
230.33946279015305,53.41753920713539,49.73898285507912,0.904649415047996,9.491540134161465,14.75277271924729,0
208.9165541921557,37.01674060331097,50.95964065007223,0.8368377051046743,5.0,-14.275744409871105,1
215.22510311274476,24.791529934272653,49.378318869660056,0.8562556900146222,5.0,9.248735534476332,1
232.9802001432111,51.4880876167959,49.47326548296336,0.9032010584347583,9.110255849786252,11.951934165433983,0
228.81398987203167,47.86073533648835,49.82938438948829,0.9470027616921596,9.3801761824835,-9.292892133918908,1
221.3131383554638,40.230542606181174,49.96812503916041,0.8189308760787278,7.036208709346179,-1.5048607673315857,1
222.7874931573203,32.99372750348622,50.46154364622507,0.8593393395256173,8.404641401249396,-5.773974572651362,1
240.44251995738932,42.65256786527291,50.22538520859313,0.9853242697143845,11.962565278415799,26.840939781272034,1
222.2346114069618,48.05508515135224,49.79184237132799,0.8858246635563777,9.350750364204693,-10.803068258904759,1
228.6786313395639,56.6587782370639,49.933342096740944,0.9877739347818628,15.329249968767556,-19.000617466502355,0
262.54904882120815,51.8863108156798,49.84046854010765,0.9982801083104271,9.57457496166862,-8.064429427465306,1
208.64476044674115,66.0806724717273,49.542673132337136,0.9053319652222832,16.23660243282803,10.170942456120727,1
202.22235902638013,39.64395943954606,49.55601853169919,0.8576088019569701,8.260359144125935,11.841761421687913,0
241.7538449719791,58.81058892057433,50.5139419457167,0.9581553617145158,13.828358638870213,25.443438921600418,1
219.82035408058846,50.47298743128728,49.08591753603643,0.8318621471050031,7.446782815926083,22.90526909254855,1
180.0,35.963584419981174,52.0,0.8504093719344141,10.031131147556884,-12.700768774963468,1
218.2826543280333,45.63485136734457,49.82850288719889,0.9569759818998564,10.751423277156606,-2.6902050619442157,1
226.10299788848732,60.716803738905895,49.61374569680392,0.886729184946406,13.437399895236112,14.836139291006042,1
253.97807168144513,52.952247583452426,50.36987964534863,0.8403075873975334,12.637839570061072,24.992236836121506,0
242.0319268792718,43.2055501508225,50.742608292073555,0.9302251489904649,8.27048491789428,-9.770099228586492,1
242.93335267830466,49.87975971086812,50.55881622080198,0.9465523722763366,9.610112486870783,-3.3335139493802473,1
208.75659416311032,47.60444141062901,50.25092602467995,0.8250142478901139,8.58918845168176,23.968696227216533,1
212.73269395170695,54.891783506377934,50.54343174486092,0.8553960519949868,11.528404543249769,-8.49096761049464,1
187.4138201077186,38.202232506254916,49.141751211428065,0.8442553510744467,6.050922540346464,-1.1692208284958525,1
217.85928768375868,49.706482978843056,49.73908472925593,0.8759709257524905,12.448874270323577,24.270248473084735,0
244.35054779578488,53.95307252649331,49.54441496998758,0.9526889791152129,12.626014666347151,18.134593079390896,1
279.377504849167,43.22263554098489,51.61324748032631,0.9427416204548649,11.279640292069974,-15.394144499411833,1
226.67730105571815,63.46941244388996,49.80826099053806,0.9325047820767408,14.757136324770599,-10.512296075283999,0
229.6654957442292,57.74022774071052,50.422703278391026,0.8012571091737183,13.06388114479574,-8.822476352439654,1
219.6667168613689,49.925192032592534,50.26792847124432,0.828428662676078,6.386786284996435,24.764308405863588,0
233.07138323602678,52.16689097497673,49.56884653191816,0.8446595098204134,8.03386167248591,29.93602422627235,0
241.48817419220921,52.95665551482,49.706520895011856,0.8543911692077699,10.299778323241885,16.440258129326395,1
205.7616981888429,54.03299604166824,50.64690884540736,0.8292853083297801,15.53781213335617,-0.9404218503896047,1
234.49471531756024,31.74342004335392,49.61225867565779,0.8820631102947779,6.042844511974862,-29.38957091595126,0
243.98652306432,46.98473704230653,50.06243380509774,0.8150361170028052,9.099716888247459,11.849283395877443,1
223.77349566554946,35.155609318065736,49.608729356836776,0.9500044380775562,8.710287683387849,-6.638330130132918,1
240.51050918180874,62.78280947459486,49.84302390654207,0.957544157459221,16.412703221899157,7.979188213716327,1
272.2198166670883,49.391504799970726,49.97691902801501,0.9148533379201796,12.64009024957236,6.401637807745729,1
228.4348581051966,48.06659050320377,49.60856674485125,0.8179409754083936,11.309756246082054,-1.1500766055367606,1
198.05403515843682,64.52891276601842,48.0,0.9780166339093517,11.216779201972836,26.663243863579375,0
218.92914374507913,54.22324797449875,50.14313666838872,0.993127165741623,10.257284646679453,-28.6112192786795,0
232.71876743903076,38.713654856207924,49.57763129560441,0.8404727120643579,9.897123745020382,12.727949068355294,1
236.90407437473456,49.29094637472631,49.594671222150666,0.9409279638881439,11.009314738034396,-5.40960790202724,1
232.92263510405206,46.64833026773615,49.530473428149016,0.9683877261284972,7.997069154496483,12.827427029496675,0
214.70457020436714,32.55467111393946,49.96104597683434,0.9079687045085405,5.0,10.51317885237792,1
233.09542656988177,43.09723766762795,50.47185081719992,0.8646646199053498,7.064339421726374,-29.385719845440278,0
251.93293908076456,48.16459677983534,50.753264318156134,0.8957117430160706,10.87303989250212,-12.879690289519726,1
236.7295364677179,48.850490685081574,49.63704095700311,0.9024537501568904,11.37105378942486,-18.654508769773173,1
244.4298078360776,35.17768576322691,51.07515539666561,0.8801274088376057,6.909633496489645,-19.980818823450463,0
226.44482044981058,61.516655830474754,49.4976475696466,0.9859684987267412,14.50466585273351,13.708601047267962,1
241.24850359135564,48.97896941108561,50.54177426166393,0.9487766221885005,10.336709392266537,-15.626919054412525,1
234.1890175732479,50.37553076660563,49.63915177299228,0.8482603284509929,12.455103459923901,-1.5157431007619522,1
215.7363390546915,54.00641638339837,49.564538365065,0.9171114374639737,15.78907995523751,-15.180660282859229,0
234.77781507198313,42.11923746096329,49.627621921607805,0.9377378301862335,8.487747492894538,4.8140294061197935,0
215.12455004839535,54.56355973132696,49.97377615017544,0.828031284340426,10.679264739580212,13.23442608359808,0
220.50679587672812,46.32925353981817,50.28998608551681,0.8716851484760297,9.701883252801288,-10.13551567810941,0
232.8399246093856,41.03414459352808,50.33493401895241,0.9811096563207832,9.651292329490177,6.181250897227322,1
234.45866410070187,55.73447493355399,49.528007492326054,0.9134346200370403,13.242745338358901,19.49128646482434,1
212.16151302384307,64.91673858801808,49.50517035624436,0.8433995492120634,12.573643925864513,-24.3465428901305,0
245.80978656774315,57.248293734858315,49.541680653318224,0.8245569596238302,10.661215773570861,12.640235942476266,0
238.58009417450708,59.22977565140431,49.94432279880724,0.9036453786949755,15.402545464839186,-10.611303333877188,1
219.42907346583675,44.79369393437701,49.89492219790456,0.9095371446058288,9.343208340355979,-22.641002608503342,0
206.93622805326237,34.023802708315436,49.5249122689651,0.8668828902709225,5.333911281902446,2.7392524568609247,1
227.82643131377853,64.90137522099842,50.134801847031625,0.9260832056838237,18.57970164749318,-16.424260843936093,1
223.3108442920826,70.5451488940476,51.13128440416766,0.8137369372438777,12.586775450248211,19.281707560149457,1
231.69710685579534,65.42806773769682,49.74764226908243,0.8290279386532282,13.077531746342713,-27.42624542813543,1
224.5532500826665,46.6421406102025,49.78324408939823,0.9092547642022518,9.874091635520305,-24.08082622374615,1
199.88814708882484,38.453656612711555,50.27983078516218,0.8123631387688909,5.984383316199496,1.2597675591490152,0
224.1747959254826,39.34317302180433,49.720591854131605,0.9761817529982202,9.507006262117741,5.336507044617406,0
225.4157133339753,33.16267432385951,50.33448224085909,0.8284292740913034,5.0,13.793199871364813,1
239.50491537161088,48.926213815899544,49.64072864661048,0.9347839748169073,12.146949609077215,-14.444356304868371,0
219.52700488083426,66.05677958082455,50.91605980378865,0.878240688342885,9.218877067009684,20.50562449279751,0
255.18012010058848,48.583373681277564,50.172387486296145,0.8799575495084497,8.313144012218793,27.188540386426986,0
201.32539174022364,53.02322900348275,49.689988525461644,0.9529779057222287,13.824414239623671,-0.057641784308184896,1
249.66751246703936,63.755969643042086,49.70565415026536,0.8998924268345828,11.811942530164353,15.631881898188077,1
226.63521543682842,45.959046881676,49.74310012364598,0.9451310927287733,5.924509624004278,1.4909012726275641,1
242.89377308515336,70.35531456719595,50.68637483312444,0.9010382457505539,12.934891136892194,-25.831978235267364,0
231.197022260881,69.92094407497453,49.36562449619936,0.9185810682810527,18.329449716434652,-10.433309229442735,1
247.09333304038205,48.68888661319517,49.66602916477025,0.9521429255739329,7.871221724119513,-24.7507986223791,0
224.18957053170783,44.22465735980787,49.719169721537284,0.9214617485842551,7.224394828825021,29.332747155300808,0
213.52069362233283,56.97238046390313,49.99215601662153,0.9231230218777577,8.313205530746542,-16.258445275597367,0
251.30756430906595,46.52475057481142,49.864445153676606,0.957843918285519,10.650873528686837,8.154025164943121,1
228.29779031176787,38.434447829326636,49.25438608430477,0.9898173631638747,7.813110172984513,-12.939293883303758,1
233.32337710436315,62.812386535229805,49.80008865820226,0.8753432307870674,11.867165620620424,9.19477292135555,1
248.52127871067194,62.1644738727708,49.950224658407514,0.9154234314451902,17.854822275152195,-17.375898547771055,0
214.52067136858346,51.55511603763561,49.68595108246011,0.8172546315467092,6.640389829167585,17.116203954604472,0
238.93236346458886,37.37135246271822,50.34338774452383,0.8717607761137735,7.5797730533768926,-23.35130382980187,0
221.15157865305665,37.70473748782614,50.45970421437682,0.8824098451778772,8.03514364756476,23.709024005416815,0
228.01745966533443,51.072292884191526,49.960806650135304,0.9670474633648102,9.301211329320095,20.42530155244767,0
231.08418448076432,45.00128965494968,50.11527079342537,0.9026784804251354,10.360211400088982,10.728440618303132,1
207.49667207829594,46.589070678583916,48.91947200132537,0.9462132746596916,8.347495709967822,-25.955122371429127,0
218.3174443576935,60.219631550600035,49.789448613919085,0.8038014800051343,11.316193023261619,-17.4858583002643,0
250.2660933861971,57.33179317422558,50.502410845878956,0.8928985339256631,12.595491727777933,21.561695741464554,1
243.29286782877193,63.78142680497613,49.78828170841036,0.9802635330327168,11.1102418569211,-22.681533941844293,0
229.06040634009148,40.09376776622742,49.63136916180402,0.844862781861157,10.371328280708978,-20.644074221518796,0
233.6468518776934,46.56808431313288,51.13884446301547,0.8063044370614226,12.913901009960703,2.6401994253312466,1
225.58636241545312,57.589816954601126,50.9095385950979,0.8866817467426953,11.165797438074161,-13.549353619539378,1
250.34875078741973,54.480783410128915,50.23378745624108,0.9408863641295191,11.037029494944527,-16.67545800336423,1
226.99471133308754,65.32380382587621,50.56945530574002,0.8908927013682939,16.22232317272495,4.5488059108908345,1
233.4776313820227,54.2053670590407,48.88703229102096,0.8919956627022532,15.069631626570324,-7.645399412518255,0
247.19045216213098,68.48109104105552,49.60622427968565,0.9339610082476639,15.472381445733832,-21.566406193819876,0
280.0,61.79651319229546,52.0,0.8508777616566099,9.854892902077731,2.091226052727869,1
253.38183776745342,60.6216744758866,49.88200995056653,0.9503779583283956,14.438393130468208,-6.779255803282634,0
194.42328538481897,57.099779177907415,48.0,0.8306227061811468,5.0,14.071006456426161,1
254.444631966692,50.14287211883989,48.72498685424183,0.8791501210571976,10.634459475173704,-23.834673460764648,1
224.4098662407204,59.109444038394756,50.19301230935428,0.9312016216941836,15.782033437474547,7.236794636758432,1
226.35951878262077,66.12978170593054,50.271827064140304,0.9656738014460395,14.117895752842722,-3.8104003834051383,1
201.64984743225585,57.29236949310753,50.80094939579499,0.9583062142330111,8.99124030603487,-5.636287496855754,1
223.1780792393346,49.168282280653806,49.60584536761252,0.9443371198615396,11.355849512342436,-16.062738719499528,0
214.40290203459674,63.77335029528342,49.56491842111005,0.8718192767072782,10.586154218522461,-28.174438307837335,0
220.8853048193979,28.08021343720119,48.660007757017766,0.8244608632587448,5.0,20.86135166187873,0
227.94033551316681,35.77765498493126,49.85321658170456,0.8433668435385981,5.0,-10.415394837934446,1
244.3668742170936,56.81634223668389,50.450555890531085,0.972966762915297,11.43545330687311,10.865462383790828,0
233.11405027100938,50.14108356253125,49.69411606890364,0.9714662740265319,12.830390529237722,26.85524398660244,1
234.6151498010167,56.055136511241656,51.07172240927182,0.9903121705078032,13.25570944030611,3.8994178849278995,1
213.56720916731658,50.64407522431942,49.871702582105236,0.8151977303791084,7.264993613363529,-6.1711858488080225,1
216.78868865595905,55.70945694603873,50.07349614214428,0.9073618170554912,11.197442356538483,-13.903586019077778,1
256.9808752752697,41.8559717900681,49.3184484597092,0.9297366089808468,8.786124867690518,26.042627558849603,1
218.9719844785513,55.704860860796906,50.14361017258764,0.9421314754133714,9.924414672551734,10.924609083068567,1
254.84312378085943,59.944145282075844,49.01034010257365,0.9287726470020861,16.51632782608897,9.916883595393571,0
226.354082016787,62.205506039312326,50.346848977506575,0.9540022779804564,14.998555767399518,-4.430500491283382,1
230.03431904215256,70.13554294648699,50.3622140881177,0.8718943152578683,14.024232611265422,20.702922772045838,0
246.05547740344895,52.440984435023864,50.67964571216825,0.8358865544270965,11.074446102980058,12.820331220569223,1
249.07838632907985,52.73911086847179,49.49001564061616,0.8409166744300878,11.02963056939336,-13.009003693139036,0
228.3378115958137,34.76827535826152,50.08028105914871,0.802395737894033,7.344167597055973,5.974719601502883,0
224.17635419717692,44.68588598861575,50.281908279693255,0.8700643744212445,7.116883089425637,-4.188362723924062,1
229.1611932721668,48.069179259933875,50.22114081916516,0.8183488101759955,10.739604828465772,-29.60459023021722,0
235.06936292348178,60.50319552276355,49.56735036243258,0.8642977385580382,12.999560996014116,18.457405890107843,1
251.86683238937422,20.0,48.0,0.9256420154332495,9.361120521821707,-22.630179064817952,0
230.06344788491228,57.963400197488326,50.17348014844224,0.978895611117364,12.078271130978374,0.5972703601568483,1
239.2832944703473,49.9837828303662,49.92375016084504,0.9679210901981032,13.258873230391446,-9.826428414911064,0
254.5753959840641,48.22831884885238,49.71666470351928,0.8505348423915154,10.141675888628912,-9.474657527959348,1
235.71964418397178,52.48893969133256,50.38197268185773,0.8268166284396095,8.832146564942366,-1.358106995171518,0
234.6747928400717,46.08843627747157,49.977540230922784,0.8386144547593463,8.301141851844463,29.821386241184705,0
207.216337623649,45.709627519073344,49.3404024736161,0.9941973303807214,10.955229287040943,-5.497219162111453,0
190.53904794756406,32.95214094209885,49.034273855451886,0.9098948959370982,5.0,-19.060246211005655,0
235.82563593845254,47.52045792672111,49.43551836743342,0.836500444600115,8.663459730482321,6.816380282962136,1
228.57763653078692,45.20031853851273,51.196506147383396,0.968149230937363,12.14387211941018,-15.822737517628724,1
212.13272776772766,44.20186411037896,48.13961493904094,0.879038248862511,8.424940180623743,-23.667051797222975,0
233.65295306279518,54.1687306259004,50.09430617098751,0.9798444303949455,12.94721466616065,-26.989549676044252,0
229.09394406204638,56.5863195279051,49.9091695364071,0.8521354253668973,13.220266345828534,-28.62712355881897,0
246.9167037595085,52.321945046423274,49.876303530026284,0.8786443517608473,13.136008207830704,-4.130121101336176,1
231.29166302388467,59.95415190449474,50.58359799167955,0.9009895525580169,11.613810425092595,-4.39645320759638,1
218.79615072394748,55.75561925830365,49.75470212904828,0.9785230668178063,11.676328195488022,-18.86727599532282,0
280.0,37.22514560542864,48.79651998602906,0.9737514863210112,13.027312645810955,17.04114322627256,1
226.74303387580696,45.3714371428562,49.8257860248542,0.9148710140607756,11.290818449232539,-22.243762324807275,1
237.8980502550846,53.128222367668464,50.97007831591753,0.8443551019561781,10.495788753167394,24.91903155835815,0
222.838839407108,55.73767109901901,50.371144253789154,0.880671394347575,10.83130354723856,5.254558658596345,1
220.25259671753847,63.97844307031498,50.62277840734181,0.9951266130731011,14.558112675914082,-28.343017433704222,0
231.26252345278544,61.911730449400956,49.70779511265588,0.9215546447754804,15.92849454481954,27.778357544562994,1
230.19242965315527,44.58526993492831,50.52906805628371,0.9562195510248394,11.948996717640838,-11.523524427248784,1
237.1974055305025,48.979937198727384,49.84371128730265,0.8899729390722839,11.726402499727078,-3.0015024253287983,1
225.97031370035387,56.7101780491777,50.055017411966425,0.9064014550933613,9.458029973057169,-12.943878420326872,1
202.45460324344404,60.679977780589724,50.81752383530973,0.8857908224465089,10.332221025218438,13.70527788202665,0
223.50839174617417,59.38969468704792,49.47861247162179,0.9405841996123936,12.040830810909728,-0.8591867568276825,1
241.90727700715723,49.361221671686536,50.1016238656527,0.9702942027773755,14.42309665573788,-22.057622435849844,0
225.5393588113534,37.45977347571483,50.219002629259364,0.9014727086449127,7.138501584218289,-23.747762858432772,1
226.30424896228178,40.01063623754409,50.26000219040041,0.8961734917272451,10.621357518235161,13.522524799474489,1
244.79564758858905,52.72633514319414,49.77460775345327,0.8680572934196794,10.062772100579819,-15.77511570412371,1
219.32040159111617,53.422255794243455,51.04313205040404,0.8354193388588168,8.80649845297952,-21.73239752169165,0
206.8579517263565,39.01320626565615,49.35253405732987,0.9878495445750217,8.935043642599325,-0.034344180129433965,1
227.59053320711757,50.44569610889272,50.72944269431623,0.863215943735901,13.046843614652172,18.165917252178247,1
222.73739073126893,56.31224356971783,50.60753280279582,0.9601382927148571,11.619308836148884,-13.273035247612171,0
215.50630520370117,38.48773342492856,50.95044439480184,0.9430694042574949,5.0,-13.414103297951534,1
227.36932316151965,61.049972018044144,49.20588645064609,0.9581835200556258,10.172074019645024,20.032875615622615,1
237.37258470870177,46.22468851440175,49.565584256055146,0.9873536266744205,11.429634902493389,-21.12997232587304,0
229.86067157648276,62.57613112576651,50.74597152958082,0.9246741520441795,10.35072817820575,7.003655507192832,1
234.60471609029358,44.665475542241,49.061480422684845,0.979590068676409,8.533735371506161,27.300808978955132,1
257.2011154777313,39.73374517115821,49.196770549479794,0.8335394645824588,8.543093456124314,20.478188974638456,0
224.85681707663653,45.418630101582806,49.755846106644256,0.9253425151913576,5.0,-26.291085973216248,0
234.17522951967004,49.048518769226796,50.095996894311135,0.9544551225829225,10.203370461659944,-10.805347406302474,1
222.361799561013,46.11520093228519,50.79611253682439,0.8543282261488349,6.430885842965212,-21.45753206444302,0
217.3046042016954,47.83998578426887,49.90736704253482,0.948150760258393,6.858472863826755,26.954438261228383,1
221.22638519873345,53.3396514967619,49.69588042596773,0.9556953658232474,9.672968599850567,29.15649397332487,0
222.81862142717466,48.288206302036,50.155694968848216,0.966237591203289,8.257826681550046,-15.900418767597726,1
235.3921369632069,49.33887606047993,50.2347982416472,0.8625765825191866,10.956910608040419,10.181942689725155,0
265.23613680051136,32.90773600797404,50.22061991108514,0.9363213180336618,10.56556638058395,20.497903922827106,1
219.25934845586238,53.91698016010473,49.911006896024325,0.8608506566819525,9.447952260517885,-15.979182935131409,0
223.75062041576805,49.10796702308332,49.02245694304092,0.9478080774996911,9.22220491751092,-18.73916194074135,0
229.05315480333127,66.1029298048287,49.54119200544683,0.8925947330291425,12.686442376077855,-29.32733860516318,1
235.9369827306462,40.604348327460414,50.71013554263373,0.919508874905444,6.592582808315759,-5.282252583508445,1
233.95326217932177,31.917046715004854,50.0935344689883,0.8831679962861138,5.0,23.966247743682985,0
249.26143690922174,56.18068493930042,49.83873894044647,0.832396585385965,8.365505056114717,24.178778943380934,1
193.60411894197188,53.46527018313,50.559084274186986,0.8356059059210728,5.99039547475191,-22.335412349459023,0
194.19605194706492,39.91566979468854,49.434941683815524,0.8155137814524269,9.585408943655802,-17.738851168296303,0
222.56182741984776,34.702510449959085,49.887325933143494,0.9236145359443324,5.752652442338337,-5.517160143927985,1
246.45950281315564,65.3739673068429,50.06887920258702,0.9697276795906119,9.74102983536161,16.837472709822116,0
206.51527952591607,64.14110390606781,49.779311248352684,0.8041673652524163,9.477981936739956,6.7110890119037165,0
266.8276492136391,23.538557462965564,48.0,0.8132479004176707,5.0,0.8309846112129833,0
238.56769109328812,45.41776970743499,49.90615303428912,0.8914933984605821,9.778490253394185,5.515913053356186,1
233.6548583555407,66.64192054783899,49.30032847610706,0.9475441472336379,14.657700174879762,-24.228018371862202,1
213.64687389800855,45.23937442222133,50.09073894093953,0.8315415289423903,8.148828805016032,-1.34018146470558,1
215.21690598918605,45.09387765973347,49.335824104243564,0.8543302639098388,8.20979300609014,29.5237973723477,0
215.4538442054799,47.17240672370632,50.08280756254836,0.8464012402563614,7.856958394838064,-24.69323118365473,0
231.6580297621091,38.79103026231841,50.68706791207506,0.8798102437342309,5.0,1.1548006580931833,1
220.6052708572549,32.95224255771956,49.85948840136197,0.8449997354035143,5.993365376195034,-12.261044300557526,0
237.41095878463278,60.52547310734749,49.41425843501451,0.8705197357089507,14.546704697216185,2.394797811717538,1
187.18060005643414,31.570630937523244,49.93650609339751,0.9457085197323889,9.21592521360758,4.429125602024797,1
217.147222023083,52.47271452108756,49.58401444596073,0.9222018496908378,10.031865745589931,4.648373887168553,1
280.0,53.25743156791273,48.11313263146484,0.8162363410783386,9.980335969650648,21.1325271186532,0
226.1548898244126,35.48773701098842,49.92600562623857,0.9275491332491436,8.445108861070816,-6.6151551195803435,1
221.92928362264792,40.757315974049284,50.854881625832284,0.8954154343118427,11.085732355973432,0.9812497599897547,1
241.96765669843649,62.131791883915895,50.58149479783867,0.9869131149414277,13.864544154565223,-29.344296061935086,0
202.10994842509913,55.3289172022704,49.923459747759296,0.8578608634208107,10.9783528443405,17.373036094786002,0
230.68237214496128,43.82714293121113,50.357804533986545,0.945233283939832,7.910811088855325,-14.430737557448825,1
238.37504634817557,62.02249003361171,49.80338179541858,0.946172164608914,14.648488151633618,18.993301442430983,0
257.8497115484293,62.06535723454302,50.016978442582584,0.8443001562018375,15.452994997661357,-14.061680017180969,1
222.77351043359786,52.69052693015707,49.81928290182484,0.9806447249941872,8.929139181286779,-29.352690224250466,0
234.86687906528775,40.99839772126337,50.383227979924854,0.8982366400859206,7.598980018651304,-20.710120908393193,0
202.94205811156453,45.86551296528205,50.71649413835479,0.9357766733778605,10.619814395177196,29.140974154330074,0
194.12065693530465,52.8638674395539,50.399324103595575,0.829171111776701,9.741250436717463,-10.811925243120687,0
242.6716156367255,48.11405170852512,50.460968300642676,0.8515607833983939,12.014643317892917,-23.47056587923517,0
229.91659559527895,59.38957178234851,50.461516718617865,0.9172214235874446,14.221215115028702,-22.874471782454968,0
247.67769034697633,34.70225919890664,50.27562796116735,0.86380545367467,6.742179575975735,-11.37943715656657,0
209.39895666545377,35.05736470933761,49.430356920394864,0.8999385837141947,11.004807475552273,-27.741297532994217,0
237.79853209293128,51.80871111482433,50.85048575970825,0.8748010398746578,11.051399806849357,0.6893152873172248,1
258.0322676081578,45.08455586193095,50.902205413349215,0.9281107593288096,5.0,-17.17554507064079,1
236.295584125359,43.72951385302259,49.883060198343316,0.8974290725561618,8.708523545440057,1.1586384838123323,1
234.14872258386572,32.319432808256025,49.81465104239191,0.8009219871946337,5.122677799148593,-21.55414687804679,1
230.12834121236526,50.19545844798182,50.306205826457685,0.9299361675890768,12.3325607389732,-4.208566258950459,1
206.43677814311133,49.472448919992345,50.27540641759175,0.8844243114100364,8.130195571902703,5.875011504074671,0
250.3335940356552,56.53478981951741,49.89902696562349,0.8683396680980446,14.487166747057808,-26.280003699713518,0
220.83713540292402,50.68906133120972,49.3749871722062,0.8188293504566447,10.28219668463067,-6.075041444936488,1
237.56724884574527,48.67395921759503,50.152850595374886,0.8440739381132983,7.760131811498468,-11.848570740618733,1
206.5544854014312,61.77000636790337,50.275718269087776,0.8447544583161707,10.497367231280096,-15.578411010681958,1
212.3081050323833,36.8753269655145,50.3629105740194,0.9870738998809458,6.176666358724006,6.272077565069786,1
251.52631098833353,55.36389218847576,50.1746463861771,0.8865025949493094,12.714487517205686,5.3125191459244405,1
224.79046566563235,33.28852835204651,49.86444242581904,0.8084131694430341,5.0,7.841988400661613,0
251.79913214063816,41.61638119999192,50.49700101975314,0.8277633364486642,8.822976529003906,-20.467039774048718,1
228.82654011412222,37.87342867376687,50.03292424878296,0.8158065351465824,6.525531492255166,-12.857445308260335,0
202.37153340563214,57.81942535451918,49.76753849281764,0.9177738780414423,10.434430932815784,-17.419273320295275,0
180.0,60.03121307167383,48.93394979839719,0.8373242983133654,14.158023843774373,2.4302162998705157,0
221.1516152336659,49.86496755407023,49.127015483762506,0.8997115280563552,9.200794665647356,-2.3360586474230196,0
240.48033220275565,38.93267012270549,49.908879087910734,0.8740124125739952,5.0,-10.182375744434996,0
230.37816301310124,47.00306504067111,50.344218259937335,0.9607752754288399,12.435387932626785,17.160888532105986,1
206.85322658085695,42.36534696690888,50.169891511069615,0.8640979274530725,9.588355111938487,-24.361575335497033,0
232.46442148055854,53.834550148542164,50.76033208649059,0.8916530964793616,7.200817147421444,28.49380132533853,0
262.943347132292,40.08908864668386,49.86851254299215,0.9442571097195651,8.551765231774047,-23.007355331080877,1
237.39479687771689,63.29794365205076,50.24365658152666,0.8866702413861279,14.195262358350792,16.384248754102167,1
229.13723370491806,33.24419550375906,50.396370088152885,0.9586431072026378,8.350854089322652,-7.906188650350089,1
246.13015102935347,41.934801675434386,51.171428504143705,0.932336871247333,9.61359203542776,21.915733747908334,1
233.16002697804666,66.77200509966096,50.07238274555882,0.8821058227893432,13.768770400763708,-25.549803072950276,0
233.1430134539419,45.64861252037966,49.47790641056799,0.9007963851372726,7.709689480856234,-7.516697388459733,1
213.62562241761347,36.85121335595588,50.42396437667764,0.9934406911684387,5.0,-9.87339560998582,0
233.50772038684397,52.19071562537668,50.93286367798423,0.9323222993016784,15.461165925946222,29.589422293532124,1
245.53165124625417,45.24607757785458,49.838725644886686,0.980999045194465,8.960921438768018,29.13293969337753,1
217.45906771849963,41.64129744381694,50.42054076930321,0.8357517006942129,7.920975135480101,-18.611762480016722,0
251.36743731870422,39.04129189201282,50.61436402761446,0.8966472312490305,8.481739453419848,7.796817641900333,1
228.6244096378231,77.68373605625943,50.508532771985074,0.9817323339690102,19.23035237425183,2.131165194656411,1
216.68345732692188,47.48448099815864,50.06277926123679,0.8645224122882835,9.124953286445598,-20.737590525555675,0
237.01647419323518,24.020819292665635,48.378425558187715,0.9935328396292842,7.789443952648547,-19.933217633734618,1
225.69808646392596,64.93709759005534,49.95936022599321,0.8194154980947316,6.7408634462368635,29.355103708773278,0
241.39272331229162,56.11070905110571,50.22930022693882,0.9805342340550074,11.614380431463573,-2.836200382744039,1
225.62362051612195,42.33533568980212,50.45411126204586,0.8890424244131717,9.981267498735278,-22.451922479995588,0
229.10260784705144,40.66880911313858,50.16697252399952,0.8147488330282322,8.900620378597065,-17.112597675644743,1
237.40340306501437,56.73472796158231,49.810046016729714,0.9759043185172175,11.241166687486833,-13.89911596508702,0
234.36345586385008,47.53081672510545,50.277689828074884,0.8503880424818228,6.316828926100873,0.655035799117158,1
200.0670232932239,30.74022181554899,50.43004253387141,0.8044500250990451,5.2006104728152085,-9.86711222962144,0
213.18134389858412,67.87239964604669,50.18980502820724,0.8271614211138385,6.154757514514872,-2.6992928466047417,0
243.94114977186223,45.66009537784043,49.58190644273084,0.9318229483799523,8.081646013711914,-20.010026933918237,1
228.0179511664768,64.95571736482427,49.90929698264141,0.9955622978276389,18.265664624691716,-10.396278564749629,1
180.0,58.847247771795665,52.0,0.8222924279167034,14.358785677671953,-25.781004436934758,0
209.6213897711379,39.98990455517186,49.308491095627765,0.8923896096249524,8.455168231218074,23.382616408550923,0
213.80395518086226,60.331898643631476,48.95341098880442,0.8361273101895066,11.400044819167155,-18.074851369885305,0
199.67302040057078,43.48557450136319,50.75404142507201,0.9490073068203184,5.0,15.41400812572433,0
228.480789219477,31.332994131960582,50.25570762751094,0.8236117799523629,5.0,-9.026892707799242,1
221.0234362912843,45.754018339778575,50.303365001260055,0.847968349696178,7.984921116951438,-1.5361608636124018,1
215.50118163522026,53.97637501776279,49.46159151318647,0.8392811935298143,8.32366834507356,-12.52433763232639,1
228.97814862248072,45.37263352003662,50.36876403173327,0.9105039560733956,8.759049977598341,11.786476266442193,1
235.45955946279108,46.92951659074899,50.13762434378418,0.9746368184001265,13.36818891051768,20.672785156482448,1
180.42535080023094,70.57547816452583,48.99803336523627,0.9022180402312837,13.405214911587096,-12.823788915624714,1
207.3217487065518,51.064939802900916,50.71214170713693,0.8116486905542943,7.910942935971608,-15.466941380184453,0
247.39071564950783,41.56701688715047,50.079341661809366,0.9126777861193662,10.864396625615555,10.886415927833816,0
244.59652341522607,57.020303236673264,49.80195801696036,0.9595041998636019,10.543222872530851,-18.29081636593675,1
218.31360890934948,51.97675566954245,49.81100512700739,0.8264312394608646,7.697298765554696,8.390385936586341,0
233.04853931879046,24.78395198537957,48.99238904728381,0.8145422428689184,5.0,-24.334315218381867,0
223.13550125993578,54.28352913771449,50.29666829981568,0.8375615555115139,10.256217719917204,7.208229597641228,1
232.7853287062811,53.91828707716102,50.13092860362286,0.9492172645643255,11.224068321792057,0.8044040406259896,1
252.63696520106825,50.2012112958086,49.90295993383345,0.9183360839064003,11.020282400658454,-23.1656570654215,1
239.0840934894697,58.917005810695755,50.63924260372583,0.9081189307923498,11.462163283310462,8.946218091875984,1
237.62912559850162,43.276064156734975,49.308070490502075,0.8498959789263537,6.5983750550879385,-3.20657057795545,1
223.54536020068036,53.36499788820901,49.70161376181619,0.8664473190493719,11.554567126555082,-16.973096950974856,1
207.73915002613498,34.33040628832647,49.57499587261981,0.9931770025886685,6.40750114015714,-8.796950657869363,1
280.0,58.919301150768675,49.003154347953064,0.8481250453458772,11.642180342446778,-0.4738736616642214,1
248.09912232295872,69.53059695539896,50.03373501262861,0.9803290846510178,14.687892684895816,-24.50674636413708,0
207.09248215115528,40.05143647532459,50.21500676190568,0.9161063008915473,6.2680232577978074,27.456568987701253,0
214.1736594773496,42.40197868012225,49.82651327344744,0.8246592932742496,7.046684082672774,9.93372937272727,1
231.89401604351102,42.89984557108448,49.56132213242255,0.8934624756310137,8.632624941595585,-23.84790112273824,0
215.23017822729105,51.29998225801595,50.84300347488522,0.9897097434721751,12.436423922413693,19.37173105970757,1
218.11214829327182,39.36963727146282,51.20582009589428,0.8837131196274718,6.727422588077368,-10.646704143231275,1
223.64602127407736,54.212473786909804,50.07164333594101,0.9726773129578725,13.286617253625344,5.807972202791035,0
209.51573893714777,58.46839945469165,49.62160981648957,0.8512857389303415,11.178180811984044,-13.371429505225606,0
215.38817230675448,55.34347213453784,50.73772706552115,0.9141844303600746,10.683674241782814,14.004356694876435,0
240.55141875180962,32.31584574361928,49.27662144683577,0.9687704116403948,5.628257916756086,13.38053850000614,1
210.38945326653555,59.95167665158606,49.83261333764759,0.9841376882339391,13.926876485793194,3.1226074123450758,1
206.03191798257743,59.3736741425368,49.65194147432685,0.8971646734302602,9.122225643610193,-15.544464451705316,0
220.54962530699157,58.30161372346304,49.42023222477476,0.9279376204290858,11.889231467343878,-14.77777154927127,0
240.97933253764768,53.72842248655825,49.85998788353911,0.8005960261564662,10.25778763795225,-7.028232198303424,1
227.04617288004667,52.201893142051325,49.567913960413016,0.8506446615026779,9.667854444395909,-21.29926995622288,0
223.0312838282657,60.323893981263964,50.00632723207433,0.8557424207493892,10.734617938294294,-9.740657208544587,0
180.0,43.63214667721505,48.59772530438084,0.8186986023308862,11.43058513737802,11.06127607489875,1
203.8143885071052,40.4695953663515,49.68933413823901,0.8559390026713953,5.0,19.850716803565277,0
237.4205848066255,60.78125395794772,49.81474332170306,0.8642244066116278,15.278990637871475,-10.045062570398315,0
235.75152547105466,49.13782901992547,49.884575516048145,0.9937532079136386,10.528506394324832,-15.984584504738162,0
223.86037288856417,48.703269479713995,50.404923030559715,0.9337204761121676,9.92387998593382,19.95855470010806,1
245.08886767694625,34.63469309617962,49.925785299467904,0.8852010158832688,7.2456428473327215,23.442241643155278,1
213.08755851570442,47.15210590484605,50.41235087039305,0.9976108921391018,12.214731174555428,-5.398708601276141,1
246.91863489880353,40.02735042031585,50.29290649177733,0.8306464640469223,12.076081710870772,-28.385750769021968,0
232.31740498392875,45.36145570494054,50.28576534845037,0.895210238786097,9.753649218978573,11.697697253649117,1
224.9517111518274,39.018136162218504,50.69392298517299,0.9294124414098099,7.843630286838186,17.04199417098777,1
229.70189546947532,45.51091612686994,49.440304560127046,0.8111161268968154,6.2324483095257195,-28.918544810133586,0
244.0896922091511,47.59535425304272,48.01962811742973,0.9433997716166238,7.011003509182135,5.701851200490793,1
248.30424344626576,50.967549184388005,50.88164940014978,0.8199734705843981,6.829190566029874,5.302125494650497,1
213.8498130879348,33.85250137708669,49.871341749705365,0.8280564617199354,5.0,-7.277525475125156,1
218.56221141280102,35.54481852254676,48.59243815504708,0.8319379024924168,5.0,14.986039551050261,1
245.5445433810872,53.619142707305265,49.898515828426056,0.9857779653311036,15.136302105691747,-4.309257713138361,1
221.06697597224212,42.02561882929901,50.067469765081626,0.9366471090276336,9.548090413186397,10.606557107481848,1
243.50799615997389,60.74529790229931,48.69144344128439,0.9310855002206209,13.26930381728188,1.0270382781091172,1
255.49153974513064,52.252697220150466,50.66696781994398,0.9110986992929985,14.382046813637047,-15.092123717829365,0
223.9730745958755,56.06762150206407,49.6431437680672,0.8585611997390206,8.63918822583779,6.390051780607905,1
240.22043489862958,64.10692320420895,50.16428155759376,0.9241779409198703,12.592186848844548,14.214509690750496,1
212.6946157799021,46.90289188193427,49.88700922732797,0.8820299439777279,5.0,28.434340406220215,0
241.32099947101713,44.255132945837246,49.355824290397976,0.829083230018523,10.403061686961394,-7.193463191855191,1
232.9913597898015,58.71702585598813,49.46474593268229,0.9379194580655467,11.210580564424685,-26.131647320018935,1
237.09557423240324,55.095135639296856,49.53245858178623,0.8259164335859845,10.820183004943251,29.27827327328111,0
220.31641891946907,48.12669690178699,50.542835954591816,0.8381337162042347,10.891969677898029,7.428399565532175,1
205.08374876649242,63.91457966955942,49.92623090594992,0.9635398623695212,15.371629401711616,26.787027489646157,0
237.54878097124256,47.87755690160069,49.73906724172413,0.9320234192250308,10.541847568805844,-23.77037483933284,0
199.0489527128082,50.32773637555781,49.53269554370488,0.9261982308427285,10.04683534616116,-9.47796960777254,1
225.23974261636198,50.21222650834258,50.59807511076306,0.8836405568685448,8.186087735788691,-21.963798067636542,0
244.11772799629955,40.65406105101529,50.73210063626179,0.8792561036478743,12.092815753639657,20.130609274923565,0
232.87846603809555,50.77585389486391,50.59237194935334,0.9380525218370802,10.75979751213995,22.820564485758965,0
259.2251396718472,63.96760177398491,50.24621866957708,0.9480011077218091,15.88033423009987,0.07870199250122667,1
245.3766372887266,54.44968315376176,50.14491502093536,0.9020426404728621,11.238197059836493,-18.80362694027817,1
220.19152417511634,50.310634263989314,49.39203109101205,0.9938538488697053,13.408386327584502,-22.372861857617487,0
185.99399860962828,25.870692403825096,50.353888101950666,0.9911399117837744,11.448175257596086,5.2898466048124035,1
229.28943946183347,53.30867028406351,49.65806989832678,0.8824858980025517,12.308595884850615,0.38257947511803536,1
206.2673485498081,57.49766628489185,49.087243945507645,0.9641244508566307,12.142327343754143,11.68734614206005,0
215.8940162527347,56.092388308897526,50.528521709582684,0.9086535683196831,10.562985934944145,-11.687564242800526,0
180.0,61.891183851894084,51.68823402424951,0.9023511775114349,11.192907028641507,-5.857920298538264,1
199.45669245716095,53.247815941101145,50.597970953717656,0.8109928122757304,9.303889615241163,-28.718335568930556,0
230.71240202377464,54.799397411482786,50.440873200380004,0.9147949420936621,9.643703406303805,6.608582704531742,1
226.38428322711903,36.96482731109443,52.0,0.9801155861126329,6.8762131569410565,-4.61138871921133,1
204.9065914803264,51.68230541183694,50.306442035881595,0.9560267698390185,10.42202001181044,25.18587802880687,0
236.06319297916,28.38696113697638,49.69234305896315,0.9572634289398524,8.229649740355665,8.507177862288295,1
240.73809117036438,54.82533709821185,50.92892507564533,0.8319858077152679,14.259844884137397,-6.078330513018372,1
233.40551718297334,56.603430545626814,50.02156271547653,0.8716898894267128,7.961950241855466,-14.184649147598979,0
252.9851091319128,48.98252592730498,49.11876296461575,0.8466409833300472,11.00682572061102,24.31709655645833,0
238.87163227627784,46.049531478304324,49.67546183321668,0.8631830564911273,10.474245717403942,-29.024095552953405,1
240.20330540715037,53.09046835024035,49.53441736961152,0.9159078686987451,12.271458845759772,-10.385251964856469,1
234.61105354579533,64.23953845541166,50.23864800440471,0.8729567626740496,15.17525252729336,26.610335027282098,0
217.6308162434786,64.13769648291259,50.108756747969394,0.9121395634928532,14.043021412209537,9.241980418894443,1
234.1490114826677,49.70827300773439,49.60532381704871,0.8877002496549155,8.361069768409562,1.9631442769979444,1
247.93220976238217,51.3931963072956,49.2807866406123,0.8573231116899456,8.894452340281205,-17.787916924774354,0
221.05056412082405,61.10911144734433,49.36503845633623,0.8190806868410317,11.689218360871601,20.002486455263224,0
261.46909008698645,34.99197984737825,50.59806685854555,0.9783676914689565,10.93241104232504,-17.748056244433435,1
222.11553599021923,46.769242573229754,49.69337309267497,0.8022746732009298,8.621005115661013,-15.104788108725003,1
230.48610520010203,63.355704555367566,49.83054572716208,0.8003304976283943,8.531047656839737,-18.488931427688687,0
219.91271605990497,59.75200541684766,50.72517012937953,0.9653595479527092,10.590699608853972,-20.511032365828683,1
233.3490625388039,53.69263777649905,49.43892471925679,0.999362188065158,13.90416717557601,27.19874975872817,0
203.86667461047088,34.94167594669379,49.63650258714147,0.9454205655427312,6.037359593092981,6.1218957684785025,0
221.80937301774918,49.50089766958838,49.61561658571966,0.803054767612577,9.053265691770356,8.270227920605635,1
213.6181819947715,44.10084603750067,50.80903424058302,0.8453380453337027,10.094548175307306,27.25952794072701,0
232.03007521838435,53.31038902817213,50.996691750291205,0.9943645400523923,9.895487019012545,-16.16549669246624,0
244.91671063263362,41.906533152051196,50.37578161270108,0.961720850434767,9.042242669836389,-29.644947684138476,0
239.69009280671827,39.74276605025393,50.39169236207712,0.9133599687609423,7.654873286054073,5.933018974217468,1
194.42510958711662,29.351347223163586,49.70982249857364,0.8473721418880719,5.546451901063619,0.47069119344951815,1
260.6310447939182,62.21804684976701,50.97366424345214,0.8028740411853499,14.565145322189611,-1.340977356102357,1
259.8349424681943,32.706177165971035,51.34024881184111,0.8041722945274818,5.711885201187377,-26.287187325228054,0
218.352512892605,51.57145783702534,50.42655513222487,0.9223961727060453,10.375806820497642,-2.73390800551293,1
232.35691878486412,49.97761883525819,49.94723753061452,0.8043663752704847,11.079479792931185,-12.746426094558064,0
232.6428473375404,39.32566067039501,49.865983706336195,0.9987260283850745,5.427605414461414,-13.526119366541213,1
190.33682840751916,27.22893837283295,52.0,0.8366767666987477,6.757027289285251,-16.65710518925443,1
232.96875001013115,39.94684874002765,50.26986183986915,0.9421414723738555,6.33634581989927,-10.048298414725757,1
220.8879156856954,42.76831561170607,50.72568773053519,0.8310119442824827,6.567439431751216,-8.812015491395254,0
223.93457010964966,53.66606247013805,50.127664085872524,0.9080186842195429,5.90221482101732,-11.473453418280151,1
219.70581296367374,42.04282336479388,49.57581673178846,0.8161222576932435,10.324032530570436,28.725162943170538,0
180.0,64.87902451296857,48.0,0.9533556849066487,12.6992943008353,25.963865130569225,0
232.18754705323076,60.27151035893151,50.0514826212323,0.916984218944966,11.218163160398767,4.470605971491736,1
238.77949154774507,58.08359549665708,49.68674989197834,0.817233338680283,11.990883338829986,28.863290304618587,1
237.72325394114557,48.8034109752685,49.44626929568616,0.9697172378400011,9.165753501927083,29.471880619151406,0
242.29887878952852,65.14280735720484,50.600708515893515,0.9094037229553404,12.079565845269059,-8.643617398961851,1
234.86510315022304,47.81994368878876,49.72756496458825,0.9843184620026636,14.075771292530211,-3.2887472556153305,1
222.00911752674645,49.68738585845754,50.06909637389566,0.9833246747356226,14.46443235174237,27.543706619079934,1
242.59495796646783,51.69974539749269,50.1480667949428,0.9841015578973165,11.158570405087847,6.5175719579211915,1
209.63723690237097,57.01823040543344,49.70592343733971,0.8155570400400937,11.883180384133817,-17.224255029763647,0
180.0,39.91267991393746,52.0,0.8241915523509047,10.769969235878568,11.36284010019002,0
215.53699892865131,45.24874721555397,49.4414291193977,0.9975411619432396,6.901136092093708,-17.65522907723475,1
246.20084088708967,44.670062805740464,50.130812631790384,0.8975201642797412,8.014489780321865,-9.638535379689252,1
244.14182771210113,56.39902957152084,50.12305885318829,0.8476428105658296,14.773700440056162,-16.346390214278905,0
237.30957855567493,57.152365838912324,49.972872698567926,0.9539328976997317,10.084414712575379,-15.301187043969467,1
246.07894797817696,46.066488751771274,49.35154369336401,0.8528570442424964,14.229980235659603,-29.720665105993064,0
216.8107582638202,34.128119303215456,50.435408775931734,0.9454431376037284,5.852934111405234,22.842529931967107,1
235.2289267979147,47.92683903991755,50.3717553351673,0.9674571555699523,14.06852789148497,-12.24057028345237,1
228.12238357425252,56.23525798825859,49.66221573570439,0.9568526754590562,11.66387714092049,-24.817537228632332,0
242.7032315582737,68.0541684641978,50.35374360360268,0.8548095616395871,15.718668168180148,-24.780755659134687,0
228.27163651171705,38.02042037659338,50.18745384315039,0.8803237148158475,10.430381346413789,3.36109658765713,1
224.2258566738488,45.734287471694266,49.35969392731945,0.8826502006466553,11.831317552076403,29.57523303203623,0
238.11362777841484,46.10596438474624,49.57303554271432,0.8982545836208944,8.692719554919165,-21.2986519637885,1
243.1425375078685,63.55805339431501,50.56914072244479,0.8334745703080273,11.165461747084667,-24.022693143020433,0
219.97482207729797,49.65058499541367,50.15470809257103,0.8904940100828685,9.56344345300609,-3.701767175874558,0
229.08386492971437,40.92673440627735,49.71784852709469,0.902156598103096,5.857349323702742,3.799875230447725,1
214.12339049537522,55.58695282921819,49.57076205441368,0.9063417993162105,11.266231533468414,-12.337178467323572,1
192.5290847376059,45.95361479959054,49.74230310094229,0.9639800859968917,6.887131239577231,-11.848674449168016,1
233.00689447120592,37.75612726642046,49.777760235061145,0.9034668996958991,10.113613547527049,-4.531409889063031,0
239.1335803438195,41.072266927238495,49.57701848368537,0.8461567845027351,7.170522540748717,-11.151263090963639,1
233.9310021363009,67.3404195442262,49.129117943808346,0.9326257476488374,11.207146495091711,24.919895014111006,1
200.7565742336845,53.84209221649462,50.570006643200394,0.959462828817325,13.172811009949136,-27.48272572256226,0
224.73725854885288,51.07760055452543,50.48531683630572,0.8638743332876524,10.283183965957923,-15.925790407783522,0
196.72478359923377,47.501062641879535,49.36337227409657,0.929061185803521,8.740008633780299,18.51316777364528,1
250.54551661481278,52.92148842118799,50.068155647781836,0.8293875991892026,13.185840174455857,20.037487479897408,0
213.70918126822872,52.802359460024945,49.548880898642615,0.8683852609156129,11.54231536324164,-23.306695262147933,1
248.83105414189845,52.92168828207326,49.86921638838673,0.9818447859099269,11.40577437751924,28.425807000763,0
244.1880446552622,51.14845090277753,49.827616710063175,0.9822616326325142,11.36872762698153,11.601290993946535,0
216.49114471195907,58.687983383055496,49.78608289214107,0.9150649157486127,9.400381545939268,-13.64441664098426,0
213.00822573098384,50.231043460007314,51.00147354203814,0.9404702921730214,7.13377575724113,-2.6377281111327306,0
235.25555324579508,40.220611644473614,49.7798371576619,0.9708030830411882,10.343042516714592,-12.17168282592197,1
217.33513944225393,43.87577109099132,49.595868087466535,0.9917106370625253,10.241070181941577,-20.99866500873484,0
231.53726963237312,30.20981306510288,49.61870928525148,0.897977288057954,7.802738034489844,-12.52931611506509,1
222.75758613789623,70.26817116042392,50.52188847820088,0.9123151473252069,16.84346840031781,4.805516249377106,1
203.2826237830155,58.62754591952687,49.173948834153535,0.8831283133295661,12.074038704459559,19.558181690128123,0
180.0,50.484484836321144,49.32127074134496,0.8143963874112858,8.401470438843566,-8.188255506625367,1
233.40026372741895,47.181551506029,50.72341142005577,0.8845606944897637,5.585024879067891,-9.125907567129495,1
221.57663380504061,43.631235257935664,50.121993093998825,0.9581254678766155,8.648862920449151,-1.9199579351206424,1
221.70365274628801,65.42547211374117,50.09596100251806,0.9609770995983058,15.868189387904946,8.673335997860775,1
240.43795758640678,35.80122835729071,51.06607323007185,0.97847542291866,6.086273748174188,15.096975745938558,1
247.60163414948667,51.14476058818779,50.12317397647425,0.8102933410351939,10.444513800443366,-10.392029712031569,1
225.91182917957286,48.914721574351525,49.64590691932021,0.9054309179161268,11.044315576024545,5.181148069508339,1
224.89101939635208,58.26838630709114,49.85896147156183,0.8214848975874153,11.65047531234892,-6.638349523147053,1
237.50214549670827,48.95990772275305,49.43228384548472,0.8401484366331486,10.506908476504766,12.983991021803156,1
209.64596645450638,32.41791123344565,50.62796852000785,0.9800433004761213,7.858478364791207,-20.11950476897875,1
233.34729582121545,47.48882165357559,50.287280858768355,0.8993582516859392,10.327625630854502,-14.584508096922235,1
238.27828957733232,40.278377820566746,50.562207074985444,0.9517089841793227,6.2081353229347265,-4.436374809435012,1
240.20345312626444,50.795795465565604,50.60649196427469,0.8128768211857362,10.932085737278573,23.36488739528206,0
247.01049900457363,60.75954071828407,52.0,0.8833653007849704,11.990872659758853,4.399547361041414,0
218.57967095286588,32.60574755767722,49.527623573995555,0.9348480561328676,5.0,27.9237671388847,1
216.826051207648,41.99777264600096,49.97414344434598,0.8266812962556427,10.287404902908635,-23.80333888313497,0
231.4983043161382,44.473070462165026,49.56361946460573,0.8651635758211367,9.974915430374113,-2.3894751809439114,1
237.21116869651976,46.18368904586789,50.08247843770451,0.8129095610047767,6.144960784632003,-4.855288197276948,1
252.4506561116897,57.40125664105244,50.56604844041735,0.9302679881739021,11.846049042259606,6.012370584358102,1
222.5755177944789,48.26455582438612,49.915930176975415,0.9941782518116238,9.551864240820688,18.717876522454695,0
222.53641252536178,54.15802725720445,50.07499754495387,0.9654090982285659,10.505712065633038,20.48688153498361,1
247.2450802831812,43.74226956268224,49.95307719188832,0.9949246233615131,11.346270819742411,10.2116765223305,1
234.4486540779546,52.299243454179376,50.40136378621885,0.9691209590196793,9.930160768136163,8.492181854733218,0
249.0147726678196,57.77797630877715,49.66610880285585,0.9710391612393957,16.22716704560314,26.941772522688453,0
234.33092004514754,42.67700450262912,48.90177686917845,0.9154354390742685,11.24645721220189,-6.978755901694523,1
212.64325071930094,57.81358119806515,50.23543442968769,0.903650462282642,12.347813247483309,19.9669988513093,1
242.96802401749505,49.64876876683315,51.369244324208616,0.8812508532855655,9.438676856477679,25.29022362553765,0
206.72731626411607,60.45460240482252,50.223187122379265,0.963618979009176,13.917836648988368,-0.5076453440881856,1
239.9307775213771,47.985800999230264,49.67988475226599,0.836413522455605,9.077959724858713,13.74615471619802,0
247.82895234630513,53.81244655162099,49.43249395090697,0.8112449831648387,9.370014348303572,-7.378808599745636,1
257.74043212079573,49.5939376832147,50.24724876589016,0.9895787645369349,15.029374206425135,-20.467259148275758,1
242.64657998484861,49.037877379594214,50.07073947646734,0.8007556370406954,10.16317533209751,5.19023288834552,1
247.4425786630248,52.5893042822569,49.937103686170836,0.9953658643751704,11.58441454726215,-18.211700949028085,1
221.29975501019473,55.36807469224904,50.91123167149689,0.9457706739747531,10.752987878658782,-2.5440521517678576,1
212.65376274884215,37.50435088075995,49.526599952909336,0.8656997839395656,5.431481872349302,22.372758799699994,1
242.75118998626328,64.33633608817878,50.88751851056373,0.9395639686172621,18.718198716751093,-24.838908746179168,1
236.26521128359101,31.403369594502017,50.01589195243532,0.9635750314370255,7.15746470773439,-28.17428786012102,1
231.6116656151134,43.15187890261104,49.082214761564565,0.8490724111972872,8.801578621115237,6.388670842913257,1
235.81057220949484,49.05730929235099,49.91039867284043,0.9541791366559164,12.48060388537486,-10.136320404306296,1
234.8477822368731,54.12355969085948,50.47974803829972,0.960873925001648,9.782752360671106,-4.923737584445085,1
249.25725289780343,65.76172527741379,49.81747248359751,0.8498709260250691,16.12382774548239,-5.657364680500109,0
249.42478377225433,31.417085117748925,49.2626107293808,0.8083852708755968,5.11897612502674,-24.802786259426185,0
238.1633052851052,44.923058716102894,49.917742734101914,0.8408244569116196,12.656033740405052,-29.786014039224327,0
242.68704308844391,28.731665122007346,49.57141381305415,0.8401292817778789,5.232738391552815,23.905394571855858,1
237.71093828637163,50.31621973910248,50.24590720054398,0.8130480908350967,11.79991717996971,-16.932086345775218,0
223.0824540194807,52.716835845000304,50.386699908033805,0.9452014769310392,6.12216322246989,-4.435260488142699,1
241.3484701236971,65.90795742171252,49.47186479612595,0.8759949848916817,11.583997464392114,28.315547800264717,0
209.08257396711107,51.20634760893454,49.647097972442175,0.9768772334907717,9.871580097595015,19.605754919019134,1
245.80837328443823,60.440251294423796,50.37832123255347,0.8504342211330372,8.573096979324621,-23.52414868423787,1
212.0821559035095,55.83837081539059,49.57057786085052,0.8906464330199855,11.749090803252912,0.5111418967551415,0
234.287049301921,45.647518029948316,49.458920932086,0.9278034857853525,10.548424106643795,13.80474158970096,1
217.32269062360763,35.910392532079605,49.41065443410187,0.9754929899343556,5.631231612548752,11.903567099952745,1
238.3008347461164,52.75002298291811,50.17601930647906,0.904924220323875,11.343319092646007,15.650511144268215,1
229.49112161108135,35.078979828546366,50.15457885975873,0.8747049255624766,8.654604140442567,-2.552720706717885,1
206.07866062755002,62.95207072669644,49.65797698481048,0.9734030156944018,8.421934622240665,-19.444624240183074,1
236.31049446527717,48.37937897963176,50.00254269806412,0.8620492849375221,7.308447803221075,-2.107653364837642,1
221.33118834750934,61.95177411511416,50.76356619207756,0.8158847399265153,10.517120556256769,8.873234950397517,0
243.21720081220053,45.197855658676005,49.512969921540886,0.8890084215020481,9.820224317079752,6.5155251963100795,1
230.0198853310161,52.68850786400992,49.024128695494774,0.9570186612995983,11.481273462680733,-25.768676772683555,0
235.93131478082057,52.09348857334689,50.227537787860186,0.8061561663507046,11.686640043108685,-26.102853955068493,0
215.6364656747718,49.54955881989076,49.94479941804921,0.9171764489979184,10.754170119734551,27.915469869312716,0
221.16001652858958,45.673404866034076,49.644987456592446,0.9188928097054472,10.675126304044428,-20.891672697613735,1
223.12042045848372,53.9245601847052,50.326040118677454,0.9857083526854763,9.07996668385855,-12.332252159296683,1
242.85053720363834,40.73836736516792,50.419612572334394,0.8572929634290044,8.771133675080385,16.05806892936993,0
255.16065631708233,37.905646710409414,48.89586099005995,0.8557673226421393,7.662721936205354,-5.419375450609504,0
263.45584237685216,40.08823075103234,48.419640134955216,0.8880967302679357,15.006273203413267,-19.112108804398037,0
246.1527221698652,57.27167988892101,51.15875811559843,0.8713829802943031,12.63318246983794,-1.9660570614131103,1
197.45483873411447,50.6589160860224,50.29170245789909,0.9472691725378654,8.137281779160002,4.136998245801948,1
212.08715898361567,66.65142382543782,50.338051819148575,0.9283504154263099,14.82808151384473,-2.83400344331546,1
215.61832315719838,47.32234481275155,50.58644713931574,0.9517842075812533,10.838187273681978,25.136764528326545,0
209.71236965838915,63.22703219988979,50.008534412599865,0.9640083582397379,11.139056562859864,-12.918042294029743,0
206.2461741531863,51.75574084925822,50.39834208004581,0.9845962265468295,9.813017733121988,9.679929641980259,0
236.19498368206698,39.7524924992361,50.359031021918604,0.8861873463569295,7.657820774318529,-23.262316715406136,0
226.7889845340821,68.48040191770849,50.26952074837638,0.9969394778943099,17.937991248864044,-6.462872540158408,1
235.69108096407663,59.90710846624085,49.838994014691295,0.8431321626807305,12.311148309132612,14.459595095098422,0
240.3570902918227,48.78978968990436,50.08602946118313,0.9428730323894657,12.510610499845104,-16.510983564632074,1
233.984254897588,57.271712595339494,49.70581921784661,0.9068018634614379,11.165217245073414,5.386262739264758,0
239.8664476422556,45.962965660020934,50.006407152283245,0.9633801189369767,11.290840667429576,-20.79377824745638,1
270.4063463314172,39.41566853016459,50.00896506504439,0.8953541041212852,14.556337642670503,-23.837898518317736,0
212.19509917541382,26.089214347160407,49.604688004363524,0.9567877270724863,5.0,1.3939649355025594,1
245.86721271231195,39.801986663054066,49.85884397903754,0.9860337429295356,9.879639288062915,10.500659765161721,0
221.16331800828308,59.79259744286963,49.52814728428496,0.9464588532280175,9.789292393832422,-23.19797602593099,1
215.96605551856362,47.50344461781081,49.747491364627415,0.9552188572436648,8.268599742993798,25.0665751423749,0
227.33123186293403,52.07542294888742,49.91803701162224,0.8134350862531713,8.960859777709429,-16.453664238151987,0
216.3078362105523,36.53214337884565,50.20113117233219,0.8409915324464562,5.0,-22.801481510442,0
223.7385442701585,68.47866995702103,50.474628650926455,0.9948607481007188,17.886525172514308,-17.83806549898737,0
235.160808823452,61.905296437176766,49.768107814310945,0.9386374007574789,11.988387254880296,-19.825652608089484,1
235.2251260886919,47.993147816246704,50.66755230863431,0.9122898034622009,11.872613984593087,-24.55952096322306,1
216.53254900361557,45.953041431366735,50.46930553931275,0.87339527467929,9.06424297600564,17.870354086722443,0
222.68441940576884,60.29604361419693,50.252046915971974,0.8088778002413837,10.922497599085515,-0.267733515353342,1
224.61283539748652,100.0,49.88305270757168,0.873827181592827,17.988965968672375,-6.688833577279031,0
180.0,44.71343263378846,48.97740540172239,0.8997825746579152,8.198994785487356,27.037675619047988,0
261.1259755902281,71.71802667396602,50.59352557533319,0.8422919018773773,15.381560993943037,-7.739496776112553,1
247.7019226061229,40.77648670938082,50.61178982987963,0.8346273582547665,6.2693213103664025,-19.98163643716864,1
247.1643960283991,41.80613169501209,50.66747336419182,0.9016833102715034,5.39424136698888,-13.557426484404225,1
209.18197174316296,38.110588819466514,50.0206634159385,0.9171808471255088,5.0,-15.662007984684214,0
241.45790527450134,54.41760649649479,50.27748358249931,0.847983583770905,11.176607328900026,-0.07552322620171026,1
226.1683321005186,77.29689882805333,52.0,0.9174778948912427,9.433033333906122,-12.509692562725562,1
221.73527294692624,48.48048876528014,49.6881419825418,0.980067992774859,12.328795811511426,0.9636703311817101,1
232.5202301079879,58.09258628123298,49.84079157314085,0.8946346516042708,11.65676615609747,10.157605496807335,1
244.17817301917225,62.32328605214664,50.00801833150674,0.9714780339174363,14.134462531227085,16.63792714279547,0
237.51247386506319,34.74337590713158,50.4497993689897,0.9854542889066638,7.491392268999677,12.60946687603385,0
216.8228929798691,44.030279720988844,50.45758607535931,0.8184788057874172,7.616842247281126,-17.664557012618342,0
241.1368837038893,58.2014359412306,49.884567944401034,0.8191623159313595,10.65958701202255,-23.046016845434774,1
220.43618686886055,45.32261316141418,49.245695272810146,0.8952088365775203,7.241294939350522,2.54700954607506,1
233.25024678446428,42.01793923641846,50.12309197214798,0.9176204888635405,10.971688026344951,-18.06529252751129,1
225.44974898784298,60.18537427650395,49.5408419313358,0.8851766928930058,10.762575513966086,-24.903976693709204,1
226.71700622396563,37.1049993027602,49.25503189767989,0.8652901540835006,6.512056860025801,1.6256605787650287,1
241.49364462560766,46.98420192208895,49.36806421963314,0.9281988232252312,11.390512443599473,-10.392348893532272,1
214.39709420276154,53.28644025804809,50.16319050392278,0.8004163024699841,9.781804883765691,15.368940716310227,1
259.177926114154,44.261800860898816,50.680518680466406,0.9936146561727485,9.611554996242305,-11.148502167094918,1
202.68370896058255,57.831556560131745,50.01944725811812,0.8464158176376044,11.431239064910782,28.723028223348827,1
221.03498475117715,44.31123024802631,50.10569032732298,0.9834197537166014,10.707280343419692,15.511391475642483,1
235.5531783491261,64.0861949344592,50.59144746943896,0.8218029489069012,12.761646118831079,-26.538406710668273,0
238.76471249652965,48.742537025042274,49.22777254545822,0.8476174364089145,9.001936192177679,0.5323644213765704,1
228.49286419142442,56.71270136705353,50.260088210800134,0.8469747402175001,10.162016384358147,3.7572300728466175,0
229.13913945497686,57.460239529828165,49.99420510784059,0.9992305808401292,12.752665160130196,11.718162640895862,1
236.15825127991425,43.724599972559275,50.28302872941603,0.800920109145177,5.806577149778134,-0.1321921779745061,1
226.5339578381348,29.465134513441114,49.758258045798094,0.9279276418606992,6.115244207538175,-0.9933840951256094,1
250.89771886902358,53.60755754663835,49.59103135478676,0.9739373162121706,14.883674524200318,-7.923683299343235,1
280.0,43.34993430519565,49.89723663676287,0.9344547308049473,13.251092257723286,-13.712316966049578,1
243.0923652650845,55.55826027575127,50.82459566166723,0.8725467636433889,11.022728852981672,26.772012718604067,0
215.50764914944375,47.734725276171616,50.43045505227073,0.991661872540587,12.329589000828234,-10.944199821937683,1
228.80917363391447,45.69572301199284,49.74615361490996,0.9787041509178083,14.044748837149195,-26.19472052518016,1
225.49301076918945,70.084730109817,49.32951398200936,0.8867909840499035,13.382089824343156,-19.962915642395267,1
214.91597936465803,35.27645938489222,49.158966358151105,0.9146656985222327,8.317544372387133,21.43659816247738,0
235.4024627591865,57.33950478364238,50.65804972592524,0.9935038375610481,8.88455641878771,5.198007547403037,1
221.93531363330274,44.25398141816609,49.522458855932086,0.996512072385294,7.270971034028241,16.726832962623938,1
239.83105744775355,46.64221382259578,49.83724329350253,0.8899646551435905,10.137610484087189,18.526892768381657,1
213.94712655658503,46.828971674260345,50.660605563038786,0.9694700056286177,7.699580113101865,19.3941863526644,1
255.7856091926273,41.96565725828743,49.1930492722605,0.8603960453907873,13.314076962320003,3.0368224646765256,1
216.55501012111907,55.712242102362396,50.74613225473753,0.874362574586133,11.744738494976573,-19.372764258053706,1
233.28953505800655,63.906435959499575,49.87317977305375,0.8329643765980453,14.350081570933746,-21.106034865831496,1
241.877889655821,54.700136612466615,49.42570834238063,0.841836918555346,11.080084034957208,4.439065222506748,1
221.4403935469983,51.03381996212095,49.87632453642554,0.9313746604518718,8.519001662429819,-8.009138778859416,0
242.78702965149427,40.13559500900753,49.63870160929926,0.9021563236014162,7.7533532254183095,3.4828944747460397,1
180.0,52.6447326289702,50.726608291852,0.8462263721251206,10.385508513923641,-0.0913293457281128,1
251.7817654877384,71.56349631729299,49.67593378305611,0.8805819232723305,14.590832073413802,6.131884781852911,1
230.21223897448638,46.193053762049075,49.04417889454048,0.8746366919727364,10.643451031106913,-28.07329255580608,0
221.0538288804668,46.24016420648134,49.88971873279551,0.9974720409070669,11.6185555852533,-28.0297991621926,0
225.51227341358847,44.38910869019003,49.32172747385673,0.9707131674422759,9.72708177101199,13.295710250910524,0
242.1337890408908,45.10585765505579,50.10215994199416,0.8775932666767648,5.933498276941433,-18.41236537063681,1
221.23317062224342,22.547004463276153,49.40643483385834,0.9827833157792066,8.331835830549439,9.131907731523384,1
218.75963465865834,54.05035385855713,49.75599359841396,0.8685270783256342,9.844149435258233,2.7945546474872742,1
226.67695103624393,41.54447823645386,50.09129390210717,0.9335803025469719,14.210242997838169,28.907668284277406,0
212.34556830845048,33.897368812082,49.89377063748287,0.9933299993364225,8.455017065673452,20.124352732983738,1
257.30815861912725,57.53189949732549,50.125215141500526,0.8780557727977105,12.578324487774534,-5.211928720119033,1
221.50408113177915,39.17982214958064,50.34014358285888,0.9359769930209868,9.01851119903094,6.984769205589899,0
242.47425179270604,46.61330946116242,49.42103315013435,0.8591847622125267,5.672388226717603,-22.96263256647168,0
233.1420512547166,64.6644239118858,49.967801229687645,0.853262463119595,14.916066657747436,-6.816837422257141,0
215.23198924277048,35.90784201975487,48.33524810124594,0.9148313332863104,12.204171316222634,14.033264465392456,0
229.91067936180906,34.67401765402238,50.123666650841265,0.9958529196066437,5.0,7.3602950477192195,1
241.76004168966122,52.69306189562338,49.84959293481258,0.890626769744034,10.770944836450433,-0.9317205373585296,1
227.1760799737054,61.494873640103684,49.50827511826101,0.9875273940633161,13.585243731869838,-19.408253756839855,0
247.89669418776543,34.25658282268037,50.15785971114826,0.9828727040489523,10.097104293291713,18.18875556945268,1
245.32273089172796,54.076897368371775,50.58634878859253,0.850752522468999,15.498282850723712,-13.610003735305384,0
243.78372281987495,55.80999539961692,49.76199112620053,0.8803638814168655,12.743615293904902,19.22874489971457,1
223.10514841590503,29.408395163076797,49.52759275487914,0.9286604956988367,10.376677802344712,6.696543767699609,1
213.80236328327769,57.9850133790722,50.08251263121936,0.9036091768822784,11.543208726969821,-7.6361143230727535,1
220.79618591955807,58.766058798421795,49.33219666667682,0.8191917059726349,11.532123510861435,-27.56368668240051,1
232.9436141100008,46.882144267439756,49.669809314732234,0.9987396060254317,11.563602623534212,-16.054869339337387,1
238.18680070298532,62.52346362298008,50.61120108082525,0.950530800242256,16.596154963992372,23.344255529289832,0
197.42642892859328,61.36455574324845,50.03108961490614,0.8875388076449424,9.90787731689145,19.07846063374305,1
247.8093123162,40.50301850253761,48.3023114262765,0.9236337099332583,12.471684395063084,4.491198776045877,0
232.37133837984777,45.48554609675067,49.1015041763603,0.817514563453246,6.179157396610705,-2.020652162272384,1
225.83683615526672,40.27172107417043,50.081042846323385,0.899060330737922,7.6077999174417705,8.82856075980655,1
249.36910758523817,49.62436490633809,50.43119528795884,0.9861664831634975,10.930109568143491,-2.02511232940191,1
236.32670111376305,55.69758919704179,49.19118927068693,0.9793201916109957,13.066545881296145,8.658290443148417,1
249.65287862121346,46.75823138959359,50.224856303748254,0.8674761690966292,9.494173544713473,-11.555754020390523,1
226.76059219474652,28.0249899473797,50.66517175374486,0.9062735727642678,8.023602694743317,20.309833074688505,1
244.06216238760388,62.6871389457657,50.94392949397932,0.9394767048175294,12.616242788198942,12.115073607916003,1
254.52599591791278,51.90223221844894,50.165611379929935,0.8680018533815811,8.004078268537544,-10.20146229433849,1
249.67540173908992,46.20375503323166,50.253401297276234,0.8129758436187877,6.663873808104423,19.839966889406476,1
213.617876098569,58.571583884232886,48.93340778618593,0.9010883313435609,13.262696840359414,-0.7594481488092661,1
226.19485883686428,65.24638596482757,51.049876273997995,0.9203271471646672,11.643438779017083,-19.521668115752313,0
224.82252941825305,21.980884305121084,49.71225489345194,0.801168320024302,5.0,-25.3372522797884,0
237.3388180261449,54.34263649922072,49.53326442078748,0.8191150747077062,9.975057600330901,11.976344858233226,0
240.295303325218,35.73350789189653,49.87239693278019,0.8414581287188305,8.873747527902726,21.907248252480635,1
217.41660988961397,54.99110506798941,50.75583670709272,0.8696104573981869,9.935513511381652,18.446519315672617,0
231.01757770875406,51.27927202374579,51.104023023771774,0.9082102445661161,16.287730870550934,9.33906181332911,1
199.70109001765795,56.3572652644055,50.06270433973792,0.8587685837519331,13.46133720653342,-21.517496663713917,0
251.62917508702836,45.00752385505345,50.49904208630183,0.8552367628813008,9.055312243421367,-24.357355441400788,1
222.3143863898496,31.267598881808482,50.021602024342755,0.9738698687626164,5.865331144481732,-9.298222619296478,0
230.83795909766746,45.496318087433316,49.48110226349091,0.8290101281602853,14.971146480572106,21.29465342392613,1
225.3552542901791,54.068476351397834,50.73837183539415,0.8990920266344721,8.797388484764802,27.70417621839985,1
247.19041362520122,60.15392328675223,49.68893625982181,0.9905649433872272,14.619131761353607,-15.518348709175724,0
180.0,37.24449562170698,49.412272390150186,0.9250026498232091,6.682180359816505,15.7257402349032,1
229.75084486511136,60.270604268730175,50.64927066488454,0.9434410959788877,13.059362741373718,4.432153014432345,1
228.41271863753454,43.521277103534786,50.3070181319786,0.8862473982781215,5.332596413524284,-28.091557975323436,0
223.19545418612475,53.624498815945266,50.91448737812718,0.8039864334239439,10.61591291692859,2.5749809959763894,1
255.89339818453448,44.90106047134367,51.11617301659287,0.9292260736734411,8.736000492640756,18.356424179361312,0
216.69005811716343,51.82170627712102,49.912378318517845,0.9263848562856248,13.27458404781935,-13.432632999358411,1
241.5769426585349,58.918776345702746,49.595602940791785,0.8220855272926667,8.78915673745186,23.841697438227655,1
235.34379183059124,37.729859227114645,49.067865081371764,0.8924319427249263,8.04327070213553,-15.824375587521786,1
248.92278878803273,43.20094103253169,51.12234112771513,0.9830657889331301,6.139352022305915,-25.41161204135674,1
219.99216372833743,51.84962587342087,49.78015899554077,0.841016966394395,5.284302188968631,-20.40364143362616,0
219.0054665131436,74.01583661030352,50.56751842855087,0.892219750926822,12.784064778962483,20.220172123255097,1
246.44104861216098,41.36810287833172,49.62937231624526,0.8922206370401041,7.6995895834942605,-4.9616448576283005,1
236.37981962495166,70.40133885996919,50.769132820456015,0.9621522936295277,18.943067675074175,17.816733817299465,1
206.8259397998486,70.0442330367517,49.64994120409229,0.9649151740658889,13.897508031192142,1.8739836593757069,0
221.91042478305096,49.026888492984085,49.40414043319133,0.9518538839326784,12.940582044731027,-1.1664525123341143,1
235.7957398077209,47.018474738001,49.895746784523126,0.8730908318376548,8.920171860042906,18.414789089547924,1
242.56646332319883,43.07934801335308,49.734112149519184,0.814407385003704,9.722405921321725,-4.590743297257443,0
219.81154020210568,49.31797469667331,50.298149892730606,0.8698965954448028,7.979302573159242,18.121963863982096,1
186.28616015274588,35.93280567440442,49.97430253640374,0.9359582402542679,5.0,-23.960270102193263,0
237.84834778605548,49.23760982679402,50.31385119727596,0.9405493148978152,7.373151892618471,8.178648932355387,1
211.69518965084035,64.96880273850856,49.85448926345735,0.9930000418953437,14.328816499910426,12.155223393119087,0
199.73991802816383,43.889149375232826,49.6674463144906,0.8907282462887417,8.332660376357387,23.94584376850456,0
187.5151111252379,47.59275696010949,49.708219726051965,0.926487116588058,9.822931366887918,-16.540564877028302,1
242.20971290296612,32.98859525732758,51.02246939901551,0.9078381741445064,7.683607193304068,6.253192805571089,1
231.9292617560745,53.740620881310434,50.112585466113465,0.8301237120226476,14.399072601496908,-4.004606178646618,1
226.61515428931622,52.64481684951374,49.008118895273476,0.8922404944264273,10.996585456362336,-7.033700667358257,1
250.83536544444144,50.63702359765771,49.73989549327296,0.9089670309377988,13.52894936437169,-23.59718668728255,1
239.55987024534608,47.83172949777857,50.04843301623794,0.9901499212084517,10.69747699857804,-21.946000164303463,1
254.24450064082873,47.07242081227545,50.92269984062519,0.8733078108817912,8.634724082222322,20.219307686858777,0
209.10896791749505,55.01900233700672,50.51434935794495,0.9960198206215956,12.89456530333013,14.98520593953372,1
229.48174064069056,49.71183398411377,49.53914108175904,0.9084600148048169,10.185377893369724,-7.059532182533971,1
205.7492993757798,53.14971871555332,51.20917787678623,0.8484938486606115,10.94280532728192,19.709194883377847,0
226.559265022168,52.149828174545476,49.98441981759926,0.8383328774031615,10.610798449121287,-25.154028910585293,0
226.27076219349985,61.23427287095762,50.62316490553747,0.8283389834520464,9.891045332873357,7.486435021990118,1
239.39920455894605,56.76994097375054,49.42249575130005,0.8905865741146907,14.252351749344617,22.0905631628573,1
230.68345821712848,51.9286184315019,48.80091845237455,0.8043852859577847,7.893410378446934,20.33185386187496,0
239.35110707419872,65.1842203065218,49.29578425481582,0.8890090566629731,15.120896524365097,-7.633034403488409,1
240.55160199708342,54.20268529056561,48.37483326190215,0.9976809384311893,15.571527818768502,14.714031183419344,1
262.3239301607471,63.04962688790419,51.05604466362645,0.9340213591444533,14.67898740081419,-4.351911268807346,1
225.27055017070813,56.069426083866375,50.10726645944321,0.9519572242400809,14.335961135192598,20.40828986339696,1
215.8846594900043,31.58080921068457,49.53767799077598,0.8238010781436526,6.411754744361568,1.8457170093013815,1
233.69125422974614,63.048347633193295,50.22631201499006,0.8946201722980182,14.885084688164763,15.89142294630247,0
217.96579959290685,51.35176241342669,50.094667018090085,0.8572446202051428,7.921565891517348,-25.285705062499698,0
252.22941152654803,49.48045229099222,50.310466697806994,0.9788195055978058,12.644684247984886,5.401558296531768,1
225.7517294158215,52.81348347489577,50.60476570056814,0.8362584944027825,7.154325993332889,3.017050648160321,1
221.51635448189015,46.55016838042933,49.85503942348749,0.8917466654273484,12.617956991197403,6.598603304109609,1
222.93026418273323,52.270288603889455,49.560080346949505,0.9176095436691276,6.6645671630582575,11.73849647493541,1
240.7762613520746,44.08123933656908,50.413887607185956,0.9028082183157066,8.87264639532286,25.086538202048516,0
227.63379525152772,62.7427225873437,50.40116638894223,0.9660487055940815,11.934042131321316,17.140924906561864,0
220.37499769804427,48.8641188637895,50.05036790406067,0.8462906342639281,10.462622354632444,-16.821720513905717,1
254.98027876435296,46.17416157277567,51.08877709434039,0.8754782220847382,14.155335255700969,19.55377615752576,1
217.15745239007376,40.75074184280726,49.78108893856918,0.9584168593147905,9.79117465764485,-22.675219343094263,0
230.5334911104949,52.68775789148641,49.550071014182365,0.905614282347361,16.92242359991998,7.331915140504172,0
239.78459227415345,51.87107100125092,50.2090457137533,0.8804234771295915,8.194724383687621,22.965228494756587,0
205.5299733437439,53.88424613677506,49.66253107154325,0.8058885029489663,6.3227080280608465,-23.932676747105763,0
237.20390752108887,39.72748112494871,50.247758262072445,0.9506770848031219,7.172490125595029,20.981559198615635,0
214.17338486779326,33.98818801188427,49.58349587208028,0.994436415593352,7.481355299502268,17.917244053814734,1
242.34174171251004,56.255913025065595,49.79987885853406,0.924057401897702,10.543973910824974,0.226526030344246,1
215.56023482121535,64.84641861876507,50.945420210019584,0.971308244137759,12.073921480521598,-11.466143862275754,1
240.3915354777329,39.73646377610104,49.79720632162616,0.9033751486389853,9.870286099836065,-5.673706315707371,1
249.14847022517515,62.5940966229423,49.79517988671504,0.8463361930846729,11.273551516149592,28.119488142012706,0
242.92154788449207,52.839110587363805,50.58533939435325,0.8028884208470292,8.039289872770958,-17.89814663088922,0
233.76974972357152,49.9293709544917,49.474479024856656,0.9306796535179979,10.065793587200139,4.776257269793717,1
226.5304858560545,46.02451303454222,49.65352838492647,0.8986217696496489,8.760104259399712,-25.005555127278967,0
221.35370635497733,36.15481980575004,50.2882805602545,0.9564196294175203,9.674260948552522,-16.92641614864967,1
280.0,84.32364215180463,52.0,0.9389364834870609,12.370087949385194,15.798983284471234,0
219.50757169748536,42.24393638562397,50.61023819554054,0.9975904736413129,7.809960716734167,-11.844057578368368,0
214.44400889645004,42.201933242623994,49.626389083889755,0.902062516682408,9.326962481968478,29.145964233764076,0
239.98053402549246,59.91926309886955,50.29800433649306,0.8854349579346019,14.334862336217855,0.04902258563040007,1
218.05794795220257,31.170165533282734,49.76694590022791,0.857347937887859,8.6847591339201,0.9923595184645677,1
215.74904753800809,34.76402189331833,49.69717218324468,0.895372258358255,7.653805388616943,-27.821115639855883,0
221.56939892408596,72.44197543886544,49.95531943390121,0.9745742956245844,10.376336487927214,27.39160497463596,0
222.75635240809223,52.93284429004852,49.725222802070206,0.8084879451583483,10.6830611088204,-19.545993546934923,1
228.7592746415526,54.847346479689236,50.13910229801049,0.9955800094572378,11.956556674339522,2.3004359286265554,1
233.6463759149105,46.98201506603747,50.07778973461532,0.9986614388615596,10.412948741325733,-6.2595234024761055,1
280.0,26.969023683504993,49.46718117256977,0.9195642757175804,13.366615606967608,-5.064917955323654,0
237.9034688549869,47.72107441234166,50.48304642767816,0.8663088407390803,11.622044100510816,8.5980099621665,0
227.1369167067023,47.69213847897278,50.280140446839475,0.8446097936644048,9.572276189329123,9.725320625548648,1
227.0270648543042,42.03013331186123,49.00685469406479,0.8552980791369758,9.715313817293703,-20.74268310851419,0
237.65236203372774,51.23906816521071,50.13871055561867,0.8100210853009944,5.0,-0.024800812686468277,1
249.08855244392853,56.149612320467746,49.61351328291669,0.8950221916966717,12.423778921897997,17.428646948511414,0
231.894712992248,62.0357805453346,50.54853765320632,0.8114648541728812,9.961783356859724,-3.4028109868662284,0
222.96303718684388,35.10715735559782,49.277300081609624,0.943694842955185,10.38958928169977,-20.051731750405192,0
215.1070099837168,47.54004661644299,49.821761515685225,0.8743858911065708,10.1700764541516,-11.20698341059856,1
208.3219210338166,54.46703610809144,50.18101227549423,0.8398729463494327,9.998238364657784,-17.25722615369579,0
239.99404508065285,55.870575345945355,50.02717014707094,0.9089707115672077,11.324163633115942,-22.450951925109777,0
238.66967785459335,50.065486578045395,50.381479128356986,0.9947518614486027,12.680819569985198,-7.345132353878775,1
238.66045287659992,55.42423969532102,49.24078900699536,0.9390262098036837,10.564667556484293,2.456174591884505,1
228.07010830471916,41.910361070742,50.82595716843369,0.898349370020832,8.387422286645817,-25.634908483402093,0
267.2335560825063,90.9086375598107,48.0,0.9553828598509013,14.575719697272918,6.229402333691006,1
222.73822258122775,59.926281029794296,50.679859106500444,0.9474952943797977,17.18002647299037,29.581466410176454,0
244.3290385581081,36.55072212934827,50.43712008461662,0.9783470922115587,11.676929120584342,27.847495921205017,0
229.41885657515687,39.248969518832446,49.99419494277248,0.8409337895187895,9.69824434782286,19.75040891994953,0
220.87473852980995,39.53078249893094,49.35790089454442,0.9717755152517464,5.504291313881703,-14.019533231855819,0
238.8879546097664,56.77969970896528,49.718223409375646,0.8602052174083398,13.396126031763917,-28.655544211237963,0
236.1445417802599,37.15272233582533,50.79478166643129,0.9881997855650194,9.0452177922558,20.01250217297106,1
235.3545913890039,46.6897566579192,50.69271889082819,0.8562130297893471,11.855544390365585,-26.656786081277208,0
231.21917633084297,54.54704396416774,49.69020000994816,0.9853697086325353,13.072590812813782,-17.662315111753777,0
229.43160377424755,49.33834065453565,48.59084785689891,0.992758142892816,11.224363101541634,2.6671929268070613,1
265.82557989305656,52.588875157127056,49.89365513284744,0.8290982714914029,12.057921542321472,-19.297317651381384,1
247.7638496779426,39.341972886512416,49.85614855593544,0.9948999766525566,6.086539500315759,20.027299877918516,0
240.84240342478267,55.94854373397244,49.875113693979806,0.8171445936858565,9.476038506424748,16.62958177558974,1
231.67698737305082,43.867881075240035,50.2642696009157,0.8437135573225044,9.321482588615103,15.346170344234984,0
245.10735800895003,46.75380325602059,50.43810628966083,0.888833756174561,12.46454597278408,18.967656953854593,0
237.7699216458718,52.37731727905986,50.49514977354976,0.998719473142342,11.336817030684312,-16.817893184123278,1
230.39307129161054,51.030782215308484,50.22285457006768,0.8977126102330759,10.472917862145653,13.733542568984959,1
225.44653512101127,50.23980019015593,49.099614649038685,0.9100818886356972,7.105956492200564,-8.683109844494115,1
228.78623993505968,42.493731780232444,49.82940013365335,0.9388849899047297,12.046443767538312,10.010685574103974,1
182.44361396182916,47.004505888008076,51.152044891774594,0.9936587116545903,10.748774582721683,-22.678696282129515,0
233.15901258946462,50.021835908370356,50.18710836740124,0.9566702800248489,12.461890767230011,12.335194803870891,1
222.6728587983446,36.24914766832915,50.18390978422193,0.8448308008847397,7.632834283098474,28.326463674046778,0
253.89004997424325,45.37467033686621,50.17974296988693,0.860598186132871,13.019341835291195,-27.383978080877025,1
230.2901610621763,53.876798790328465,50.207689811253,0.8195256479217049,8.558075860578834,-24.370265929974913,0
212.16554870697558,37.22563396154658,48.80844390945704,0.928890472832948,5.510051106585798,-22.581793959719167,0
229.25179768807823,61.5658165159424,49.880237841544464,0.8361480613078444,13.924495278763203,-4.166165703521926,1
214.30818372406245,62.69613262599843,49.98105358410265,0.8514809776958732,13.429375778764514,-12.553188904016778,1
237.101111235687,37.548494240399144,50.64074769962671,0.9776227310360754,6.31657841758558,18.415209212441624,0
234.36421046509227,63.57619633050139,50.02383644731115,0.865351135066403,11.830999218715274,-1.5727656479423082,0
244.367594466624,48.56418411287866,49.17674430669903,0.9133293436708334,14.217133983444334,-0.9277594386868557,1
218.1367731245815,54.185145591570546,50.21504457808587,0.8795132017578354,11.218980885159949,13.022286079521223,1
230.5101214434222,45.033489478717534,49.59808767587863,0.8148062574811827,10.032562087829481,-8.281861047855259,0
242.48601788339633,64.64460018118203,48.47384099080056,0.8725727659793411,8.51074462866575,-8.807565154772192,1
240.5224217288707,54.06094018848667,49.58292047664171,0.8816136406071862,12.776795069766148,15.415583257648827,0
237.78306770660183,41.858467434023964,50.27125211483226,0.9791402203823036,6.906529420090455,16.802504750205884,1
237.43707531541355,38.347980000347114,50.62938061988003,0.8648901307292679,5.0,-29.13607364803083,1
187.51583104375334,59.31591966103165,48.0,0.8758482239524136,8.58494782623632,-21.37257144955602,1
236.22159336183185,51.87941776432756,50.31601161180851,0.9565793537344669,14.591807364708231,-17.214109131091213,1
254.06508662462895,55.72471411779736,50.236522636419004,0.9517913302423195,12.967608075908277,-8.903971874527421,1
225.7235861443698,56.50965678779441,50.05066358843023,0.9596570553296981,11.147864070806841,-12.513114994082816,0
180.33662848492875,76.28526643960078,48.0,0.9907541480152008,14.64711394670248,10.111202903296586,1
213.70810551227885,38.43003544335636,48.79061226646529,0.9591114996789568,7.487433843982123,19.688114028177488,0
216.976085576025,43.17925201976217,50.055544175652415,0.8815216406435782,8.127319870364287,-18.47478105863855,0
231.46719939639962,61.52348638961926,49.477537482688874,0.9643017033796184,17.120215915279868,3.778803636116905,0
246.5590032005286,45.153714353999185,50.58145128627207,0.9017349264179877,9.331894726563437,-7.931024935137842,1
226.15578763622642,51.43417630681476,49.92642234739157,0.8555428065037131,8.64373561998362,0.3466725027637132,1
226.46125206031815,39.24349516425113,50.01547404413392,0.8605834136262025,9.279134024729304,7.245470507003631,1
223.89672133243437,53.36583045459035,49.2474640628731,0.8447684777126797,8.669948489484112,23.615989120920666,0
221.97864993733515,45.42315438320922,50.508415444506426,0.8289985915639507,8.069565255330982,-18.462439930363157,1
234.42457183563232,60.467127137757636,50.31366406013691,0.8368980823707302,9.224696702106813,-24.77960477663638,1
207.54113532232034,57.73557706206813,50.278473941170255,0.8126356099907639,10.108206234155503,7.632715142721146,1
249.2140936500009,45.042940534251,49.593488573915586,0.9776901729864773,11.111095279562887,-6.352149073642408,0
220.01866552805808,48.73335972652337,49.613180077530934,0.9862015619298247,12.510339037497463,-20.225838402420685,1
190.98755786874415,61.97381285073764,50.912589563369124,0.9173540784987791,11.543211951526947,-22.974769958709317,0
210.95002103909187,35.8056680345499,49.65275079487598,0.968097911321737,8.415279380964023,3.5345872124417923,0
240.03260195819328,41.42557570452783,50.21744648133867,0.8367142205306295,9.108369802596975,-11.971764328308264,0
240.07916911721748,51.982173277208204,48.919543698616636,0.9803347650453971,12.087909815598277,29.845582775158675,0
235.76303108008844,53.25259498229582,49.756227721796705,0.9012723119261017,12.53457969089534,-5.6459508401571625,1
215.08357217300312,51.48547903592639,50.898376732713245,0.8134329985211111,6.783032986615696,-17.26280347408904,0
233.74322284397115,46.98266946041364,50.219742913997884,0.8282625488988321,5.0,7.730942707036668,1
212.25415722898416,59.330666057209854,50.0833968322655,0.8617952921573635,13.176579029407192,-15.344706618569585,1
226.20855117355723,50.635419045609375,50.99261326783568,0.8087115160709504,10.611435889357956,-0.35483740613033277,1
245.4411965143299,57.03253828095947,48.83202319059928,0.8618586756034887,11.81044073730868,-1.0454289767395544,1
241.95052890606112,32.26224867797481,49.59234444260595,0.8119860866237784,8.487373533555845,-2.786542217055768,1
230.2277441381065,20.0,49.799413414126306,0.8472055210385651,5.0,17.765141776174495,1
215.37790136115737,52.8378802783808,50.4291756165027,0.8531339511712883,8.297774652154715,-17.003219912028968,0
239.6838156826129,35.752343462785106,50.437828181614115,0.9988737952733588,6.871331914390442,24.258438304228207,1
230.29071856547037,47.87548297286944,49.56699664550869,0.847109334752733,10.474861027467016,17.480430192812058,0
195.19526602654366,46.97902958975394,50.498977161071274,0.8478372897877161,5.0,-10.012658145400575,1
241.73944739474777,65.87400602415536,49.79834261633915,0.937357793671677,13.392886444272023,-19.163849623191687,0
229.63650749195463,53.99996552943607,50.605819812824585,0.9718714957032903,12.630989857660591,-13.227898529595524,1
248.03676871974608,51.658590267986725,49.48367865093897,0.8774110825204173,8.83416768342443,-10.041825185455298,1
213.57094221735792,58.36991154633674,49.93834420046692,0.9751236039881385,10.835384131398785,3.4159901284227985,1
195.42944063306322,24.99966768916241,48.0,0.8680284041495514,5.0,-27.217909871180993,0
234.18625787517777,45.42323007011567,50.528015185782856,0.8394031759230038,10.140761452317605,24.861547791123186,0
234.3734551502296,60.7147593025456,49.73860939171691,0.8659277648655448,10.946419288120085,-24.07950860033334,1
204.63992558590323,38.902498721117254,49.978775735494125,0.9218712747855985,5.140458814524175,-13.243596353997912,0
215.3225068120009,53.23247187533562,50.25340569883152,0.8734286318624148,7.421323918900473,-23.442753722822005,0
271.32826615579853,34.52430205863689,50.27262924151306,0.9345787607978577,7.918163833128035,-14.599630408460392,1
225.41584078769296,52.03943857515995,50.44347630373659,0.8473871758844965,6.77997578733013,20.260429116528506,0
240.96438464564324,51.929896417729296,50.105562388422335,0.9401985787978298,15.649704424447938,6.910548682994538,1
180.0,91.30025813032019,49.32637781116476,0.8694876726496934,8.01565857981458,-16.36060649463116,1
198.64545651720266,34.3502610655822,49.825150627320625,0.891173674320387,5.179706023351387,22.305511787960256,0
227.44612629806142,43.99112824146187,50.01283615760381,0.9115490280885792,9.334419488266315,18.042723553109084,0
226.01593159570842,58.22682426574144,50.12479623803719,0.9372450006371987,10.783564211318907,15.218956939294834,1
224.00182641997444,53.353172563973075,49.92641417607578,0.8477427383697468,10.5558133557933,20.857961903142773,0
228.28038746740413,51.803050513375034,50.00960171048278,0.9671891074821621,9.83840813197629,7.1789808910989095,1
233.96402407468454,40.438642970414605,49.241373069713944,0.9443685499510479,11.995036977365851,0.0862416126739376,1
227.7482457311929,44.09181651908571,50.333677642227336,0.8468195838047999,6.265867544556917,-7.563898429716637,1
211.03990748078954,62.450410082232565,50.09055614444471,0.9949949125205821,8.411116188784295,-16.574158775538095,1
237.29277187342907,49.48490806246072,50.50093520677054,0.9329593982060918,8.358192999182162,3.4446994588136874,1
200.75942367016364,53.753596961444735,50.000080253703544,0.8904853772933411,10.382699138758271,23.369540742845295,0
199.24463814073698,48.84811671223521,49.13080121073911,0.8315054651107033,7.856965550025175,5.6389073395395,1
241.08770742052351,38.16914484750235,49.82077690534666,0.9066442004616263,9.847306953211833,25.17641170323821,0
237.60530408203036,59.338104260749965,49.90003503844079,0.8329551773654237,12.747364516268568,-8.584957824410186,1
229.13906952388945,55.03232384532496,50.3714516527168,0.8858983357395688,9.898666463559689,11.70827835164986,0
209.06827242867394,73.05636837367189,48.9648632277433,0.8817425045479038,12.489364102578064,8.919928347758471,0
219.38133588988887,39.84418620349455,50.020589758474465,0.943987928869492,7.480807766236279,10.22603064376451,0
226.05879878470245,58.22572921200481,50.25683760789666,0.83847663624485,14.805089244783712,8.702520734447553,0
206.06159047138829,36.884560339629985,49.66925605735924,0.9643742709741692,8.711362758002986,-16.700719503772994,1
218.9145701296515,51.57346567673078,50.037314004908424,0.8652264654032332,13.551938988659188,-21.38454610301106,1
239.7849550726502,59.76506589063165,49.68648174542508,0.888797725393755,14.418708870625945,28.71769537392352,0
251.40958046433823,29.27864883903513,49.6352135333898,0.9544681951107685,6.8986094743244895,-27.28229226944993,0
223.70847871012174,47.950675257583924,49.79579007493434,0.925078479942703,7.884568547097258,-1.9358107783037823,1
241.34732531474148,44.3679026595738,49.6446540037665,0.8616050703603875,9.629170743086823,-4.495180971488285,1
201.289098941188,42.98042701704878,50.341809155968164,0.8772405849091762,7.467701054772418,-8.398862507095426,1
239.89176861670418,53.852126522593544,49.63252406158231,0.8611573627979221,10.937723443861126,16.91903121460257,1
204.7906384146613,90.8130490774646,48.72052880623752,0.9189540334554315,11.840161413110106,14.721017298750958,0
234.61018425061954,48.66721284770845,50.88396433341977,0.8665249066413679,5.7889032639369455,24.313495411796417,0
226.28371372640436,52.0548642756002,50.480370005912015,0.9451395389566282,13.654637051370166,-6.270748428784671,1
249.8062101467575,51.143087530592474,49.0692433196704,0.9159574317167453,11.601237733139591,3.8507716757675823,1
216.88346527490123,50.01803506356414,49.61761585507373,0.8291413223495019,6.166089119785961,23.53842284052724,1
239.41409446342746,39.10657362287894,50.12123148586136,0.8620537237359766,9.034645569188479,29.630883771323063,0
225.807388050552,61.08444601722893,50.161877533615744,0.8442894883820312,9.933882078028237,28.157661741921295,0
227.62541782985505,52.95195368158836,49.25475356713155,0.8780626425102971,11.707755180023424,13.070632276124051,0
227.24219160261185,53.94881490002577,50.57928274641116,0.9031968172418726,12.836006371374696,-21.406346531389225,0
217.3149034325883,41.93490370974418,50.41261220959081,0.901352571456822,10.253370667746053,-28.608839292418406,0
229.78851551139994,45.4077960201076,50.24095081602017,0.9509047353126578,9.600087264978356,19.513101384176508,1
229.0602766681727,48.23865802289222,50.67836424535606,0.8378343727203419,8.430146011007709,20.456521469509525,1
233.61860372610093,34.65875306551148,50.226144996285456,0.9892945658594894,6.759171632041413,14.781654495808176,1
231.26757718539295,33.11965674802322,50.224290439625925,0.8685690213764338,5.207694651137876,-13.20459084004679,1
241.96991824418353,43.992520693614324,50.77883963591112,0.8600497693832277,9.120654966632054,8.3890715759116,0
243.85262924071054,55.2252076644239,50.55060979036386,0.9370357156360439,12.20019777868174,-11.025093491083545,0
214.24065017258297,43.46862610070059,49.57924627054423,0.9611033257366125,7.299904210694192,-2.9611052339445187,1
243.03158750886158,39.811948024092864,50.316597589335956,0.8756943529627307,6.185264560643223,-7.053894901169372,1
212.20495359335217,41.8531434676233,49.667866067520706,0.9493693949787955,8.214259280988044,24.818405207403337,0
238.81783832206602,45.44657576854687,50.25207727547514,0.976747191227211,9.732684481530994,-15.950560155367466,1
239.29608177054303,46.46141037179896,50.23830675350991,0.9533607330413915,8.316762578555002,4.656654274425009,1
201.33024662506244,71.65521452206556,49.308266343772004,0.8068392971141667,13.300897812276725,-8.34110825796845,1
231.39468869794115,60.54620628487318,49.939077194344485,0.9654737822732377,17.07054131042635,9.784266714853544,1
222.97255829959528,60.24774112281728,50.1326285117902,0.9548961916908735,14.752863195676362,3.873788470648499,1
218.61852113096938,61.685803642733816,49.78185490450292,0.9338580476306372,11.153315317494657,25.43866088195643,1
250.26278496048508,40.011791306659504,50.15735497119538,0.9520044838175807,9.43240166148508,-23.903270897927207,1
220.19481289043873,37.776353850127606,50.40294888850053,0.9958850791663878,11.364786512860098,-16.761549614594195,1
217.90434606322924,38.931297084659434,49.98470346788462,0.88622257756367,5.170691672137714,15.980877829863353,0
231.1354241000764,63.34506133337838,50.11229973835413,0.8134446469909196,13.47506728960784,-7.8727896063093965,1
240.28384619447624,44.52808211117509,50.69171203927799,0.8921779939255433,6.649583927487692,-20.052972826276566,0
227.8752712098481,37.48643817760713,50.236598291612616,0.8092867310782096,10.281190481859186,0.19927555472326475,1
247.4955581850388,45.690037997801866,50.100412144837236,0.8588500816176923,8.851317633436087,9.128523696683175,1
237.96463492946137,47.61394468285373,49.52096031017932,0.9173759583593518,14.852356082781721,-27.310397150790084,0
197.32683020402854,52.68413273694562,50.33551300569442,0.8619245785852313,12.416689409545747,-12.502686637953317,0
222.05799554739488,52.50951020712043,50.16507497469597,0.9370790491819078,10.713627425667296,18.56535226176257,1
221.57236850972453,41.71819436126492,50.64186971685071,0.9643972655371442,7.475690982884342,1.2146739966116549,1
237.19041430144134,56.85656392513711,50.023439271651654,0.8840878358559074,12.312210929967192,-27.8772470896008,0
190.62774415438832,43.60806466249842,49.091866749933004,0.9800275902586008,7.786560275640306,-13.08293968351795,1
262.2398250781578,61.94691399570645,48.5774001866083,0.81596778627008,9.798384019020858,8.348439358765283,1
237.96539142341314,56.86774070503355,50.367840381879866,0.9680226328400899,9.783592213576926,-18.038431825318515,1
232.23315205876537,43.58178596055659,49.714903201150925,0.9657146290878598,8.74502147310139,19.64348437316486,0
247.7235157462872,44.30648576418862,50.21838387555525,0.864398779265353,7.2664739395901154,10.594554425019851,1
265.1548107921894,55.916680496931306,50.057116322251176,0.8597430374249231,13.850341617557156,-1.7172563431324122,1
243.06119966882605,41.42266823394981,49.91658016615304,0.8610189962307025,10.651091488912071,24.937426864007094,1
244.2321964470743,46.15207976395929,49.951819357205885,0.9622787424688822,12.328004450366135,-6.491953744520298,1
231.96035036696574,55.557421780428925,49.567305247477385,0.966330697522039,13.13796889251839,-15.895595366154884,1
227.87711369949577,70.54092441435975,49.99211115555016,0.8659444917655336,12.213951100901497,9.68417955160205,1
264.82691732989196,20.394935902685674,50.490621973591324,0.9185180694888924,11.885275065757876,4.397711248208914,1
235.8910294677503,39.87112008168215,48.0,0.8277866458880909,11.443574778843024,-9.885125944126493,0
219.69478850450753,55.30801583672729,49.83817547764542,0.8937557476562045,9.68745023020449,-9.38012632056137,0
209.74166053485524,39.26809725932951,49.88665336505064,0.9997585701711076,8.472140314290227,-6.107381481953894,0
228.86192823972465,51.15596738679908,50.46108672825354,0.8317678295412494,9.447126226690589,-12.531685951237844,0
204.7299863416042,49.702335116635986,49.93510458539765,0.9895125279920118,13.393575845019376,12.614484381655352,1
232.86374786215566,53.21584540372756,50.51185116829505,0.9648509443930016,13.659568931447378,9.081504303072322,1
229.45504087936487,51.16508052475871,50.76892747566324,0.994442930189254,12.893164391396754,-3.5533408472164396,1
232.20402947580033,53.79699677417113,50.42747232552807,0.8359157521221067,7.0087713167517665,-6.128719453245772,1
222.1680264497001,46.88532805100798,50.267234267534256,0.8427036980886728,9.12363098468274,-8.096923838417695,0
276.1529055527076,50.58608917371793,50.16341610474176,0.8033734363469718,10.91269475073568,-12.991900716464787,1
250.4017385027047,37.72171433943008,50.432679354525035,0.9449403625831211,8.598198261849605,-24.858200210576438,1
211.33186249872915,46.80092721997086,50.04468036929812,0.9288189386872372,6.059681953516542,-13.907718868649969,0
233.49302131140348,63.908335481766436,50.4922849229786,0.8356130876649465,10.293606874459991,-10.727919078416097,0
220.87990785594013,53.18808339628256,50.30705290264484,0.9582289931084144,11.121410719508146,2.861040375920595,1
214.78280409938878,49.79078962616923,49.820079769609805,0.8598391012263451,11.42400752808355,16.42731054468298,1
209.89891893314098,68.96123276254346,50.4479254400514,0.8269991138661271,10.789670579295244,-6.257871309958102,0
236.4832503613888,36.391650216989206,50.045740002988786,0.8845125330038697,6.812251317610826,26.68541435112551,0
219.77929647395638,38.9054444455378,49.94693399619384,0.8181939696853713,10.558242519102363,19.64099780646974,1
244.51739036037807,67.12711411276273,49.761900419800504,0.8526487312546494,13.401515576212052,29.08811087302471,0
244.90673321795657,50.45960936048934,50.083009423937284,0.8742666716854692,10.546519382657081,22.572182462488904,0
250.60871577817176,47.57416963710206,50.49823130770649,0.97037283490283,11.338782070864028,7.003556958562754,1
217.21419850888844,38.00795674904357,50.44447000279652,0.9585097482586443,5.222319533448765,5.908757269003132,1
237.13048416038015,54.47696266395012,50.17669689872948,0.8885508571501237,12.622028197810918,-22.228432394746978,1
239.4868132496345,55.44459869527462,50.29982182036252,0.9449150115504775,11.241065754427085,13.34395493349406,1
222.88732737344054,39.055056391651036,50.63584839576128,0.913729927235801,7.893765521241885,6.012411455560283,1
218.42342063910687,48.59724414449572,49.92501685441457,0.8681683710156136,10.104158977619202,0.4159262037590814,1
201.14115025795905,39.66198933704455,48.0,0.945174868699057,15.089644473900115,11.597212353437314,1
233.4124381359808,52.55977146418771,50.65056492608929,0.9366998308932756,8.855991232757429,-3.357129429720377,1
239.53951626067607,38.80749757779356,49.73511087398464,0.9238188884387204,10.317719347976576,1.4315797444971707,1
217.66885982258108,62.51947454513157,49.65483093832805,0.9235911042086501,14.306175529128556,-6.09886171180462,1
211.7107330021671,59.158237815976044,49.10190112233273,0.9365963984653953,10.453910129698125,13.042253602241388,1
221.45825338261835,46.36824441267184,50.28564152658215,0.8769091025285076,10.203663181945766,22.59665823287329,0
228.13967918915006,47.835812883616285,49.18927368772389,0.9738151630135405,13.914357713784788,20.450696347956153,0
214.03669989773977,48.63577849722384,49.62487059615413,0.8324615690992923,7.135850592802978,17.161516322968126,0
229.85232787024427,42.21691446993496,50.29411839725753,0.9767770926478309,9.961248554876224,-29.172737727326947,0
204.6724221789725,45.56570581764964,50.36096062620419,0.8684563686063989,8.908864493396996,24.712827832647562,0
213.19928866295191,47.29729632325391,49.674147925890885,0.8250063231217245,9.387515164419188,-13.507456756596362,0
240.06366872415313,66.12868370707127,49.9329233365038,0.920005480535826,16.143757390584895,23.27843657780256,1
239.0568578041684,59.466183083304365,49.56370273679693,0.875197333814081,12.774238928630632,-18.18191381463741,1
224.12184851919702,59.34654707336624,49.72580160609441,0.9630999454207039,13.836927826009628,-3.621254914515763,0
214.7335353638457,53.699256130043906,50.13310763007645,0.8861570937057535,8.395357720240309,14.963927659614825,1
214.58894672710983,38.826729910687654,49.74917666060177,0.933712505112422,8.107500770440797,8.416736716630353,0
280.0,34.617535075476994,49.419868334676224,0.8616515979009651,8.634865143043957,-5.044683718234207,0
239.66777737467936,59.7048845961338,49.267646659191215,0.8418904750050681,9.587236704846077,10.7174314044167,0
243.92368537016486,37.41735370632712,50.566478082403066,0.8776098061897648,6.991637008166338,2.936970602798368,1
222.55202396777045,56.36553206873264,50.25503329658553,0.9213615669204867,12.096714822674292,-13.455821601868063,0
212.69761361022825,73.22609225262767,50.396452685918604,0.9313893478422703,15.37799768713653,8.779766729828388,0
234.017654567995,60.61816645989732,50.64521266230843,0.9156413330596037,10.452114372424404,-17.745174819328597,0
217.64697544061227,64.14029135561988,49.58739356222714,0.9976111437248218,12.05123869271328,11.639297055549932,1
222.22621041708197,52.18338750442161,49.82080275848599,0.9382180372990331,12.329373464331823,-29.813347342605432,0
249.87914135655558,59.6793194876499,49.0525828162089,0.9863039255193835,15.724668980905413,2.92635082570618,1
242.40673142848652,42.82146785645965,51.570211455051115,0.823586638979035,10.323209284875364,-5.935942346631538,1
232.36961468377177,57.958638123412264,49.92520734234131,0.8122745859626959,13.675233973999655,-11.81377357188316,0
210.92121498330914,56.54388134060763,50.51936394995746,0.8621989404023908,11.358621022153145,0.9424780340782526,0
233.17094851205988,52.89911174037663,49.38091942783227,0.8273177876752849,9.374965830776336,8.718697952153285,1
245.9398593618129,63.16007419718498,50.4981942128215,0.9051737056456536,14.290286874296578,27.918735972807895,1
224.36549501351698,44.61215162152612,50.92879543832483,0.9037962507046557,12.3662772319508,19.983869393285858,0
250.26671134980072,48.12942483526337,49.96985962548601,0.91500943328879,16.550363099854764,13.028992985028644,1
249.3911793427731,50.954620413582965,49.4945592517052,0.9490455761662145,12.986315497806505,-1.261985299251215,1
254.9559924821521,39.70389028910599,49.93060179952723,0.994265940042464,11.135808606329492,-6.471352820138744,1
237.67727559626763,24.76613645709485,48.0,0.9756517382878294,13.414142442996207,-28.048220724840167,0
238.8108754970902,32.81069587046153,49.98105664948908,0.8236734479151163,6.501521005472135,-8.454185816457109,1
251.21280932496634,60.469545344282096,50.4104835696565,0.8677027377541315,15.508740924265469,20.902628320356996,1
236.71090905603464,50.46637366565966,49.98212117781324,0.8511646050096084,12.18405289750261,-6.9585250814226,0
222.4814883831468,44.791070960962365,49.85793022265552,0.8353634715559586,9.033303706894607,-2.3049000562712116,1
223.2718574520821,41.65626387704879,50.26378405805602,0.9089449753311569,7.817758733625959,-13.689934558505716,0
233.57832430660608,47.65420970380812,50.30201242347478,0.9106528804065461,7.09507573919689,-13.552034471197995,1
210.64157867080672,56.88259710772414,49.170047218747406,0.8454489655776123,11.594861374317226,-26.287694346495098,1
227.8511162695371,55.47738978737561,50.04441148113939,0.9423794500613372,12.337944350987055,6.82823553718805,1
246.44820677345382,42.94462052721539,51.217992562114624,0.946582859833901,8.542742293083634,-3.115835817279219,1
197.1311922325208,41.53960327372366,49.33249187717599,0.8041959989667867,5.0,6.35764844944768,0
253.01723152691773,56.568987063196474,49.957290583583465,0.8791515407444633,13.906098839479935,2.8132140017311684,0
246.8356132805474,42.776525953849706,50.97087306102585,0.9780281282403243,7.124301433824151,17.930675237830485,1
223.10353076254285,50.59909774079504,50.55208757827184,0.9040637216487677,10.805110691087641,15.060714738688361,1
238.15086241807714,51.23754642524277,49.74330165961197,0.8695255602877989,12.29728288517184,16.287231188272763,1
230.0472159035949,53.120621317267386,50.103067689811304,0.8507352303190261,11.495983856845317,-0.04565958349946797,1
248.44985552658025,58.582704301818715,49.99894416000759,0.8486709039836565,11.570810396085633,-8.767118918764169,1
244.7402471415491,37.37037063132677,49.625964097839166,0.8199536067701613,5.0005743871519766,26.00619543197717,1
208.99893915225488,30.888406747395123,49.96287394625346,0.9634452838186185,7.393698478853739,-26.74381357700676,1
238.80893620196264,44.32552718771648,49.86001693359673,0.8173314810788342,11.052771260510848,-20.842721528986182,0
226.91558219535128,68.01528407832186,50.056374469038374,0.8584589531723632,12.103755088213084,-4.8240544694016165,1
231.2424885577715,70.22174100087378,49.62580840965448,0.8091351477132707,14.152755326139832,6.837459154080669,1
219.07742148545276,68.31177135565888,49.36169089987767,0.9562773139447401,17.474262187578287,-29.5079775115967,0
256.22205603681255,48.070186322393106,49.979359613303814,0.8078567364453582,10.627776381638583,13.159369158668518,1
278.6804476536994,61.1941819806192,48.391393452529286,0.8616602207736417,6.016074163000304,3.5235925673948856,1
218.9034325404055,26.569608983481594,50.0411014631314,0.9146594740173328,7.4015299462731186,-0.917834479384485,1
209.9808408963465,43.859618384505886,49.834203110534226,0.8819122720586888,6.647007468355717,-4.590297670327907,0
224.21491053533228,48.0192636985064,50.37704290251925,0.8564542134498201,6.6247458067792255,1.169221904437471,1
236.5175396913696,63.00625401055959,49.92084019370231,0.8550378144855084,14.366487874042091,-20.292855931095144,0
233.60308765919333,58.678054595424456,50.934016462479555,0.9595580612012499,12.34069739438293,-23.477295643381048,1
248.79699237152366,52.2740507899162,49.99804374535246,0.994795619017449,12.304898351775625,-12.621751274889693,1
241.8487958327128,41.101552290588586,50.35024853157908,0.8696082140897587,7.390338243194114,12.570287519119482,1
244.5435353862936,40.3922044175511,49.622697808803366,0.8078291027218033,7.033820340983242,5.29727303012978,1
234.90283100915656,52.541276870714356,50.251544626668334,0.8073131555818217,12.770002259080442,-1.1926189428592409,1
209.16051904683513,56.970509788397266,50.137546738471876,0.9518426830421436,14.667137236238156,4.291257953757622,0
227.06452203279648,53.918812622455846,49.971746937670396,0.9104739643218254,14.736935010094479,3.55548078236059,1
245.90134609862997,39.65402040393345,49.74912111941514,0.9567185314834661,11.509181634066465,-11.577484470604478,1
229.2271560721303,56.50667628792086,49.68098491717381,0.939499402057715,13.101751164423137,-24.152643165316448,0
237.5463555293562,54.259109671014116,50.141176331989826,0.9815012698530793,9.786051445458007,23.806942119783038,0
225.218775271308,39.29333593809822,50.31446955484824,0.9771648582093247,8.272465788300952,5.994675757434877,1
214.55282227187232,42.15679029699744,49.936418601852935,0.9576654791242355,12.975457569341826,11.8648799808511,0
228.14983903930835,56.88495974561567,50.143633964560394,0.8950378320084288,10.744821334137367,-2.1601665379826933,1
234.6357116454898,47.65492464854109,49.98104266093362,0.8616252815207706,12.66259266767206,15.388834798593756,1
220.16468420807834,65.89147301636457,50.04926301245269,0.901405357488928,13.186736938296733,5.0698358387200315,1
226.46433132714998,55.011292760645766,49.89977750866139,0.9004143214639647,5.861162952147099,-26.771932674168585,0
215.90805137021027,45.13368811810731,50.00898628968415,0.9220551097778675,10.266146130877454,23.40582212362147,0
246.78867376346145,49.897943996090675,51.34902022840871,0.8372195135565809,12.842237629085657,-11.667831192726787,1
225.58316363617948,50.63383392637718,50.15581714940371,0.9311239760889978,10.537436888514504,-21.72655335471987,1
251.79133317689275,42.7160968675829,50.32264847921552,0.8913201848411632,12.052734564547164,-24.717539537741054,0
252.93121775811363,40.87411801822373,50.21901180266405,0.9240409663881719,6.2173950669412354,13.226418830526647,1
228.78431052917384,57.013898938095,49.86859158835147,0.8479209645839092,8.289055497422641,12.238102008261592,0
214.87326901178974,58.45273297042095,50.64699460664583,0.8868789787754711,11.5488663449015,12.009727488796237,0
198.71153183399994,56.03781469552959,49.85441811478683,0.842040242890504,10.330650693679729,24.945166360893957,0
207.91944390459813,65.15318094323801,50.527527274471275,0.9750610313513604,15.921932326866843,-9.063418680140913,1
209.3924776265201,44.58226763988398,49.832896500966775,0.8975922090083075,9.657044074939025,3.667983381535393,1
250.67704441192257,66.7427076607113,49.52001374042798,0.8449962831147625,11.750260299674425,7.169734979660966,1
231.7373688084042,40.99078881445847,50.182698104118096,0.8082417391483093,8.103658364455873,28.768909713987753,0
235.8440678613798,39.873144366315074,49.447665821948945,0.9351477329307084,9.995438817094307,-11.25923137688449,1
196.69368486597313,32.4004111785075,50.2678201125083,0.8429289427979512,5.0,27.379871994236424,0
235.64416427906772,71.06340080047752,48.367059547312365,0.9979164384637557,9.548916688066804,-21.075940015057117,0
243.3061966466943,44.96277663170547,49.84049598476357,0.9067400746830343,9.24831941222239,15.84008736167052,0
234.3016116857388,55.25937280254651,49.28413515173763,0.8577953992496065,9.796799785904525,7.973154001224771,1
227.79192081971604,52.43890941620451,51.412083504701364,0.931535486758526,12.124894446858477,19.013762236319245,0
238.47263537900184,38.07026628980863,49.173020220191844,0.8550439846876171,5.463339077016498,-28.27886558160917,0
254.53696709203723,46.07273761574182,50.004906870198205,0.9640548587819493,12.139437526730248,-25.31213742365665,0
280.0,36.684238963864146,49.149442410985415,0.8616472101859884,10.159532849598625,-25.81825322585125,0
231.04054703987103,32.240177530381075,50.51819295429351,0.9976495464791819,9.598806843227994,5.577567329837265,0
232.8889537809696,40.190532729866305,50.42567106108657,0.9210289570890587,6.373929071702866,6.176164054532279,1
265.8816445291099,42.291863693859106,49.84138580588926,0.9688822297885327,7.884254011587604,24.366293361298574,1
198.5096560337146,64.33625019820946,50.6755444731685,0.8145630939156845,10.96089134811218,-1.9437891288933038,1
240.24834522183212,51.914507159573525,50.45669554540109,0.8696598834772377,10.274181232782333,-25.917056699702165,0
228.27796626861405,56.621687539475,50.10614980883024,0.94749741723323,18.052162926580056,-17.428235902649075,0
238.5015758927627,35.01364502850788,50.120290378863295,0.9310118034681165,8.691699181372295,-29.515614310929426,0
220.13941169007913,61.94214483013992,49.84803867619232,0.8388486242867516,11.554785521142108,16.6028715077043,0
229.26552453712324,63.01102063024093,49.54517398708348,0.871240586101942,12.240507497326815,18.935966212846473,1
240.67115869198244,30.01655032855374,50.618575487739356,0.8526886814975082,5.0,29.87642497704816,0
276.6936530156576,42.94683276084152,50.656103996800766,0.9226740339523686,12.092005720351349,-5.268333056814342,1
242.12054284103107,54.9576557301551,49.55794542948504,0.868913645891755,11.403802881292485,-28.84209747590445,0
217.27901602954236,56.44388453538182,49.923107417426905,0.8618108484000699,10.412682663494522,-15.916207110577666,1
